==================== IDS EXPERIMENT CLI ====================
(1) Load & split dataset (persist)
(2) Load existing split (validate)
(3) Visualize features (EPS)
(4) Train model (save ckpt + curves + history CSV)
(5) Evaluate & plot performance (EPS + CSV/JSON)
(6) XAI (SHAP/LIME/ANOVA)
(7) Ablation (user-selected feature subset)
(8) Evaluate (explicit)
(9) Inference (load_model → predict live CSV)
(q) Quit
============================================================

Select option: 4

[4] Train a model
Available splits: ['Apose-IoT-23_binary', 'Apose-IoT-23_multiclass', 'BoT-IoT_binary', 'BoT-IoT_multiclass', 'CIC-IoMT-2024_binary', 'CIC-IoMT-2024_multiclass', 'CIC-IoT-2025_binary', 'CIC-IoT-2025_multiclass']
Split key: Apose-IoT-23_binary
[INFO] Detected classes=2 → binary
Epochs? [default: 50] 20
Batch size? [default: 256] 128
Learning rate? [default: 0.001] 0.001
Early stop patience? [default: 8] 0
Model (fusion/dnn)? [default: fusion] choices=['fusion', 'dnn'] fusion

==================== RUNNING SEED 13 ====================
[TRAIN] Dataset=Apose-IoT-23_binary | Classes=2 | InputDim=16 | Seed=13
[TRAIN] Model=Fusion (CNN+LSTM) | Params=169,858 | Device=cuda | Batch=128 | LR=0.001
[TRAIN] Epochs=20 | EarlyStop=0 | Optim=AdamW | Loss=CrossEntropy
[EPOCH 1/20] train_loss=0.270303 val_loss=0.060016 train_acc=0.885043 val_acc=0.986098 lr=0.0010 time=1.84s best_val=inf patience_left=0
[CHECKPOINT] Saved best model at epoch 1 -> E:\HLC\data\outputs\cnn_lstm_fusion\Apose-IoT-23_binary\checks\best_ep1_fusion_seed13.pt
[EPOCH 2/20] train_loss=0.059223 val_loss=0.048199 train_acc=0.987635 val_acc=0.989342 lr=0.0010 time=0.96s best_val=0.060016 patience_left=0
[CHECKPOINT] Saved best model at epoch 2 -> E:\HLC\data\outputs\cnn_lstm_fusion\Apose-IoT-23_binary\checks\best_ep2_fusion_seed13.pt
[EPOCH 3/20] train_loss=0.049586 val_loss=0.050035 train_acc=0.989125 val_acc=0.990500 lr=0.0010 time=0.94s best_val=0.048199 patience_left=0
[EPOCH 4/20] train_loss=0.046046 val_loss=0.040324 train_acc=0.989522 val_acc=0.990269 lr=0.0010 time=0.92s best_val=0.048199 patience_left=0
[CHECKPOINT] Saved best model at epoch 4 -> E:\HLC\data\outputs\cnn_lstm_fusion\Apose-IoT-23_binary\checks\best_ep4_fusion_seed13.pt
[EPOCH 5/20] train_loss=0.040445 val_loss=0.049157 train_acc=0.990764 val_acc=0.988879 lr=0.0010 time=0.92s best_val=0.040324 patience_left=0
[EPOCH 6/20] train_loss=0.039840 val_loss=0.039881 train_acc=0.991012 val_acc=0.990269 lr=0.0010 time=0.91s best_val=0.040324 patience_left=0
[CHECKPOINT] Saved best model at epoch 6 -> E:\HLC\data\outputs\cnn_lstm_fusion\Apose-IoT-23_binary\checks\best_ep6_fusion_seed13.pt
[EPOCH 7/20] train_loss=0.035949 val_loss=0.032356 train_acc=0.992104 val_acc=0.992354 lr=0.0010 time=0.95s best_val=0.039881 patience_left=0
[CHECKPOINT] Saved best model at epoch 7 -> E:\HLC\data\outputs\cnn_lstm_fusion\Apose-IoT-23_binary\checks\best_ep7_fusion_seed13.pt
[EPOCH 8/20] train_loss=0.035082 val_loss=0.030043 train_acc=0.992353 val_acc=0.993976 lr=0.0010 time=0.98s best_val=0.032356 patience_left=0
[CHECKPOINT] Saved best model at epoch 8 -> E:\HLC\data\outputs\cnn_lstm_fusion\Apose-IoT-23_binary\checks\best_ep8_fusion_seed13.pt
[EPOCH 9/20] train_loss=0.033813 val_loss=0.029178 train_acc=0.992651 val_acc=0.993976 lr=0.0010 time=1.01s best_val=0.030043 patience_left=0
[CHECKPOINT] Saved best model at epoch 9 -> E:\HLC\data\outputs\cnn_lstm_fusion\Apose-IoT-23_binary\checks\best_ep9_fusion_seed13.pt
[EPOCH 10/20] train_loss=0.028575 val_loss=0.028187 train_acc=0.994240 val_acc=0.994208 lr=0.0010 time=1.10s best_val=0.029178 patience_left=0
[CHECKPOINT] Saved best model at epoch 10 -> E:\HLC\data\outputs\cnn_lstm_fusion\Apose-IoT-23_binary\checks\best_ep10_fusion_seed13.pt
[EPOCH 11/20] train_loss=0.030027 val_loss=0.027924 train_acc=0.994140 val_acc=0.994208 lr=0.0010 time=0.99s best_val=0.028187 patience_left=0
[CHECKPOINT] Saved best model at epoch 11 -> E:\HLC\data\outputs\cnn_lstm_fusion\Apose-IoT-23_binary\checks\best_ep11_fusion_seed13.pt
[EPOCH 12/20] train_loss=0.026796 val_loss=0.039699 train_acc=0.994538 val_acc=0.993049 lr=0.0010 time=0.95s best_val=0.027924 patience_left=0
[EPOCH 13/20] train_loss=0.031442 val_loss=0.029924 train_acc=0.993743 val_acc=0.993744 lr=0.0010 time=0.99s best_val=0.027924 patience_left=-1
[EPOCH 14/20] train_loss=0.026777 val_loss=0.030929 train_acc=0.994488 val_acc=0.993744 lr=0.0010 time=0.93s best_val=0.027924 patience_left=-2
[EPOCH 15/20] train_loss=0.026712 val_loss=0.026641 train_acc=0.995084 val_acc=0.994208 lr=0.0010 time=0.96s best_val=0.027924 patience_left=0
[CHECKPOINT] Saved best model at epoch 15 -> E:\HLC\data\outputs\cnn_lstm_fusion\Apose-IoT-23_binary\checks\best_ep15_fusion_seed13.pt
[EPOCH 16/20] train_loss=0.024981 val_loss=0.026386 train_acc=0.994985 val_acc=0.994208 lr=0.0010 time=0.94s best_val=0.026641 patience_left=0
[CHECKPOINT] Saved best model at epoch 16 -> E:\HLC\data\outputs\cnn_lstm_fusion\Apose-IoT-23_binary\checks\best_ep16_fusion_seed13.pt
[EPOCH 17/20] train_loss=0.029306 val_loss=0.027000 train_acc=0.994289 val_acc=0.993744 lr=0.0010 time=0.93s best_val=0.026386 patience_left=0
[EPOCH 18/20] train_loss=0.025842 val_loss=0.027107 train_acc=0.994736 val_acc=0.993976 lr=0.0010 time=0.98s best_val=0.026386 patience_left=-1
[EPOCH 19/20] train_loss=0.025413 val_loss=0.025996 train_acc=0.994736 val_acc=0.993976 lr=0.0010 time=0.97s best_val=0.026386 patience_left=0
[CHECKPOINT] Saved best model at epoch 19 -> E:\HLC\data\outputs\cnn_lstm_fusion\Apose-IoT-23_binary\checks\best_ep19_fusion_seed13.pt
[EPOCH 20/20] train_loss=0.027323 val_loss=0.036697 train_acc=0.994339 val_acc=0.992817 lr=0.0010 time=0.93s best_val=0.025996 patience_left=0

==================== RUNNING SEED 23 ====================
[TRAIN] Dataset=Apose-IoT-23_binary | Classes=2 | InputDim=16 | Seed=23
[TRAIN] Model=Fusion (CNN+LSTM) | Params=169,858 | Device=cuda | Batch=128 | LR=0.001
[TRAIN] Epochs=20 | EarlyStop=0 | Optim=AdamW | Loss=CrossEntropy
[EPOCH 1/20] train_loss=0.287682 val_loss=0.109360 train_acc=0.875410 val_acc=0.988879 lr=0.0010 time=1.01s best_val=inf patience_left=0
[CHECKPOINT] Saved best model at epoch 1 -> E:\HLC\data\outputs\cnn_lstm_fusion\Apose-IoT-23_binary\checks\best_ep1_fusion_seed23.pt
[EPOCH 2/20] train_loss=0.056175 val_loss=0.064310 train_acc=0.988628 val_acc=0.988879 lr=0.0010 time=0.93s best_val=0.109360 patience_left=0
[CHECKPOINT] Saved best model at epoch 2 -> E:\HLC\data\outputs\cnn_lstm_fusion\Apose-IoT-23_binary\checks\best_ep2_fusion_seed23.pt
[EPOCH 3/20] train_loss=0.048456 val_loss=0.059850 train_acc=0.989274 val_acc=0.989805 lr=0.0010 time=0.96s best_val=0.064310 patience_left=0
[CHECKPOINT] Saved best model at epoch 3 -> E:\HLC\data\outputs\cnn_lstm_fusion\Apose-IoT-23_binary\checks\best_ep3_fusion_seed23.pt
[EPOCH 4/20] train_loss=0.043846 val_loss=0.041957 train_acc=0.989423 val_acc=0.990500 lr=0.0010 time=0.93s best_val=0.059850 patience_left=0
[CHECKPOINT] Saved best model at epoch 4 -> E:\HLC\data\outputs\cnn_lstm_fusion\Apose-IoT-23_binary\checks\best_ep4_fusion_seed23.pt
[EPOCH 5/20] train_loss=0.036312 val_loss=0.070633 train_acc=0.990863 val_acc=0.991891 lr=0.0010 time=0.91s best_val=0.041957 patience_left=0
[EPOCH 6/20] train_loss=0.034338 val_loss=0.071515 train_acc=0.991757 val_acc=0.993049 lr=0.0010 time=0.91s best_val=0.041957 patience_left=-1
[EPOCH 7/20] train_loss=0.031049 val_loss=0.069321 train_acc=0.993197 val_acc=0.994439 lr=0.0010 time=0.92s best_val=0.041957 patience_left=-2
[EPOCH 8/20] train_loss=0.031956 val_loss=0.079615 train_acc=0.993694 val_acc=0.992354 lr=0.0010 time=0.94s best_val=0.041957 patience_left=-3
[EPOCH 9/20] train_loss=0.030433 val_loss=0.074732 train_acc=0.993495 val_acc=0.993513 lr=0.0010 time=1.00s best_val=0.041957 patience_left=-4
[EPOCH 10/20] train_loss=0.033028 val_loss=0.077255 train_acc=0.992849 val_acc=0.993049 lr=0.0010 time=0.95s best_val=0.041957 patience_left=-5
[EPOCH 11/20] train_loss=0.032596 val_loss=0.055991 train_acc=0.993594 val_acc=0.993976 lr=0.0010 time=1.01s best_val=0.041957 patience_left=-6
[EPOCH 12/20] train_loss=0.027455 val_loss=0.066417 train_acc=0.994786 val_acc=0.993744 lr=0.0010 time=0.97s best_val=0.041957 patience_left=-7
[EPOCH 13/20] train_loss=0.027019 val_loss=0.061568 train_acc=0.994140 val_acc=0.993976 lr=0.0010 time=0.95s best_val=0.041957 patience_left=-8
[EPOCH 14/20] train_loss=0.032171 val_loss=0.087453 train_acc=0.993743 val_acc=0.993744 lr=0.0010 time=0.98s best_val=0.041957 patience_left=-9
[EPOCH 15/20] train_loss=0.027590 val_loss=0.117916 train_acc=0.994289 val_acc=0.991427 lr=0.0010 time=0.94s best_val=0.041957 patience_left=-10
[EPOCH 16/20] train_loss=0.025624 val_loss=0.055456 train_acc=0.994488 val_acc=0.993976 lr=0.0010 time=0.94s best_val=0.041957 patience_left=-11
[EPOCH 17/20] train_loss=0.026056 val_loss=0.074341 train_acc=0.994438 val_acc=0.993513 lr=0.0010 time=0.92s best_val=0.041957 patience_left=-12
[EPOCH 18/20] train_loss=0.025057 val_loss=0.078781 train_acc=0.994935 val_acc=0.993281 lr=0.0010 time=0.94s best_val=0.041957 patience_left=-13
[EPOCH 19/20] train_loss=0.023392 val_loss=0.090255 train_acc=0.995332 val_acc=0.992817 lr=0.0010 time=0.95s best_val=0.041957 patience_left=-14
[EPOCH 20/20] train_loss=0.027573 val_loss=0.067577 train_acc=0.994389 val_acc=0.993049 lr=0.0010 time=0.98s best_val=0.041957 patience_left=-15

==================== RUNNING SEED 33 ====================
[TRAIN] Dataset=Apose-IoT-23_binary | Classes=2 | InputDim=16 | Seed=33
[TRAIN] Model=Fusion (CNN+LSTM) | Params=169,858 | Device=cuda | Batch=128 | LR=0.001
[TRAIN] Epochs=20 | EarlyStop=0 | Optim=AdamW | Loss=CrossEntropy
[EPOCH 1/20] train_loss=0.320692 val_loss=0.062014 train_acc=0.836429 val_acc=0.985867 lr=0.0010 time=1.05s best_val=inf patience_left=0
[CHECKPOINT] Saved best model at epoch 1 -> E:\HLC\data\outputs\cnn_lstm_fusion\Apose-IoT-23_binary\checks\best_ep1_fusion_seed33.pt
[EPOCH 2/20] train_loss=0.061002 val_loss=0.050194 train_acc=0.986990 val_acc=0.989342 lr=0.0010 time=0.95s best_val=0.062014 patience_left=0
[CHECKPOINT] Saved best model at epoch 2 -> E:\HLC\data\outputs\cnn_lstm_fusion\Apose-IoT-23_binary\checks\best_ep2_fusion_seed33.pt
[EPOCH 3/20] train_loss=0.051324 val_loss=0.048880 train_acc=0.988926 val_acc=0.989574 lr=0.0010 time=0.98s best_val=0.050194 patience_left=0
[CHECKPOINT] Saved best model at epoch 3 -> E:\HLC\data\outputs\cnn_lstm_fusion\Apose-IoT-23_binary\checks\best_ep3_fusion_seed33.pt
[EPOCH 4/20] train_loss=0.046071 val_loss=0.040534 train_acc=0.989771 val_acc=0.990269 lr=0.0010 time=0.97s best_val=0.048880 patience_left=0
[CHECKPOINT] Saved best model at epoch 4 -> E:\HLC\data\outputs\cnn_lstm_fusion\Apose-IoT-23_binary\checks\best_ep4_fusion_seed33.pt
[EPOCH 5/20] train_loss=0.046414 val_loss=0.040484 train_acc=0.989473 val_acc=0.990269 lr=0.0010 time=0.95s best_val=0.040534 patience_left=0
[CHECKPOINT] Saved best model at epoch 5 -> E:\HLC\data\outputs\cnn_lstm_fusion\Apose-IoT-23_binary\checks\best_ep5_fusion_seed33.pt
[EPOCH 6/20] train_loss=0.042623 val_loss=0.056755 train_acc=0.990267 val_acc=0.989110 lr=0.0010 time=0.97s best_val=0.040484 patience_left=0
[EPOCH 7/20] train_loss=0.039705 val_loss=0.053211 train_acc=0.990813 val_acc=0.991659 lr=0.0010 time=0.97s best_val=0.040484 patience_left=-1
[EPOCH 8/20] train_loss=0.037172 val_loss=0.051534 train_acc=0.991360 val_acc=0.991427 lr=0.0010 time=0.96s best_val=0.040484 patience_left=-2
[EPOCH 9/20] train_loss=0.033063 val_loss=0.046320 train_acc=0.992651 val_acc=0.993744 lr=0.0010 time=0.91s best_val=0.040484 patience_left=-3
[EPOCH 10/20] train_loss=0.033150 val_loss=0.032367 train_acc=0.992998 val_acc=0.993049 lr=0.0010 time=1.01s best_val=0.040484 patience_left=0
[CHECKPOINT] Saved best model at epoch 10 -> E:\HLC\data\outputs\cnn_lstm_fusion\Apose-IoT-23_binary\checks\best_ep10_fusion_seed33.pt
[EPOCH 11/20] train_loss=0.032568 val_loss=0.050371 train_acc=0.993346 val_acc=0.992354 lr=0.0010 time=0.96s best_val=0.032367 patience_left=0
[EPOCH 12/20] train_loss=0.028124 val_loss=0.032540 train_acc=0.994140 val_acc=0.993976 lr=0.0010 time=1.01s best_val=0.032367 patience_left=-1
[EPOCH 13/20] train_loss=0.033181 val_loss=0.054036 train_acc=0.993594 val_acc=0.990500 lr=0.0010 time=1.11s best_val=0.032367 patience_left=-2
[EPOCH 14/20] train_loss=0.032733 val_loss=0.055595 train_acc=0.993098 val_acc=0.993281 lr=0.0010 time=0.96s best_val=0.032367 patience_left=-3
[EPOCH 15/20] train_loss=0.027977 val_loss=0.036456 train_acc=0.994389 val_acc=0.993976 lr=0.0010 time=0.96s best_val=0.032367 patience_left=-4
[EPOCH 16/20] train_loss=0.030053 val_loss=0.029548 train_acc=0.993942 val_acc=0.994208 lr=0.0010 time=0.95s best_val=0.032367 patience_left=0
[CHECKPOINT] Saved best model at epoch 16 -> E:\HLC\data\outputs\cnn_lstm_fusion\Apose-IoT-23_binary\checks\best_ep16_fusion_seed33.pt
[EPOCH 17/20] train_loss=0.027683 val_loss=0.037590 train_acc=0.994140 val_acc=0.991427 lr=0.0010 time=0.97s best_val=0.029548 patience_left=0
[EPOCH 18/20] train_loss=0.027301 val_loss=0.055084 train_acc=0.994289 val_acc=0.993744 lr=0.0010 time=0.96s best_val=0.029548 patience_left=-1
[EPOCH 19/20] train_loss=0.024937 val_loss=0.026684 train_acc=0.994985 val_acc=0.994671 lr=0.0010 time=0.97s best_val=0.029548 patience_left=0
[CHECKPOINT] Saved best model at epoch 19 -> E:\HLC\data\outputs\cnn_lstm_fusion\Apose-IoT-23_binary\checks\best_ep19_fusion_seed33.pt
[EPOCH 20/20] train_loss=0.025811 val_loss=0.027292 train_acc=0.994836 val_acc=0.994903 lr=0.0010 time=0.97s best_val=0.026684 patience_left=0

==================== RUNNING SEED 43 ====================
[TRAIN] Dataset=Apose-IoT-23_binary | Classes=2 | InputDim=16 | Seed=43
[TRAIN] Model=Fusion (CNN+LSTM) | Params=169,858 | Device=cuda | Batch=128 | LR=0.001
[TRAIN] Epochs=20 | EarlyStop=0 | Optim=AdamW | Loss=CrossEntropy
[EPOCH 1/20] train_loss=0.263315 val_loss=0.080371 train_acc=0.884000 val_acc=0.983318 lr=0.0010 time=1.00s best_val=inf patience_left=0
[CHECKPOINT] Saved best model at epoch 1 -> E:\HLC\data\outputs\cnn_lstm_fusion\Apose-IoT-23_binary\checks\best_ep1_fusion_seed43.pt
[EPOCH 2/20] train_loss=0.057994 val_loss=0.057143 train_acc=0.986890 val_acc=0.991427 lr=0.0010 time=1.20s best_val=0.080371 patience_left=0
[CHECKPOINT] Saved best model at epoch 2 -> E:\HLC\data\outputs\cnn_lstm_fusion\Apose-IoT-23_binary\checks\best_ep2_fusion_seed43.pt
[EPOCH 3/20] train_loss=0.044678 val_loss=0.068950 train_acc=0.989920 val_acc=0.989342 lr=0.0010 time=1.02s best_val=0.057143 patience_left=0
[EPOCH 4/20] train_loss=0.038192 val_loss=0.066452 train_acc=0.990913 val_acc=0.990732 lr=0.0010 time=1.11s best_val=0.057143 patience_left=-1
[EPOCH 5/20] train_loss=0.035549 val_loss=0.049042 train_acc=0.991658 val_acc=0.993976 lr=0.0010 time=1.09s best_val=0.057143 patience_left=0
[CHECKPOINT] Saved best model at epoch 5 -> E:\HLC\data\outputs\cnn_lstm_fusion\Apose-IoT-23_binary\checks\best_ep5_fusion_seed43.pt
[EPOCH 6/20] train_loss=0.032916 val_loss=0.095376 train_acc=0.993495 val_acc=0.991196 lr=0.0010 time=1.00s best_val=0.049042 patience_left=0
[EPOCH 7/20] train_loss=0.031892 val_loss=0.075477 train_acc=0.993445 val_acc=0.992586 lr=0.0010 time=0.95s best_val=0.049042 patience_left=-1
[EPOCH 8/20] train_loss=0.035342 val_loss=0.046520 train_acc=0.992353 val_acc=0.991427 lr=0.0010 time=1.08s best_val=0.049042 patience_left=0
[CHECKPOINT] Saved best model at epoch 8 -> E:\HLC\data\outputs\cnn_lstm_fusion\Apose-IoT-23_binary\checks\best_ep8_fusion_seed43.pt
[EPOCH 9/20] train_loss=0.030795 val_loss=0.070906 train_acc=0.993694 val_acc=0.993281 lr=0.0010 time=1.06s best_val=0.046520 patience_left=0
[EPOCH 10/20] train_loss=0.029107 val_loss=0.062475 train_acc=0.994438 val_acc=0.993976 lr=0.0010 time=1.01s best_val=0.046520 patience_left=-1
[EPOCH 11/20] train_loss=0.030478 val_loss=0.048663 train_acc=0.993743 val_acc=0.993976 lr=0.0010 time=0.96s best_val=0.046520 patience_left=-2
[EPOCH 12/20] train_loss=0.029970 val_loss=0.056538 train_acc=0.993694 val_acc=0.993744 lr=0.0010 time=1.02s best_val=0.046520 patience_left=-3
[EPOCH 13/20] train_loss=0.027020 val_loss=0.061561 train_acc=0.994687 val_acc=0.994208 lr=0.0010 time=1.18s best_val=0.046520 patience_left=-4
[EPOCH 14/20] train_loss=0.034130 val_loss=0.080926 train_acc=0.992899 val_acc=0.994208 lr=0.0010 time=0.98s best_val=0.046520 patience_left=-5
[EPOCH 15/20] train_loss=0.028841 val_loss=0.053687 train_acc=0.994389 val_acc=0.994903 lr=0.0010 time=0.96s best_val=0.046520 patience_left=-6
[EPOCH 16/20] train_loss=0.026846 val_loss=0.050607 train_acc=0.994488 val_acc=0.993976 lr=0.0010 time=0.95s best_val=0.046520 patience_left=-7
[EPOCH 17/20] train_loss=0.026355 val_loss=0.051279 train_acc=0.994339 val_acc=0.993976 lr=0.0010 time=0.95s best_val=0.046520 patience_left=-8
[EPOCH 18/20] train_loss=0.024784 val_loss=0.067438 train_acc=0.994985 val_acc=0.993976 lr=0.0010 time=0.93s best_val=0.046520 patience_left=-9
[EPOCH 19/20] train_loss=0.031986 val_loss=0.058056 train_acc=0.993892 val_acc=0.994439 lr=0.0010 time=0.96s best_val=0.046520 patience_left=-10
[EPOCH 20/20] train_loss=0.026087 val_loss=0.042021 train_acc=0.994637 val_acc=0.994439 lr=0.0010 time=0.95s best_val=0.046520 patience_left=0
[CHECKPOINT] Saved best model at epoch 20 -> E:\HLC\data\outputs\cnn_lstm_fusion\Apose-IoT-23_binary\checks\best_ep20_fusion_seed43.pt

==================== RUNNING SEED 53 ====================
[TRAIN] Dataset=Apose-IoT-23_binary | Classes=2 | InputDim=16 | Seed=53
[TRAIN] Model=Fusion (CNN+LSTM) | Params=169,858 | Device=cuda | Batch=128 | LR=0.001
[TRAIN] Epochs=20 | EarlyStop=0 | Optim=AdamW | Loss=CrossEntropy
[EPOCH 1/20] train_loss=0.248356 val_loss=0.090626 train_acc=0.899940 val_acc=0.986330 lr=0.0010 time=1.00s best_val=inf patience_left=0
[CHECKPOINT] Saved best model at epoch 1 -> E:\HLC\data\outputs\cnn_lstm_fusion\Apose-IoT-23_binary\checks\best_ep1_fusion_seed53.pt
[EPOCH 2/20] train_loss=0.067931 val_loss=0.059896 train_acc=0.987983 val_acc=0.989574 lr=0.0010 time=1.05s best_val=0.090626 patience_left=0
[CHECKPOINT] Saved best model at epoch 2 -> E:\HLC\data\outputs\cnn_lstm_fusion\Apose-IoT-23_binary\checks\best_ep2_fusion_seed53.pt
[EPOCH 3/20] train_loss=0.054698 val_loss=0.094896 train_acc=0.989373 val_acc=0.988647 lr=0.0010 time=1.05s best_val=0.059896 patience_left=0
[EPOCH 4/20] train_loss=0.050684 val_loss=0.084187 train_acc=0.989423 val_acc=0.988647 lr=0.0010 time=0.97s best_val=0.059896 patience_left=-1
[EPOCH 5/20] train_loss=0.049938 val_loss=0.042506 train_acc=0.989721 val_acc=0.991196 lr=0.0010 time=0.97s best_val=0.059896 patience_left=0
[CHECKPOINT] Saved best model at epoch 5 -> E:\HLC\data\outputs\cnn_lstm_fusion\Apose-IoT-23_binary\checks\best_ep5_fusion_seed53.pt
[EPOCH 6/20] train_loss=0.044329 val_loss=0.038104 train_acc=0.990466 val_acc=0.991891 lr=0.0010 time=1.07s best_val=0.042506 patience_left=0
[CHECKPOINT] Saved best model at epoch 6 -> E:\HLC\data\outputs\cnn_lstm_fusion\Apose-IoT-23_binary\checks\best_ep6_fusion_seed53.pt
[EPOCH 7/20] train_loss=0.043051 val_loss=0.038350 train_acc=0.990466 val_acc=0.991891 lr=0.0010 time=0.97s best_val=0.038104 patience_left=0
[EPOCH 8/20] train_loss=0.042540 val_loss=0.105937 train_acc=0.990962 val_acc=0.988415 lr=0.0010 time=0.99s best_val=0.038104 patience_left=-1
[EPOCH 9/20] train_loss=0.049325 val_loss=0.041130 train_acc=0.989175 val_acc=0.991659 lr=0.0010 time=1.01s best_val=0.038104 patience_left=-2
[EPOCH 10/20] train_loss=0.042722 val_loss=0.046080 train_acc=0.991260 val_acc=0.989342 lr=0.0010 time=1.01s best_val=0.038104 patience_left=-3
[EPOCH 11/20] train_loss=0.042268 val_loss=0.039674 train_acc=0.991012 val_acc=0.991196 lr=0.0010 time=0.98s best_val=0.038104 patience_left=-4
[EPOCH 12/20] train_loss=0.039347 val_loss=0.037729 train_acc=0.991658 val_acc=0.991427 lr=0.0010 time=0.93s best_val=0.038104 patience_left=0
[CHECKPOINT] Saved best model at epoch 12 -> E:\HLC\data\outputs\cnn_lstm_fusion\Apose-IoT-23_binary\checks\best_ep12_fusion_seed53.pt
[EPOCH 13/20] train_loss=0.036076 val_loss=0.033961 train_acc=0.991856 val_acc=0.993513 lr=0.0010 time=0.96s best_val=0.037729 patience_left=0
[CHECKPOINT] Saved best model at epoch 13 -> E:\HLC\data\outputs\cnn_lstm_fusion\Apose-IoT-23_binary\checks\best_ep13_fusion_seed53.pt
[EPOCH 14/20] train_loss=0.029046 val_loss=0.030288 train_acc=0.993793 val_acc=0.993513 lr=0.0010 time=0.97s best_val=0.033961 patience_left=0
[CHECKPOINT] Saved best model at epoch 14 -> E:\HLC\data\outputs\cnn_lstm_fusion\Apose-IoT-23_binary\checks\best_ep14_fusion_seed53.pt
[EPOCH 15/20] train_loss=0.031248 val_loss=0.032342 train_acc=0.993147 val_acc=0.992586 lr=0.0010 time=0.95s best_val=0.030288 patience_left=0
[EPOCH 16/20] train_loss=0.035199 val_loss=0.038496 train_acc=0.992750 val_acc=0.990037 lr=0.0010 time=0.93s best_val=0.030288 patience_left=-1
[EPOCH 17/20] train_loss=0.029492 val_loss=0.029164 train_acc=0.993644 val_acc=0.993976 lr=0.0010 time=0.97s best_val=0.030288 patience_left=0
[CHECKPOINT] Saved best model at epoch 17 -> E:\HLC\data\outputs\cnn_lstm_fusion\Apose-IoT-23_binary\checks\best_ep17_fusion_seed53.pt
[EPOCH 18/20] train_loss=0.025809 val_loss=0.027358 train_acc=0.994885 val_acc=0.994208 lr=0.0010 time=0.95s best_val=0.029164 patience_left=0
[CHECKPOINT] Saved best model at epoch 18 -> E:\HLC\data\outputs\cnn_lstm_fusion\Apose-IoT-23_binary\checks\best_ep18_fusion_seed53.pt
[EPOCH 19/20] train_loss=0.029047 val_loss=0.028326 train_acc=0.993396 val_acc=0.993976 lr=0.0010 time=0.91s best_val=0.027358 patience_left=0
[EPOCH 20/20] train_loss=0.029419 val_loss=0.027284 train_acc=0.993694 val_acc=0.994208 lr=0.0010 time=0.93s best_val=0.027358 patience_left=0
[CHECKPOINT] Saved best model at epoch 20 -> E:\HLC\data\outputs\cnn_lstm_fusion\Apose-IoT-23_binary\checks\best_ep20_fusion_seed53.pt

[STATS] Seed statistics saved to E:\HLC\data\outputs\cnn_lstm_fusion\Apose-IoT-23_binary\eval\seed_stats_fusion.json
[BEST SEED MODEL] Copying best checkpoint E:\HLC\data\outputs\cnn_lstm_fusion\Apose-IoT-23_binary\checks\best_ep20_fusion_seed53.pt -> E:\HLC\data\outputs\cnn_lstm_fusion\Apose-IoT-23_binary\checks\best_fusion.pt

[DONE] Best Checkpoint: E:\HLC\data\outputs\cnn_lstm_fusion\Apose-IoT-23_binary\checks\best_fusion.pt
       Best History CSV: E:\HLC\data\outputs\cnn_lstm_fusion\Apose-IoT-23_binary\history_fusion_seed53.csv
       Best Model Complexity: {'params': 169858, 'est_macs_per_sample': 189120, 'measured_infer_total_sec': 0.062225200003013015, 'measured_ms_per_batch': 1.8301529412650888, 'measured_ms_per_sample': 0.014417330862607278, 'measured_samples_per_sec': 69360.96629325442, 'measured_energy_j_proxy': 7.467024000361562, 'measured_batches': 34, 'measured_samples': 4316, 'val_detect_total_sec': 0.062225200003013015, 'val_detect_ms_per_sample': 0.014417330862607278}

==================== IDS EXPERIMENT CLI ====================
(1) Load & split dataset (persist)
(2) Load existing split (validate)
(3) Visualize features (EPS)
(4) Train model (save ckpt + curves + history CSV)
(5) Evaluate & plot performance (EPS + CSV/JSON)
(6) XAI (SHAP/LIME/ANOVA)
(7) Ablation (user-selected feature subset)
(8) Evaluate (explicit)
(9) Inference (load_model → predict live CSV)
(q) Quit
============================================================

Select option: 4

[4] Train a model
Available splits: ['Apose-IoT-23_binary', 'Apose-IoT-23_multiclass', 'BoT-IoT_binary', 'BoT-IoT_multiclass', 'CIC-IoMT-2024_binary', 'CIC-IoMT-2024_multiclass', 'CIC-IoT-2025_binary', 'CIC-IoT-2025_multiclass']
Split key: Apose-IoT-23_multiclass
[INFO] Detected classes=5 → multiclass
Epochs? [default: 50] 20
Batch size? [default: 256] 128
Learning rate? [default: 0.001] 0.001
Early stop patience? [default: 8] 0
Model (fusion/dnn)? [default: fusion] choices=['fusion', 'dnn'] fusion

==================== RUNNING SEED 13 ====================
[TRAIN] Dataset=Apose-IoT-23_multiclass | Classes=5 | InputDim=16 | Seed=13
[TRAIN] Model=Fusion (CNN+LSTM) | Params=170,053 | Device=cuda | Batch=128 | LR=0.001
[TRAIN] Epochs=20 | EarlyStop=0 | Optim=AdamW | Loss=CrossEntropy
[EPOCH 1/20] train_loss=0.765202 val_loss=0.742738 train_acc=0.766412 val_acc=0.960148 lr=0.0010 time=1.08s best_val=inf patience_left=0
[CHECKPOINT] Saved best model at epoch 1 -> E:\HLC\data\outputs\cnn_lstm_fusion\Apose-IoT-23_multiclass\checks\best_ep1_fusion_seed13.pt
[EPOCH 2/20] train_loss=0.153314 val_loss=0.247975 train_acc=0.962161 val_acc=0.965246 lr=0.0010 time=1.01s best_val=0.742738 patience_left=0
[CHECKPOINT] Saved best model at epoch 2 -> E:\HLC\data\outputs\cnn_lstm_fusion\Apose-IoT-23_multiclass\checks\best_ep2_fusion_seed13.pt
[EPOCH 3/20] train_loss=0.102529 val_loss=0.118966 train_acc=0.969759 val_acc=0.975672 lr=0.0010 time=0.93s best_val=0.247975 patience_left=0
[CHECKPOINT] Saved best model at epoch 3 -> E:\HLC\data\outputs\cnn_lstm_fusion\Apose-IoT-23_multiclass\checks\best_ep3_fusion_seed13.pt
[EPOCH 4/20] train_loss=0.087230 val_loss=0.157027 train_acc=0.975072 val_acc=0.977294 lr=0.0010 time=0.92s best_val=0.118966 patience_left=0
[EPOCH 5/20] train_loss=0.078542 val_loss=0.088225 train_acc=0.976760 val_acc=0.981001 lr=0.0010 time=0.91s best_val=0.118966 patience_left=0
[CHECKPOINT] Saved best model at epoch 5 -> E:\HLC\data\outputs\cnn_lstm_fusion\Apose-IoT-23_multiclass\checks\best_ep5_fusion_seed13.pt
[EPOCH 6/20] train_loss=0.068336 val_loss=0.056366 train_acc=0.979889 val_acc=0.985171 lr=0.0010 time=0.92s best_val=0.088225 patience_left=0
[CHECKPOINT] Saved best model at epoch 6 -> E:\HLC\data\outputs\cnn_lstm_fusion\Apose-IoT-23_multiclass\checks\best_ep6_fusion_seed13.pt
[EPOCH 7/20] train_loss=0.059030 val_loss=0.066680 train_acc=0.981974 val_acc=0.985635 lr=0.0010 time=0.97s best_val=0.056366 patience_left=0
[EPOCH 8/20] train_loss=0.056316 val_loss=0.262987 train_acc=0.985351 val_acc=0.984476 lr=0.0010 time=1.00s best_val=0.056366 patience_left=-1
[EPOCH 9/20] train_loss=0.049817 val_loss=0.194742 train_acc=0.988628 val_acc=0.934198 lr=0.0010 time=0.96s best_val=0.056366 patience_left=-2
[EPOCH 10/20] train_loss=0.078143 val_loss=0.068645 train_acc=0.983712 val_acc=0.987257 lr=0.0010 time=0.93s best_val=0.056366 patience_left=-3
[EPOCH 11/20] train_loss=0.061817 val_loss=0.087952 train_acc=0.986741 val_acc=0.988879 lr=0.0010 time=0.97s best_val=0.056366 patience_left=-4
[EPOCH 12/20] train_loss=0.052420 val_loss=0.128324 train_acc=0.988033 val_acc=0.990500 lr=0.0010 time=1.00s best_val=0.056366 patience_left=-5
[EPOCH 13/20] train_loss=0.045660 val_loss=0.172401 train_acc=0.989125 val_acc=0.992122 lr=0.0010 time=1.16s best_val=0.056366 patience_left=-6
[EPOCH 14/20] train_loss=0.040586 val_loss=0.207332 train_acc=0.990664 val_acc=0.993281 lr=0.0010 time=1.10s best_val=0.056366 patience_left=-7
[EPOCH 15/20] train_loss=0.038766 val_loss=0.201534 train_acc=0.990962 val_acc=0.994671 lr=0.0010 time=1.03s best_val=0.056366 patience_left=-8
[EPOCH 16/20] train_loss=0.038967 val_loss=0.239662 train_acc=0.991409 val_acc=0.993976 lr=0.0010 time=1.04s best_val=0.056366 patience_left=-9
[EPOCH 17/20] train_loss=0.037213 val_loss=0.245806 train_acc=0.992651 val_acc=0.994208 lr=0.0010 time=1.06s best_val=0.056366 patience_left=-10
[EPOCH 18/20] train_loss=0.033280 val_loss=0.183788 train_acc=0.993296 val_acc=0.993281 lr=0.0010 time=1.00s best_val=0.056366 patience_left=-11
[EPOCH 19/20] train_loss=0.033733 val_loss=0.296605 train_acc=0.993396 val_acc=0.991196 lr=0.0010 time=0.95s best_val=0.056366 patience_left=-12
[EPOCH 20/20] train_loss=0.031827 val_loss=0.040870 train_acc=0.993396 val_acc=0.992122 lr=0.0010 time=0.95s best_val=0.056366 patience_left=0
[CHECKPOINT] Saved best model at epoch 20 -> E:\HLC\data\outputs\cnn_lstm_fusion\Apose-IoT-23_multiclass\checks\best_ep20_fusion_seed13.pt

==================== RUNNING SEED 23 ====================
[TRAIN] Dataset=Apose-IoT-23_multiclass | Classes=5 | InputDim=16 | Seed=23
[TRAIN] Model=Fusion (CNN+LSTM) | Params=170,053 | Device=cuda | Batch=128 | LR=0.001
[TRAIN] Epochs=20 | EarlyStop=0 | Optim=AdamW | Loss=CrossEntropy
[EPOCH 1/20] train_loss=0.727791 val_loss=0.461092 train_acc=0.730658 val_acc=0.964319 lr=0.0010 time=0.96s best_val=inf patience_left=0
[CHECKPOINT] Saved best model at epoch 1 -> E:\HLC\data\outputs\cnn_lstm_fusion\Apose-IoT-23_multiclass\checks\best_ep1_fusion_seed23.pt
[EPOCH 2/20] train_loss=0.149396 val_loss=0.208637 train_acc=0.964048 val_acc=0.964782 lr=0.0010 time=0.98s best_val=0.461092 patience_left=0
[CHECKPOINT] Saved best model at epoch 2 -> E:\HLC\data\outputs\cnn_lstm_fusion\Apose-IoT-23_multiclass\checks\best_ep2_fusion_seed23.pt
[EPOCH 3/20] train_loss=0.099498 val_loss=0.095588 train_acc=0.972589 val_acc=0.977525 lr=0.0010 time=1.00s best_val=0.208637 patience_left=0
[CHECKPOINT] Saved best model at epoch 3 -> E:\HLC\data\outputs\cnn_lstm_fusion\Apose-IoT-23_multiclass\checks\best_ep3_fusion_seed23.pt
[EPOCH 4/20] train_loss=0.087046 val_loss=0.114974 train_acc=0.975171 val_acc=0.978916 lr=0.0010 time=0.96s best_val=0.095588 patience_left=0
[EPOCH 5/20] train_loss=0.077468 val_loss=0.109555 train_acc=0.976562 val_acc=0.980074 lr=0.0010 time=0.98s best_val=0.095588 patience_left=-1
[EPOCH 6/20] train_loss=0.073889 val_loss=0.094987 train_acc=0.978151 val_acc=0.979379 lr=0.0010 time=0.93s best_val=0.095588 patience_left=0
[CHECKPOINT] Saved best model at epoch 6 -> E:\HLC\data\outputs\cnn_lstm_fusion\Apose-IoT-23_multiclass\checks\best_ep6_fusion_seed23.pt
[EPOCH 7/20] train_loss=0.067905 val_loss=0.088945 train_acc=0.982074 val_acc=0.985403 lr=0.0010 time=1.01s best_val=0.094987 patience_left=0
[CHECKPOINT] Saved best model at epoch 7 -> E:\HLC\data\outputs\cnn_lstm_fusion\Apose-IoT-23_multiclass\checks\best_ep7_fusion_seed23.pt
[EPOCH 8/20] train_loss=0.071220 val_loss=0.085037 train_acc=0.982322 val_acc=0.978452 lr=0.0010 time=0.99s best_val=0.088945 patience_left=0
[CHECKPOINT] Saved best model at epoch 8 -> E:\HLC\data\outputs\cnn_lstm_fusion\Apose-IoT-23_multiclass\checks\best_ep8_fusion_seed23.pt
[EPOCH 9/20] train_loss=0.082579 val_loss=0.072304 train_acc=0.981627 val_acc=0.988647 lr=0.0010 time=0.93s best_val=0.085037 patience_left=0
[CHECKPOINT] Saved best model at epoch 9 -> E:\HLC\data\outputs\cnn_lstm_fusion\Apose-IoT-23_multiclass\checks\best_ep9_fusion_seed23.pt
[EPOCH 10/20] train_loss=0.068891 val_loss=0.070643 train_acc=0.984706 val_acc=0.987720 lr=0.0010 time=0.93s best_val=0.072304 patience_left=0
[CHECKPOINT] Saved best model at epoch 10 -> E:\HLC\data\outputs\cnn_lstm_fusion\Apose-IoT-23_multiclass\checks\best_ep10_fusion_seed23.pt
[EPOCH 11/20] train_loss=0.064944 val_loss=0.084737 train_acc=0.984855 val_acc=0.984940 lr=0.0010 time=0.96s best_val=0.070643 patience_left=0
[EPOCH 12/20] train_loss=0.062966 val_loss=0.117057 train_acc=0.983166 val_acc=0.981928 lr=0.0010 time=0.96s best_val=0.070643 patience_left=-1
[EPOCH 13/20] train_loss=0.054093 val_loss=0.093200 train_acc=0.985401 val_acc=0.986793 lr=0.0010 time=1.07s best_val=0.070643 patience_left=-2
[EPOCH 14/20] train_loss=0.049487 val_loss=0.072850 train_acc=0.988033 val_acc=0.990964 lr=0.0010 time=0.96s best_val=0.070643 patience_left=-3
[EPOCH 15/20] train_loss=0.046588 val_loss=0.078136 train_acc=0.989473 val_acc=0.988879 lr=0.0010 time=0.95s best_val=0.070643 patience_left=-4
[EPOCH 16/20] train_loss=0.044925 val_loss=0.088713 train_acc=0.989622 val_acc=0.989110 lr=0.0010 time=0.92s best_val=0.070643 patience_left=-5
[EPOCH 17/20] train_loss=0.048131 val_loss=0.300419 train_acc=0.988479 val_acc=0.989574 lr=0.0010 time=0.99s best_val=0.070643 patience_left=-6
[EPOCH 18/20] train_loss=0.048696 val_loss=0.269199 train_acc=0.989175 val_acc=0.987720 lr=0.0010 time=1.07s best_val=0.070643 patience_left=-7
[EPOCH 19/20] train_loss=0.047925 val_loss=0.228214 train_acc=0.989522 val_acc=0.988184 lr=0.0010 time=0.96s best_val=0.070643 patience_left=-8
[EPOCH 20/20] train_loss=0.049945 val_loss=0.221234 train_acc=0.988231 val_acc=0.989110 lr=0.0010 time=0.91s best_val=0.070643 patience_left=-9

==================== RUNNING SEED 33 ====================
[TRAIN] Dataset=Apose-IoT-23_multiclass | Classes=5 | InputDim=16 | Seed=33
[TRAIN] Model=Fusion (CNN+LSTM) | Params=170,053 | Device=cuda | Batch=128 | LR=0.001
[TRAIN] Epochs=20 | EarlyStop=0 | Optim=AdamW | Loss=CrossEntropy
[EPOCH 1/20] train_loss=0.819438 val_loss=0.987029 train_acc=0.702105 val_acc=0.732159 lr=0.0010 time=0.99s best_val=inf patience_left=0
[CHECKPOINT] Saved best model at epoch 1 -> E:\HLC\data\outputs\cnn_lstm_fusion\Apose-IoT-23_multiclass\checks\best_ep1_fusion_seed33.pt
[EPOCH 2/20] train_loss=0.225475 val_loss=0.493130 train_acc=0.949846 val_acc=0.961307 lr=0.0010 time=0.93s best_val=0.987029 patience_left=0
[CHECKPOINT] Saved best model at epoch 2 -> E:\HLC\data\outputs\cnn_lstm_fusion\Apose-IoT-23_multiclass\checks\best_ep2_fusion_seed33.pt
[EPOCH 3/20] train_loss=0.124175 val_loss=0.424282 train_acc=0.960969 val_acc=0.964087 lr=0.0010 time=0.95s best_val=0.493130 patience_left=0
[CHECKPOINT] Saved best model at epoch 3 -> E:\HLC\data\outputs\cnn_lstm_fusion\Apose-IoT-23_multiclass\checks\best_ep3_fusion_seed33.pt
[EPOCH 4/20] train_loss=0.100676 val_loss=0.399880 train_acc=0.967872 val_acc=0.975440 lr=0.0010 time=0.97s best_val=0.424282 patience_left=0
[CHECKPOINT] Saved best model at epoch 4 -> E:\HLC\data\outputs\cnn_lstm_fusion\Apose-IoT-23_multiclass\checks\best_ep4_fusion_seed33.pt
[EPOCH 5/20] train_loss=0.089236 val_loss=0.234327 train_acc=0.973334 val_acc=0.977525 lr=0.0010 time=1.01s best_val=0.399880 patience_left=0
[CHECKPOINT] Saved best model at epoch 5 -> E:\HLC\data\outputs\cnn_lstm_fusion\Apose-IoT-23_multiclass\checks\best_ep5_fusion_seed33.pt
[EPOCH 6/20] train_loss=0.080988 val_loss=0.232653 train_acc=0.975519 val_acc=0.977757 lr=0.0010 time=1.00s best_val=0.234327 patience_left=0
[CHECKPOINT] Saved best model at epoch 6 -> E:\HLC\data\outputs\cnn_lstm_fusion\Apose-IoT-23_multiclass\checks\best_ep6_fusion_seed33.pt
[EPOCH 7/20] train_loss=0.073805 val_loss=0.199793 train_acc=0.975916 val_acc=0.977989 lr=0.0010 time=0.94s best_val=0.232653 patience_left=0
[CHECKPOINT] Saved best model at epoch 7 -> E:\HLC\data\outputs\cnn_lstm_fusion\Apose-IoT-23_multiclass\checks\best_ep7_fusion_seed33.pt
[EPOCH 8/20] train_loss=0.071276 val_loss=0.137308 train_acc=0.977704 val_acc=0.981233 lr=0.0010 time=0.92s best_val=0.199793 patience_left=0
[CHECKPOINT] Saved best model at epoch 8 -> E:\HLC\data\outputs\cnn_lstm_fusion\Apose-IoT-23_multiclass\checks\best_ep8_fusion_seed33.pt
[EPOCH 9/20] train_loss=0.067825 val_loss=0.130062 train_acc=0.979293 val_acc=0.983550 lr=0.0010 time=0.93s best_val=0.137308 patience_left=0
[CHECKPOINT] Saved best model at epoch 9 -> E:\HLC\data\outputs\cnn_lstm_fusion\Apose-IoT-23_multiclass\checks\best_ep9_fusion_seed33.pt
[EPOCH 10/20] train_loss=0.064023 val_loss=0.087738 train_acc=0.984408 val_acc=0.984708 lr=0.0010 time=0.93s best_val=0.130062 patience_left=0
[CHECKPOINT] Saved best model at epoch 10 -> E:\HLC\data\outputs\cnn_lstm_fusion\Apose-IoT-23_multiclass\checks\best_ep10_fusion_seed33.pt
[EPOCH 11/20] train_loss=0.061097 val_loss=0.080012 train_acc=0.984308 val_acc=0.986562 lr=0.0010 time=0.92s best_val=0.087738 patience_left=0
[CHECKPOINT] Saved best model at epoch 11 -> E:\HLC\data\outputs\cnn_lstm_fusion\Apose-IoT-23_multiclass\checks\best_ep11_fusion_seed33.pt
[EPOCH 12/20] train_loss=0.058086 val_loss=0.069959 train_acc=0.985947 val_acc=0.991427 lr=0.0010 time=0.93s best_val=0.080012 patience_left=0
[CHECKPOINT] Saved best model at epoch 12 -> E:\HLC\data\outputs\cnn_lstm_fusion\Apose-IoT-23_multiclass\checks\best_ep12_fusion_seed33.pt
[EPOCH 13/20] train_loss=0.053749 val_loss=0.071602 train_acc=0.986692 val_acc=0.987257 lr=0.0010 time=0.94s best_val=0.069959 patience_left=0
[EPOCH 14/20] train_loss=0.050448 val_loss=0.071656 train_acc=0.987536 val_acc=0.988879 lr=0.0010 time=0.93s best_val=0.069959 patience_left=-1
[EPOCH 15/20] train_loss=0.047879 val_loss=0.075768 train_acc=0.988430 val_acc=0.990964 lr=0.0010 time=0.99s best_val=0.069959 patience_left=-2
[EPOCH 16/20] train_loss=0.045037 val_loss=0.075102 train_acc=0.989473 val_acc=0.994903 lr=0.0010 time=0.94s best_val=0.069959 patience_left=-3
[EPOCH 17/20] train_loss=0.043679 val_loss=0.090056 train_acc=0.990466 val_acc=0.993744 lr=0.0010 time=0.92s best_val=0.069959 patience_left=-4
[EPOCH 18/20] train_loss=0.042749 val_loss=0.079453 train_acc=0.991658 val_acc=0.994439 lr=0.0010 time=0.94s best_val=0.069959 patience_left=-5
[EPOCH 19/20] train_loss=0.046217 val_loss=0.093611 train_acc=0.989969 val_acc=0.995366 lr=0.0010 time=0.93s best_val=0.069959 patience_left=-6
[EPOCH 20/20] train_loss=0.044454 val_loss=0.088741 train_acc=0.990118 val_acc=0.993513 lr=0.0010 time=0.91s best_val=0.069959 patience_left=-7

==================== RUNNING SEED 43 ====================
[TRAIN] Dataset=Apose-IoT-23_multiclass | Classes=5 | InputDim=16 | Seed=43
[TRAIN] Model=Fusion (CNN+LSTM) | Params=170,053 | Device=cuda | Batch=128 | LR=0.001
[TRAIN] Epochs=20 | EarlyStop=0 | Optim=AdamW | Loss=CrossEntropy
[EPOCH 1/20] train_loss=0.813800 val_loss=0.896287 train_acc=0.676135 val_acc=0.732159 lr=0.0010 time=0.99s best_val=inf patience_left=0
[CHECKPOINT] Saved best model at epoch 1 -> E:\HLC\data\outputs\cnn_lstm_fusion\Apose-IoT-23_multiclass\checks\best_ep1_fusion_seed43.pt
[EPOCH 2/20] train_loss=0.203719 val_loss=0.277603 train_acc=0.944831 val_acc=0.961770 lr=0.0010 time=0.95s best_val=0.896287 patience_left=0
[CHECKPOINT] Saved best model at epoch 2 -> E:\HLC\data\outputs\cnn_lstm_fusion\Apose-IoT-23_multiclass\checks\best_ep2_fusion_seed43.pt
[EPOCH 3/20] train_loss=0.103100 val_loss=0.214482 train_acc=0.966730 val_acc=0.975672 lr=0.0010 time=0.93s best_val=0.277603 patience_left=0
[CHECKPOINT] Saved best model at epoch 3 -> E:\HLC\data\outputs\cnn_lstm_fusion\Apose-IoT-23_multiclass\checks\best_ep3_fusion_seed43.pt
[EPOCH 4/20] train_loss=0.083334 val_loss=0.219426 train_acc=0.974029 val_acc=0.978221 lr=0.0010 time=0.94s best_val=0.214482 patience_left=0
[EPOCH 5/20] train_loss=0.077404 val_loss=0.145182 train_acc=0.974426 val_acc=0.975904 lr=0.0010 time=0.99s best_val=0.214482 patience_left=0
[CHECKPOINT] Saved best model at epoch 5 -> E:\HLC\data\outputs\cnn_lstm_fusion\Apose-IoT-23_multiclass\checks\best_ep5_fusion_seed43.pt
[EPOCH 6/20] train_loss=0.069616 val_loss=0.157556 train_acc=0.977158 val_acc=0.978916 lr=0.0010 time=0.96s best_val=0.145182 patience_left=0
[EPOCH 7/20] train_loss=0.063325 val_loss=0.157552 train_acc=0.979541 val_acc=0.980769 lr=0.0010 time=0.95s best_val=0.145182 patience_left=-1
[EPOCH 8/20] train_loss=0.058919 val_loss=0.130438 train_acc=0.982372 val_acc=0.988184 lr=0.0010 time=0.95s best_val=0.145182 patience_left=0
[CHECKPOINT] Saved best model at epoch 8 -> E:\HLC\data\outputs\cnn_lstm_fusion\Apose-IoT-23_multiclass\checks\best_ep8_fusion_seed43.pt
[EPOCH 9/20] train_loss=0.056746 val_loss=0.105446 train_acc=0.983812 val_acc=0.984940 lr=0.0010 time=0.93s best_val=0.130438 patience_left=0
[CHECKPOINT] Saved best model at epoch 9 -> E:\HLC\data\outputs\cnn_lstm_fusion\Apose-IoT-23_multiclass\checks\best_ep9_fusion_seed43.pt
[EPOCH 10/20] train_loss=0.057065 val_loss=0.108579 train_acc=0.984358 val_acc=0.987025 lr=0.0010 time=0.92s best_val=0.105446 patience_left=0
[EPOCH 11/20] train_loss=0.051274 val_loss=0.085932 train_acc=0.986444 val_acc=0.990964 lr=0.0010 time=0.94s best_val=0.105446 patience_left=0
[CHECKPOINT] Saved best model at epoch 11 -> E:\HLC\data\outputs\cnn_lstm_fusion\Apose-IoT-23_multiclass\checks\best_ep11_fusion_seed43.pt
[EPOCH 12/20] train_loss=0.050988 val_loss=0.069005 train_acc=0.987437 val_acc=0.988879 lr=0.0010 time=0.94s best_val=0.085932 patience_left=0
[CHECKPOINT] Saved best model at epoch 12 -> E:\HLC\data\outputs\cnn_lstm_fusion\Apose-IoT-23_multiclass\checks\best_ep12_fusion_seed43.pt
[EPOCH 13/20] train_loss=0.048663 val_loss=0.134391 train_acc=0.987387 val_acc=0.991891 lr=0.0010 time=1.01s best_val=0.069005 patience_left=0
[EPOCH 14/20] train_loss=0.052333 val_loss=0.136100 train_acc=0.985748 val_acc=0.990500 lr=0.0010 time=1.10s best_val=0.069005 patience_left=-1
[EPOCH 15/20] train_loss=0.043348 val_loss=0.104240 train_acc=0.989423 val_acc=0.992586 lr=0.0010 time=1.08s best_val=0.069005 patience_left=-2
[EPOCH 16/20] train_loss=0.042018 val_loss=0.103245 train_acc=0.988877 val_acc=0.990037 lr=0.0010 time=1.01s best_val=0.069005 patience_left=-3
[EPOCH 17/20] train_loss=0.042680 val_loss=0.115662 train_acc=0.988777 val_acc=0.991891 lr=0.0010 time=0.99s best_val=0.069005 patience_left=-4
[EPOCH 18/20] train_loss=0.039425 val_loss=0.111576 train_acc=0.989920 val_acc=0.990732 lr=0.0010 time=1.04s best_val=0.069005 patience_left=-5
[EPOCH 19/20] train_loss=0.041452 val_loss=0.095937 train_acc=0.989622 val_acc=0.992817 lr=0.0010 time=1.01s best_val=0.069005 patience_left=-6
[EPOCH 20/20] train_loss=0.039608 val_loss=0.096423 train_acc=0.990366 val_acc=0.992122 lr=0.0010 time=1.06s best_val=0.069005 patience_left=-7

==================== RUNNING SEED 53 ====================
[TRAIN] Dataset=Apose-IoT-23_multiclass | Classes=5 | InputDim=16 | Seed=53
[TRAIN] Model=Fusion (CNN+LSTM) | Params=170,053 | Device=cuda | Batch=128 | LR=0.001
[TRAIN] Epochs=20 | EarlyStop=0 | Optim=AdamW | Loss=CrossEntropy
[EPOCH 1/20] train_loss=0.756977 val_loss=0.766824 train_acc=0.739150 val_acc=0.961307 lr=0.0010 time=1.05s best_val=inf patience_left=0
[CHECKPOINT] Saved best model at epoch 1 -> E:\HLC\data\outputs\cnn_lstm_fusion\Apose-IoT-23_multiclass\checks\best_ep1_fusion_seed53.pt
[EPOCH 2/20] train_loss=0.168936 val_loss=0.340667 train_acc=0.960522 val_acc=0.964319 lr=0.0010 time=1.06s best_val=0.766824 patience_left=0
[CHECKPOINT] Saved best model at epoch 2 -> E:\HLC\data\outputs\cnn_lstm_fusion\Apose-IoT-23_multiclass\checks\best_ep2_fusion_seed53.pt
[EPOCH 3/20] train_loss=0.099999 val_loss=0.250990 train_acc=0.971646 val_acc=0.977525 lr=0.0010 time=1.02s best_val=0.340667 patience_left=0
[CHECKPOINT] Saved best model at epoch 3 -> E:\HLC\data\outputs\cnn_lstm_fusion\Apose-IoT-23_multiclass\checks\best_ep3_fusion_seed53.pt
[EPOCH 4/20] train_loss=0.083675 val_loss=0.171786 train_acc=0.974625 val_acc=0.978221 lr=0.0010 time=1.04s best_val=0.250990 patience_left=0
[CHECKPOINT] Saved best model at epoch 4 -> E:\HLC\data\outputs\cnn_lstm_fusion\Apose-IoT-23_multiclass\checks\best_ep4_fusion_seed53.pt
[EPOCH 5/20] train_loss=0.079822 val_loss=0.095065 train_acc=0.975916 val_acc=0.978221 lr=0.0010 time=1.10s best_val=0.171786 patience_left=0
[CHECKPOINT] Saved best model at epoch 5 -> E:\HLC\data\outputs\cnn_lstm_fusion\Apose-IoT-23_multiclass\checks\best_ep5_fusion_seed53.pt
[EPOCH 6/20] train_loss=0.072079 val_loss=0.090950 train_acc=0.977158 val_acc=0.977062 lr=0.0010 time=0.96s best_val=0.095065 patience_left=0
[CHECKPOINT] Saved best model at epoch 6 -> E:\HLC\data\outputs\cnn_lstm_fusion\Apose-IoT-23_multiclass\checks\best_ep6_fusion_seed53.pt
[EPOCH 7/20] train_loss=0.064520 val_loss=0.083912 train_acc=0.979541 val_acc=0.984476 lr=0.0010 time=0.99s best_val=0.090950 patience_left=0
[CHECKPOINT] Saved best model at epoch 7 -> E:\HLC\data\outputs\cnn_lstm_fusion\Apose-IoT-23_multiclass\checks\best_ep7_fusion_seed53.pt
[EPOCH 8/20] train_loss=0.060921 val_loss=0.146701 train_acc=0.982272 val_acc=0.984013 lr=0.0010 time=1.01s best_val=0.083912 patience_left=0
[EPOCH 9/20] train_loss=0.064039 val_loss=0.104164 train_acc=0.982322 val_acc=0.986793 lr=0.0010 time=1.11s best_val=0.083912 patience_left=-1
[EPOCH 10/20] train_loss=0.056145 val_loss=0.088303 train_acc=0.982968 val_acc=0.988184 lr=0.0010 time=1.01s best_val=0.083912 patience_left=-2
[EPOCH 11/20] train_loss=0.055211 val_loss=0.116225 train_acc=0.986444 val_acc=0.987257 lr=0.0010 time=1.15s best_val=0.083912 patience_left=-3
[EPOCH 12/20] train_loss=0.053433 val_loss=0.086405 train_acc=0.986543 val_acc=0.988415 lr=0.0010 time=0.97s best_val=0.083912 patience_left=-4
[EPOCH 13/20] train_loss=0.052948 val_loss=0.060659 train_acc=0.987039 val_acc=0.988647 lr=0.0010 time=0.98s best_val=0.083912 patience_left=0
[CHECKPOINT] Saved best model at epoch 13 -> E:\HLC\data\outputs\cnn_lstm_fusion\Apose-IoT-23_multiclass\checks\best_ep13_fusion_seed53.pt
[EPOCH 14/20] train_loss=0.056799 val_loss=0.066987 train_acc=0.987983 val_acc=0.985867 lr=0.0010 time=1.00s best_val=0.060659 patience_left=0
[EPOCH 15/20] train_loss=0.067725 val_loss=0.081866 train_acc=0.985351 val_acc=0.990269 lr=0.0010 time=1.03s best_val=0.060659 patience_left=-1
[EPOCH 16/20] train_loss=0.053031 val_loss=0.084950 train_acc=0.987784 val_acc=0.992354 lr=0.0010 time=1.12s best_val=0.060659 patience_left=-2
[EPOCH 17/20] train_loss=0.048046 val_loss=0.092112 train_acc=0.988579 val_acc=0.991427 lr=0.0010 time=1.00s best_val=0.060659 patience_left=-3
[EPOCH 18/20] train_loss=0.044069 val_loss=0.094903 train_acc=0.989473 val_acc=0.990037 lr=0.0010 time=0.99s best_val=0.060659 patience_left=-4
[EPOCH 19/20] train_loss=0.043021 val_loss=0.095063 train_acc=0.989572 val_acc=0.992586 lr=0.0010 time=0.98s best_val=0.060659 patience_left=-5
[EPOCH 20/20] train_loss=0.042406 val_loss=0.072537 train_acc=0.989026 val_acc=0.990269 lr=0.0010 time=1.01s best_val=0.060659 patience_left=-6

[STATS] Seed statistics saved to E:\HLC\data\outputs\cnn_lstm_fusion\Apose-IoT-23_multiclass\eval\seed_stats_fusion.json
[BEST SEED MODEL] Copying best checkpoint E:\HLC\data\outputs\cnn_lstm_fusion\Apose-IoT-23_multiclass\checks\best_ep20_fusion_seed13.pt -> E:\HLC\data\outputs\cnn_lstm_fusion\Apose-IoT-23_multiclass\checks\best_fusion.pt

[DONE] Best Checkpoint: E:\HLC\data\outputs\cnn_lstm_fusion\Apose-IoT-23_multiclass\checks\best_fusion.pt
       Best History CSV: E:\HLC\data\outputs\cnn_lstm_fusion\Apose-IoT-23_multiclass\history_fusion_seed13.csv
       Best Model Complexity: {'params': 170053, 'est_macs_per_sample': 189504, 'measured_infer_total_sec': 0.06926830002339557, 'measured_ms_per_batch': 2.0373029418645756, 'measured_ms_per_sample': 0.016049189069368763, 'measured_samples_per_sec': 62308.44410130259, 'measured_energy_j_proxy': 8.312196002807468, 'measured_batches': 34, 'measured_samples': 4316, 'val_detect_total_sec': 0.06926830002339557, 'val_detect_ms_per_sample': 0.016049189069368763}

==================== IDS EXPERIMENT CLI ====================
(1) Load & split dataset (persist)
(2) Load existing split (validate)
(3) Visualize features (EPS)
(4) Train model (save ckpt + curves + history CSV)
(5) Evaluate & plot performance (EPS + CSV/JSON)
(6) XAI (SHAP/LIME/ANOVA)
(7) Ablation (user-selected feature subset)
(8) Evaluate (explicit)
(9) Inference (load_model → predict live CSV)
(q) Quit
============================================================

Select option: 4

[4] Train a model
Available splits: ['Apose-IoT-23_binary', 'Apose-IoT-23_multiclass', 'BoT-IoT_binary', 'BoT-IoT_multiclass', 'CIC-IoMT-2024_binary', 'CIC-IoMT-2024_multiclass', 'CIC-IoT-2025_binary', 'CIC-IoT-2025_multiclass']
Split key: CIC-IoMT-2024_binary
[INFO] Detected classes=2 → binary
Epochs? [default: 50] 20
Batch size? [default: 256] 128
Learning rate? [default: 0.001] 0.001
Early stop patience? [default: 8] 0
Model (fusion/dnn)? [default: fusion] choices=['fusion', 'dnn'] fusion

==================== RUNNING SEED 13 ====================
[TRAIN] Dataset=CIC-IoMT-2024_binary | Classes=2 | InputDim=45 | Seed=13
[TRAIN] Model=Fusion (CNN+LSTM) | Params=177,282 | Device=cuda | Batch=128 | LR=0.001
[TRAIN] Epochs=20 | EarlyStop=0 | Optim=AdamW | Loss=CrossEntropy
[EPOCH 1/20] train_loss=0.005487 val_loss=0.004461 train_acc=0.997797 val_acc=0.998073 lr=0.0010 time=318.02s best_val=inf patience_left=0
[CHECKPOINT] Saved best model at epoch 1 -> E:\HLC\data\outputs\cnn_lstm_fusion\CIC-IoMT-2024_binary\checks\best_ep1_fusion_seed13.pt
[EPOCH 2/20] train_loss=0.004448 val_loss=0.004300 train_acc=0.998132 val_acc=0.998160 lr=0.0010 time=322.02s best_val=0.004461 patience_left=0
[CHECKPOINT] Saved best model at epoch 2 -> E:\HLC\data\outputs\cnn_lstm_fusion\CIC-IoMT-2024_binary\checks\best_ep2_fusion_seed13.pt
[EPOCH 3/20] train_loss=0.004305 val_loss=0.004363 train_acc=0.998193 val_acc=0.998189 lr=0.0010 time=323.60s best_val=0.004300 patience_left=0
[EPOCH 4/20] train_loss=0.004265 val_loss=0.004097 train_acc=0.998208 val_acc=0.998254 lr=0.0010 time=316.79s best_val=0.004300 patience_left=0
[CHECKPOINT] Saved best model at epoch 4 -> E:\HLC\data\outputs\cnn_lstm_fusion\CIC-IoMT-2024_binary\checks\best_ep4_fusion_seed13.pt
[EPOCH 5/20] train_loss=0.004257 val_loss=0.004212 train_acc=0.998221 val_acc=0.998173 lr=0.0010 time=310.19s best_val=0.004097 patience_left=0
[EPOCH 6/20] train_loss=0.004212 val_loss=0.004332 train_acc=0.998236 val_acc=0.998259 lr=0.0010 time=306.34s best_val=0.004097 patience_left=-1
[EPOCH 7/20] train_loss=0.004204 val_loss=0.004152 train_acc=0.998244 val_acc=0.998201 lr=0.0010 time=317.97s best_val=0.004097 patience_left=-2
[EPOCH 8/20] train_loss=0.004181 val_loss=0.004297 train_acc=0.998250 val_acc=0.998088 lr=0.0010 time=338.06s best_val=0.004097 patience_left=-3
[EPOCH 9/20] train_loss=0.004157 val_loss=0.004177 train_acc=0.998265 val_acc=0.998286 lr=0.0010 time=299.73s best_val=0.004097 patience_left=-4
[EPOCH 10/20] train_loss=0.004193 val_loss=0.004265 train_acc=0.998225 val_acc=0.998230 lr=0.0010 time=302.14s best_val=0.004097 patience_left=-5
[EPOCH 11/20] train_loss=0.004194 val_loss=0.004158 train_acc=0.998242 val_acc=0.998217 lr=0.0010 time=300.55s best_val=0.004097 patience_left=-6
[EPOCH 12/20] train_loss=0.004178 val_loss=0.004101 train_acc=0.998239 val_acc=0.998220 lr=0.0010 time=300.37s best_val=0.004097 patience_left=-7
[EPOCH 13/20] train_loss=0.004202 val_loss=0.004695 train_acc=0.998227 val_acc=0.998039 lr=0.0010 time=302.99s best_val=0.004097 patience_left=-8
[EPOCH 14/20] train_loss=0.004246 val_loss=0.004761 train_acc=0.998233 val_acc=0.998159 lr=0.0010 time=301.24s best_val=0.004097 patience_left=-9
[EPOCH 15/20] train_loss=0.004201 val_loss=0.004531 train_acc=0.998241 val_acc=0.998067 lr=0.0010 time=302.02s best_val=0.004097 patience_left=-10
[EPOCH 16/20] train_loss=0.004216 val_loss=0.004186 train_acc=0.998226 val_acc=0.998249 lr=0.0010 time=300.51s best_val=0.004097 patience_left=-11
[EPOCH 17/20] train_loss=0.004161 val_loss=0.005593 train_acc=0.998245 val_acc=0.998086 lr=0.0010 time=304.29s best_val=0.004097 patience_left=-12
[EPOCH 18/20] train_loss=0.004159 val_loss=0.004288 train_acc=0.998263 val_acc=0.998216 lr=0.0010 time=312.24s best_val=0.004097 patience_left=-13
[EPOCH 19/20] train_loss=0.004150 val_loss=0.004188 train_acc=0.998265 val_acc=0.998186 lr=0.0010 time=306.96s best_val=0.004097 patience_left=-14
[EPOCH 20/20] train_loss=0.004131 val_loss=0.004198 train_acc=0.998266 val_acc=0.998226 lr=0.0010 time=301.67s best_val=0.004097 patience_left=-15

==================== RUNNING SEED 23 ====================
[TRAIN] Dataset=CIC-IoMT-2024_binary | Classes=2 | InputDim=45 | Seed=23
[TRAIN] Model=Fusion (CNN+LSTM) | Params=177,282 | Device=cuda | Batch=128 | LR=0.001
[TRAIN] Epochs=20 | EarlyStop=0 | Optim=AdamW | Loss=CrossEntropy
[EPOCH 1/20] train_loss=0.005579 val_loss=0.005443 train_acc=0.997668 val_acc=0.997861 lr=0.0010 time=312.32s best_val=inf patience_left=0
[CHECKPOINT] Saved best model at epoch 1 -> E:\HLC\data\outputs\cnn_lstm_fusion\CIC-IoMT-2024_binary\checks\best_ep1_fusion_seed23.pt
[EPOCH 2/20] train_loss=0.004457 val_loss=0.004568 train_acc=0.998111 val_acc=0.997953 lr=0.0010 time=311.24s best_val=0.005443 patience_left=0
[CHECKPOINT] Saved best model at epoch 2 -> E:\HLC\data\outputs\cnn_lstm_fusion\CIC-IoMT-2024_binary\checks\best_ep2_fusion_seed23.pt
[EPOCH 3/20] train_loss=0.004294 val_loss=0.004136 train_acc=0.998192 val_acc=0.998211 lr=0.0010 time=314.73s best_val=0.004568 patience_left=0
[CHECKPOINT] Saved best model at epoch 3 -> E:\HLC\data\outputs\cnn_lstm_fusion\CIC-IoMT-2024_binary\checks\best_ep3_fusion_seed23.pt
[EPOCH 4/20] train_loss=0.004219 val_loss=0.004091 train_acc=0.998218 val_acc=0.998243 lr=0.0010 time=333.98s best_val=0.004136 patience_left=0
[CHECKPOINT] Saved best model at epoch 4 -> E:\HLC\data\outputs\cnn_lstm_fusion\CIC-IoMT-2024_binary\checks\best_ep4_fusion_seed23.pt
[EPOCH 5/20] train_loss=0.004230 val_loss=0.004327 train_acc=0.998238 val_acc=0.998182 lr=0.0010 time=301.35s best_val=0.004091 patience_left=0
[EPOCH 6/20] train_loss=0.004233 val_loss=0.004060 train_acc=0.998221 val_acc=0.998220 lr=0.0010 time=298.51s best_val=0.004091 patience_left=0
[CHECKPOINT] Saved best model at epoch 6 -> E:\HLC\data\outputs\cnn_lstm_fusion\CIC-IoMT-2024_binary\checks\best_ep6_fusion_seed23.pt
[EPOCH 7/20] train_loss=0.004210 val_loss=0.004465 train_acc=0.998230 val_acc=0.998090 lr=0.0010 time=299.74s best_val=0.004060 patience_left=0
[EPOCH 8/20] train_loss=0.004217 val_loss=0.004366 train_acc=0.998228 val_acc=0.998118 lr=0.0010 time=299.05s best_val=0.004060 patience_left=-1
[EPOCH 9/20] train_loss=0.004234 val_loss=0.004165 train_acc=0.998221 val_acc=0.998164 lr=0.0010 time=297.60s best_val=0.004060 patience_left=-2
[EPOCH 10/20] train_loss=0.004187 val_loss=0.004283 train_acc=0.998233 val_acc=0.998211 lr=0.0010 time=298.85s best_val=0.004060 patience_left=-3
[EPOCH 11/20] train_loss=0.004185 val_loss=0.004247 train_acc=0.998247 val_acc=0.998146 lr=0.0010 time=300.15s best_val=0.004060 patience_left=-4
[EPOCH 12/20] train_loss=0.004186 val_loss=0.004084 train_acc=0.998250 val_acc=0.998265 lr=0.0010 time=307.61s best_val=0.004060 patience_left=-5
[EPOCH 13/20] train_loss=0.004197 val_loss=0.003981 train_acc=0.998228 val_acc=0.998258 lr=0.0010 time=308.53s best_val=0.004060 patience_left=0
[CHECKPOINT] Saved best model at epoch 13 -> E:\HLC\data\outputs\cnn_lstm_fusion\CIC-IoMT-2024_binary\checks\best_ep13_fusion_seed23.pt
[EPOCH 14/20] train_loss=0.004191 val_loss=0.004051 train_acc=0.998227 val_acc=0.998231 lr=0.0010 time=297.01s best_val=0.003981 patience_left=0
[EPOCH 15/20] train_loss=0.004184 val_loss=0.004241 train_acc=0.998242 val_acc=0.998151 lr=0.0010 time=301.94s best_val=0.003981 patience_left=-1
[EPOCH 16/20] train_loss=0.004211 val_loss=0.004484 train_acc=0.998233 val_acc=0.998154 lr=0.0010 time=306.20s best_val=0.003981 patience_left=-2
[EPOCH 17/20] train_loss=0.004219 val_loss=0.004418 train_acc=0.998229 val_acc=0.998210 lr=0.0010 time=321.33s best_val=0.003981 patience_left=-3
[EPOCH 18/20] train_loss=0.004210 val_loss=0.004169 train_acc=0.998238 val_acc=0.998182 lr=0.0010 time=307.50s best_val=0.003981 patience_left=-4
[EPOCH 19/20] train_loss=0.004224 val_loss=0.004139 train_acc=0.998227 val_acc=0.998200 lr=0.0010 time=314.44s best_val=0.003981 patience_left=-5
[EPOCH 20/20] train_loss=0.004187 val_loss=0.004361 train_acc=0.998230 val_acc=0.998155 lr=0.0010 time=330.39s best_val=0.003981 patience_left=-6

==================== RUNNING SEED 33 ====================
[TRAIN] Dataset=CIC-IoMT-2024_binary | Classes=2 | InputDim=45 | Seed=33
[TRAIN] Model=Fusion (CNN+LSTM) | Params=177,282 | Device=cuda | Batch=128 | LR=0.001
[TRAIN] Epochs=20 | EarlyStop=0 | Optim=AdamW | Loss=CrossEntropy
[EPOCH 1/20] train_loss=0.005595 val_loss=0.004702 train_acc=0.997727 val_acc=0.997945 lr=0.0010 time=301.47s best_val=inf patience_left=0
[CHECKPOINT] Saved best model at epoch 1 -> E:\HLC\data\outputs\cnn_lstm_fusion\CIC-IoMT-2024_binary\checks\best_ep1_fusion_seed33.pt
[EPOCH 2/20] train_loss=0.004458 val_loss=0.004498 train_acc=0.998123 val_acc=0.998019 lr=0.0010 time=298.79s best_val=0.004702 patience_left=0
[CHECKPOINT] Saved best model at epoch 2 -> E:\HLC\data\outputs\cnn_lstm_fusion\CIC-IoMT-2024_binary\checks\best_ep2_fusion_seed33.pt
[EPOCH 3/20] train_loss=0.004335 val_loss=0.004580 train_acc=0.998168 val_acc=0.998135 lr=0.0010 time=300.12s best_val=0.004498 patience_left=0
[EPOCH 4/20] train_loss=0.004270 val_loss=0.004221 train_acc=0.998178 val_acc=0.998138 lr=0.0010 time=296.78s best_val=0.004498 patience_left=0
[CHECKPOINT] Saved best model at epoch 4 -> E:\HLC\data\outputs\cnn_lstm_fusion\CIC-IoMT-2024_binary\checks\best_ep4_fusion_seed33.pt
[EPOCH 5/20] train_loss=0.004233 val_loss=0.004120 train_acc=0.998206 val_acc=0.998207 lr=0.0010 time=296.83s best_val=0.004221 patience_left=0
[CHECKPOINT] Saved best model at epoch 5 -> E:\HLC\data\outputs\cnn_lstm_fusion\CIC-IoMT-2024_binary\checks\best_ep5_fusion_seed33.pt
[EPOCH 6/20] train_loss=0.004228 val_loss=0.004115 train_acc=0.998233 val_acc=0.998203 lr=0.0010 time=303.91s best_val=0.004120 patience_left=0
[CHECKPOINT] Saved best model at epoch 6 -> E:\HLC\data\outputs\cnn_lstm_fusion\CIC-IoMT-2024_binary\checks\best_ep6_fusion_seed33.pt
[EPOCH 7/20] train_loss=0.004213 val_loss=0.004178 train_acc=0.998228 val_acc=0.998241 lr=0.0010 time=309.50s best_val=0.004115 patience_left=0
[EPOCH 8/20] train_loss=0.004183 val_loss=0.004264 train_acc=0.998237 val_acc=0.998185 lr=0.0010 time=298.99s best_val=0.004115 patience_left=-1
[EPOCH 9/20] train_loss=0.004203 val_loss=0.004530 train_acc=0.998215 val_acc=0.997968 lr=0.0010 time=299.37s best_val=0.004115 patience_left=-2
[EPOCH 10/20] train_loss=0.004186 val_loss=0.004147 train_acc=0.998237 val_acc=0.998243 lr=0.0010 time=300.57s best_val=0.004115 patience_left=-3
[EPOCH 11/20] train_loss=0.004184 val_loss=0.004062 train_acc=0.998239 val_acc=0.998234 lr=0.0010 time=302.84s best_val=0.004115 patience_left=0
[CHECKPOINT] Saved best model at epoch 11 -> E:\HLC\data\outputs\cnn_lstm_fusion\CIC-IoMT-2024_binary\checks\best_ep11_fusion_seed33.pt
[EPOCH 12/20] train_loss=0.004174 val_loss=0.004217 train_acc=0.998246 val_acc=0.998251 lr=0.0010 time=303.56s best_val=0.004062 patience_left=0
[EPOCH 13/20] train_loss=0.004121 val_loss=0.004384 train_acc=0.998252 val_acc=0.998198 lr=0.0010 time=300.23s best_val=0.004062 patience_left=-1
[EPOCH 14/20] train_loss=0.004154 val_loss=0.004055 train_acc=0.998253 val_acc=0.998208 lr=0.0010 time=300.04s best_val=0.004062 patience_left=0
[CHECKPOINT] Saved best model at epoch 14 -> E:\HLC\data\outputs\cnn_lstm_fusion\CIC-IoMT-2024_binary\checks\best_ep14_fusion_seed33.pt
[EPOCH 15/20] train_loss=0.004152 val_loss=0.004042 train_acc=0.998261 val_acc=0.998213 lr=0.0010 time=312.45s best_val=0.004055 patience_left=0
[CHECKPOINT] Saved best model at epoch 15 -> E:\HLC\data\outputs\cnn_lstm_fusion\CIC-IoMT-2024_binary\checks\best_ep15_fusion_seed33.pt
[EPOCH 16/20] train_loss=0.004198 val_loss=0.004185 train_acc=0.998237 val_acc=0.998219 lr=0.0010 time=328.95s best_val=0.004042 patience_left=0
[EPOCH 17/20] train_loss=0.004204 val_loss=0.004123 train_acc=0.998251 val_acc=0.998271 lr=0.0010 time=304.58s best_val=0.004042 patience_left=-1
[EPOCH 18/20] train_loss=0.004262 val_loss=0.004218 train_acc=0.998216 val_acc=0.998225 lr=0.0010 time=299.80s best_val=0.004042 patience_left=-2
[EPOCH 19/20] train_loss=0.004215 val_loss=0.004042 train_acc=0.998236 val_acc=0.998275 lr=0.0010 time=301.92s best_val=0.004042 patience_left=-3
[EPOCH 20/20] train_loss=0.004203 val_loss=0.004629 train_acc=0.998242 val_acc=0.998084 lr=0.0010 time=302.82s best_val=0.004042 patience_left=-4

==================== RUNNING SEED 43 ====================
[TRAIN] Dataset=CIC-IoMT-2024_binary | Classes=2 | InputDim=45 | Seed=43
[TRAIN] Model=Fusion (CNN+LSTM) | Params=177,282 | Device=cuda | Batch=128 | LR=0.001
[TRAIN] Epochs=20 | EarlyStop=0 | Optim=AdamW | Loss=CrossEntropy
[EPOCH 1/20] train_loss=0.005540 val_loss=0.004896 train_acc=0.997732 val_acc=0.997754 lr=0.0010 time=314.04s best_val=inf patience_left=0
[CHECKPOINT] Saved best model at epoch 1 -> E:\HLC\data\outputs\cnn_lstm_fusion\CIC-IoMT-2024_binary\checks\best_ep1_fusion_seed43.pt
[EPOCH 2/20] train_loss=0.004393 val_loss=0.004427 train_acc=0.998144 val_acc=0.998122 lr=0.0010 time=302.78s best_val=0.004896 patience_left=0
[CHECKPOINT] Saved best model at epoch 2 -> E:\HLC\data\outputs\cnn_lstm_fusion\CIC-IoMT-2024_binary\checks\best_ep2_fusion_seed43.pt
[EPOCH 3/20] train_loss=0.004279 val_loss=0.004141 train_acc=0.998204 val_acc=0.998206 lr=0.0010 time=296.13s best_val=0.004427 patience_left=0
[CHECKPOINT] Saved best model at epoch 3 -> E:\HLC\data\outputs\cnn_lstm_fusion\CIC-IoMT-2024_binary\checks\best_ep3_fusion_seed43.pt
[EPOCH 4/20] train_loss=0.004239 val_loss=0.004204 train_acc=0.998216 val_acc=0.998214 lr=0.0010 time=299.46s best_val=0.004141 patience_left=0
[EPOCH 5/20] train_loss=0.004207 val_loss=0.004293 train_acc=0.998236 val_acc=0.998182 lr=0.0010 time=298.69s best_val=0.004141 patience_left=-1
[EPOCH 6/20] train_loss=0.004203 val_loss=0.004167 train_acc=0.998247 val_acc=0.998248 lr=0.0010 time=301.10s best_val=0.004141 patience_left=-2
[EPOCH 7/20] train_loss=0.004181 val_loss=0.003969 train_acc=0.998247 val_acc=0.998308 lr=0.0010 time=304.75s best_val=0.004141 patience_left=0
[CHECKPOINT] Saved best model at epoch 7 -> E:\HLC\data\outputs\cnn_lstm_fusion\CIC-IoMT-2024_binary\checks\best_ep7_fusion_seed43.pt
[EPOCH 8/20] train_loss=0.004185 val_loss=0.004078 train_acc=0.998239 val_acc=0.998249 lr=0.0010 time=300.40s best_val=0.003969 patience_left=0
[EPOCH 9/20] train_loss=0.004198 val_loss=0.004048 train_acc=0.998236 val_acc=0.998246 lr=0.0010 time=303.72s best_val=0.003969 patience_left=-1
[EPOCH 10/20] train_loss=0.004183 val_loss=0.004107 train_acc=0.998244 val_acc=0.998240 lr=0.0010 time=300.89s best_val=0.003969 patience_left=-2
[EPOCH 11/20] train_loss=0.004205 val_loss=0.004137 train_acc=0.998235 val_acc=0.998228 lr=0.0010 time=303.53s best_val=0.003969 patience_left=-3
[EPOCH 12/20] train_loss=0.004205 val_loss=0.004737 train_acc=0.998238 val_acc=0.997974 lr=0.0010 time=318.76s best_val=0.003969 patience_left=-4
[EPOCH 13/20] train_loss=0.004177 val_loss=0.004254 train_acc=0.998234 val_acc=0.998217 lr=0.0010 time=318.99s best_val=0.003969 patience_left=-5
[EPOCH 14/20] train_loss=0.004203 val_loss=0.004165 train_acc=0.998231 val_acc=0.998171 lr=0.0010 time=302.93s best_val=0.003969 patience_left=-6
[EPOCH 15/20] train_loss=0.004208 val_loss=0.004241 train_acc=0.998237 val_acc=0.998151 lr=0.0010 time=310.62s best_val=0.003969 patience_left=-7
[EPOCH 16/20] train_loss=0.004187 val_loss=0.004032 train_acc=0.998245 val_acc=0.998271 lr=0.0010 time=304.71s best_val=0.003969 patience_left=-8
[EPOCH 17/20] train_loss=0.004217 val_loss=0.004112 train_acc=0.998249 val_acc=0.998216 lr=0.0010 time=299.85s best_val=0.003969 patience_left=-9
[EPOCH 18/20] train_loss=0.004187 val_loss=0.004106 train_acc=0.998251 val_acc=0.998243 lr=0.0010 time=298.51s best_val=0.003969 patience_left=-10
[EPOCH 19/20] train_loss=0.004195 val_loss=0.004043 train_acc=0.998244 val_acc=0.998239 lr=0.0010 time=296.39s best_val=0.003969 patience_left=-11
[EPOCH 20/20] train_loss=0.004185 val_loss=0.004047 train_acc=0.998253 val_acc=0.998277 lr=0.0010 time=297.77s best_val=0.003969 patience_left=-12

==================== RUNNING SEED 53 ====================
[TRAIN] Dataset=CIC-IoMT-2024_binary | Classes=2 | InputDim=45 | Seed=53
[TRAIN] Model=Fusion (CNN+LSTM) | Params=177,282 | Device=cuda | Batch=128 | LR=0.001
[TRAIN] Epochs=20 | EarlyStop=0 | Optim=AdamW | Loss=CrossEntropy
[EPOCH 1/20] train_loss=0.005508 val_loss=0.004393 train_acc=0.997776 val_acc=0.998065 lr=0.0010 time=297.62s best_val=inf patience_left=0
[CHECKPOINT] Saved best model at epoch 1 -> E:\HLC\data\outputs\cnn_lstm_fusion\CIC-IoMT-2024_binary\checks\best_ep1_fusion_seed53.pt
[EPOCH 2/20] train_loss=0.004419 val_loss=0.004337 train_acc=0.998131 val_acc=0.998193 lr=0.0010 time=303.85s best_val=0.004393 patience_left=0
[CHECKPOINT] Saved best model at epoch 2 -> E:\HLC\data\outputs\cnn_lstm_fusion\CIC-IoMT-2024_binary\checks\best_ep2_fusion_seed53.pt
[EPOCH 3/20] train_loss=0.004317 val_loss=0.004361 train_acc=0.998177 val_acc=0.998218 lr=0.0010 time=299.70s best_val=0.004337 patience_left=0
[EPOCH 4/20] train_loss=0.004277 val_loss=0.004249 train_acc=0.998198 val_acc=0.998176 lr=0.0010 time=301.37s best_val=0.004337 patience_left=0
[CHECKPOINT] Saved best model at epoch 4 -> E:\HLC\data\outputs\cnn_lstm_fusion\CIC-IoMT-2024_binary\checks\best_ep4_fusion_seed53.pt
[EPOCH 5/20] train_loss=0.004250 val_loss=0.004120 train_acc=0.998214 val_acc=0.998195 lr=0.0010 time=304.86s best_val=0.004249 patience_left=0
[CHECKPOINT] Saved best model at epoch 5 -> E:\HLC\data\outputs\cnn_lstm_fusion\CIC-IoMT-2024_binary\checks\best_ep5_fusion_seed53.pt
[EPOCH 6/20] train_loss=0.004222 val_loss=0.004054 train_acc=0.998229 val_acc=0.998209 lr=0.0010 time=327.90s best_val=0.004120 patience_left=0
[CHECKPOINT] Saved best model at epoch 6 -> E:\HLC\data\outputs\cnn_lstm_fusion\CIC-IoMT-2024_binary\checks\best_ep6_fusion_seed53.pt
[EPOCH 7/20] train_loss=0.004222 val_loss=0.004591 train_acc=0.998221 val_acc=0.997932 lr=0.0010 time=323.29s best_val=0.004054 patience_left=0
[EPOCH 8/20] train_loss=0.004208 val_loss=0.004371 train_acc=0.998244 val_acc=0.998106 lr=0.0010 time=325.19s best_val=0.004054 patience_left=-1
[EPOCH 9/20] train_loss=0.004233 val_loss=0.004241 train_acc=0.998208 val_acc=0.998202 lr=0.0010 time=325.00s best_val=0.004054 patience_left=-2
[EPOCH 10/20] train_loss=0.004189 val_loss=0.004256 train_acc=0.998233 val_acc=0.998207 lr=0.0010 time=307.94s best_val=0.004054 patience_left=-3
[EPOCH 11/20] train_loss=0.004163 val_loss=0.004165 train_acc=0.998258 val_acc=0.998171 lr=0.0010 time=299.91s best_val=0.004054 patience_left=-4
[EPOCH 12/20] train_loss=0.004164 val_loss=0.004103 train_acc=0.998243 val_acc=0.998237 lr=0.0010 time=298.89s best_val=0.004054 patience_left=-5
[EPOCH 13/20] train_loss=0.004154 val_loss=0.004116 train_acc=0.998255 val_acc=0.998243 lr=0.0010 time=298.17s best_val=0.004054 patience_left=-6
[EPOCH 14/20] train_loss=0.004157 val_loss=0.004269 train_acc=0.998243 val_acc=0.998102 lr=0.0010 time=299.26s best_val=0.004054 patience_left=-7
[EPOCH 15/20] train_loss=0.004206 val_loss=0.004231 train_acc=0.998245 val_acc=0.998211 lr=0.0010 time=298.53s best_val=0.004054 patience_left=-8
[EPOCH 16/20] train_loss=0.004190 val_loss=0.004048 train_acc=0.998245 val_acc=0.998268 lr=0.0010 time=300.99s best_val=0.004054 patience_left=0
[CHECKPOINT] Saved best model at epoch 16 -> E:\HLC\data\outputs\cnn_lstm_fusion\CIC-IoMT-2024_binary\checks\best_ep16_fusion_seed53.pt
[EPOCH 17/20] train_loss=0.004188 val_loss=0.003993 train_acc=0.998254 val_acc=0.998279 lr=0.0010 time=302.68s best_val=0.004048 patience_left=0
[CHECKPOINT] Saved best model at epoch 17 -> E:\HLC\data\outputs\cnn_lstm_fusion\CIC-IoMT-2024_binary\checks\best_ep17_fusion_seed53.pt
[EPOCH 18/20] train_loss=0.004195 val_loss=0.004556 train_acc=0.998262 val_acc=0.998050 lr=0.0010 time=303.43s best_val=0.003993 patience_left=0
[EPOCH 19/20] train_loss=0.004170 val_loss=0.004035 train_acc=0.998274 val_acc=0.998240 lr=0.0010 time=304.81s best_val=0.003993 patience_left=-1
[EPOCH 20/20] train_loss=0.004147 val_loss=0.004014 train_acc=0.998252 val_acc=0.998243 lr=0.0010 time=305.93s best_val=0.003993 patience_left=-2

[STATS] Seed statistics saved to E:\HLC\data\outputs\cnn_lstm_fusion\CIC-IoMT-2024_binary\eval\seed_stats_fusion.json
[BEST SEED MODEL] Copying best checkpoint E:\HLC\data\outputs\cnn_lstm_fusion\CIC-IoMT-2024_binary\checks\best_ep7_fusion_seed43.pt -> E:\HLC\data\outputs\cnn_lstm_fusion\CIC-IoMT-2024_binary\checks\best_fusion.pt

[DONE] Best Checkpoint: E:\HLC\data\outputs\cnn_lstm_fusion\CIC-IoMT-2024_binary\checks\best_fusion.pt
       Best History CSV: E:\HLC\data\outputs\cnn_lstm_fusion\CIC-IoMT-2024_binary\history_fusion_seed43.csv
       Best Model Complexity: {'params': 177282, 'est_macs_per_sample': 203968, 'measured_infer_total_sec': 16.265392999979667, 'measured_ms_per_batch': 1.6074111078149684, 'measured_ms_per_sample': 0.012558316199396125, 'measured_samples_per_sec': 79628.50943728314, 'measured_energy_j_proxy': 1951.84715999756, 'measured_batches': 10119, 'measured_samples': 1295189, 'val_detect_total_sec': 16.265392999979667, 'val_detect_ms_per_sample': 0.012558316199396125}

==================== IDS EXPERIMENT CLI ====================
(1) Load & split dataset (persist)
(2) Load existing split (validate)
(3) Visualize features (EPS)
(4) Train model (save ckpt + curves + history CSV)
(5) Evaluate & plot performance (EPS + CSV/JSON)
(6) XAI (SHAP/LIME/ANOVA)
(7) Ablation (user-selected feature subset)
(8) Evaluate (explicit)
(9) Inference (load_model → predict live CSV)
(q) Quit
============================================================

Select option: 4

[4] Train a model
Available splits: ['Apose-IoT-23_binary', 'Apose-IoT-23_multiclass', 'BoT-IoT_binary', 'BoT-IoT_multiclass', 'CIC-IoMT-2024_binary', 'CIC-IoMT-2024_multiclass', 'CIC-IoT-2025_binary', 'CIC-IoT-2025_multiclass']
Split key: CIC-IoMT-2024_multiclass
[INFO] Detected classes=19 → multiclass
Epochs? [default: 50] 20
Batch size? [default: 256] 128
Learning rate? [default: 0.001] 0.001
Early stop patience? [default: 8] 0
Model (fusion/dnn)? [default: fusion] choices=['fusion', 'dnn'] fusion
==================== RUNNING SEED 13 ====================
[TRAIN] Dataset=CIC-IoMT-2024_multiclass | Classes=19 | InputDim=45 | Seed=13
[TRAIN] Model=Fusion (CNN+LSTM) | Params=178,387 | Device=cuda | Batch=128 | LR=0.001
[TRAIN] Epochs=20 | EarlyStop=0 | Optim=AdamW | Loss=CrossEntropy
[EPOCH 1/20] train_loss=0.485340 val_loss=0.457792 train_acc=0.781459 val_acc=0.791911 lr=0.0010 time=316.06s best_val=inf patience_left=0
[CHECKPOINT] Saved best model at epoch 1 -> E:\HLC\data\outputs\cnn_lstm_fusion\CIC-IoMT-2024_multiclass\checks\best_ep1_fusion_seed13.pt
[EPOCH 2/20] train_loss=0.410995 val_loss=0.151761 train_acc=0.817354 val_acc=0.945930 lr=0.0010 time=293.82s best_val=0.457792 patience_left=0
[CHECKPOINT] Saved best model at epoch 2 -> E:\HLC\data\outputs\cnn_lstm_fusion\CIC-IoMT-2024_multiclass\checks\best_ep2_fusion_seed13.pt
[EPOCH 3/20] train_loss=0.257442 val_loss=0.223945 train_acc=0.897968 val_acc=0.894173 lr=0.0010 time=293.50s best_val=0.151761 patience_left=0
[EPOCH 4/20] train_loss=0.201369 val_loss=0.149454 train_acc=0.921926 val_acc=0.931912 lr=0.0010 time=295.31s best_val=0.151761 patience_left=0
[CHECKPOINT] Saved best model at epoch 4 -> E:\HLC\data\outputs\cnn_lstm_fusion\CIC-IoMT-2024_multiclass\checks\best_ep4_fusion_seed13.pt
[EPOCH 5/20] train_loss=0.233501 val_loss=0.074837 train_acc=0.911180 val_acc=0.970570 lr=0.0010 time=291.54s best_val=0.149454 patience_left=0
[CHECKPOINT] Saved best model at epoch 5 -> E:\HLC\data\outputs\cnn_lstm_fusion\CIC-IoMT-2024_multiclass\checks\best_ep5_fusion_seed13.pt
[EPOCH 6/20] train_loss=0.293038 val_loss=0.303496 train_acc=0.880788 val_acc=0.870773 lr=0.0010 time=287.88s best_val=0.074837 patience_left=0
[EPOCH 7/20] train_loss=0.377244 val_loss=0.432573 train_acc=0.838603 val_acc=0.796491 lr=0.0010 time=290.16s best_val=0.074837 patience_left=-1
[EPOCH 8/20] train_loss=0.445170 val_loss=0.443845 train_acc=0.800374 val_acc=0.795456 lr=0.0010 time=293.47s best_val=0.074837 patience_left=-2
[EPOCH 9/20] train_loss=0.309610 val_loss=0.062789 train_acc=0.871195 val_acc=0.977659 lr=0.0010 time=291.38s best_val=0.074837 patience_left=0
[CHECKPOINT] Saved best model at epoch 9 -> E:\HLC\data\outputs\cnn_lstm_fusion\CIC-IoMT-2024_multiclass\checks\best_ep9_fusion_seed13.pt
[EPOCH 10/20] train_loss=0.080089 val_loss=0.042130 train_acc=0.973302 val_acc=0.989105 lr=0.0010 time=293.57s best_val=0.062789 patience_left=0
[CHECKPOINT] Saved best model at epoch 10 -> E:\HLC\data\outputs\cnn_lstm_fusion\CIC-IoMT-2024_multiclass\checks\best_ep10_fusion_seed13.pt
[EPOCH 11/20] train_loss=0.054869 val_loss=0.035000 train_acc=0.982110 val_acc=0.989107 lr=0.0010 time=291.59s best_val=0.042130 patience_left=0
[CHECKPOINT] Saved best model at epoch 11 -> E:\HLC\data\outputs\cnn_lstm_fusion\CIC-IoMT-2024_multiclass\checks\best_ep11_fusion_seed13.pt
[EPOCH 12/20] train_loss=0.045409 val_loss=0.022326 train_acc=0.986755 val_acc=0.991584 lr=0.0010 time=291.36s best_val=0.035000 patience_left=0
[CHECKPOINT] Saved best model at epoch 12 -> E:\HLC\data\outputs\cnn_lstm_fusion\CIC-IoMT-2024_multiclass\checks\best_ep12_fusion_seed13.pt
[EPOCH 13/20] train_loss=0.047284 val_loss=0.024808 train_acc=0.985643 val_acc=0.990960 lr=0.0010 time=289.82s best_val=0.022326 patience_left=0
[EPOCH 14/20] train_loss=0.063004 val_loss=0.024841 train_acc=0.978649 val_acc=0.991100 lr=0.0010 time=292.25s best_val=0.022326 patience_left=-1
[EPOCH 15/20] train_loss=0.054102 val_loss=0.022672 train_acc=0.982909 val_acc=0.991668 lr=0.0010 time=304.50s best_val=0.022326 patience_left=-2
[EPOCH 16/20] train_loss=0.050515 val_loss=0.020672 train_acc=0.983560 val_acc=0.992456 lr=0.0010 time=300.91s best_val=0.022326 patience_left=0
[CHECKPOINT] Saved best model at epoch 16 -> E:\HLC\data\outputs\cnn_lstm_fusion\CIC-IoMT-2024_multiclass\checks\best_ep16_fusion_seed13.pt
[EPOCH 17/20] train_loss=0.046409 val_loss=0.037839 train_acc=0.985613 val_acc=0.987954 lr=0.0010 time=302.55s best_val=0.020672 patience_left=0
[EPOCH 18/20] train_loss=0.051748 val_loss=0.024041 train_acc=0.983490 val_acc=0.990850 lr=0.0010 time=313.51s best_val=0.020672 patience_left=-1
[EPOCH 19/20] train_loss=0.040048 val_loss=0.023476 train_acc=0.987480 val_acc=0.991871 lr=0.0010 time=305.81s best_val=0.020672 patience_left=-2
[EPOCH 20/20] train_loss=0.052983 val_loss=0.024683 train_acc=0.982637 val_acc=0.991253 lr=0.0010 time=313.78s best_val=0.020672 patience_left=-3

==================== RUNNING SEED 23 ====================
[TRAIN] Dataset=CIC-IoMT-2024_multiclass | Classes=19 | InputDim=45 | Seed=23
[TRAIN] Model=Fusion (CNN+LSTM) | Params=178,387 | Device=cuda | Batch=128 | LR=0.001
[TRAIN] Epochs=20 | EarlyStop=0 | Optim=AdamW | Loss=CrossEntropy
[EPOCH 1/20] train_loss=0.488826 val_loss=0.459443 train_acc=0.780249 val_acc=0.790207 lr=0.0010 time=326.38s best_val=inf patience_left=0
[CHECKPOINT] Saved best model at epoch 1 -> E:\HLC\data\outputs\cnn_lstm_fusion\CIC-IoMT-2024_multiclass\checks\best_ep1_fusion_seed23.pt
[EPOCH 2/20] train_loss=0.460535 val_loss=0.455047 train_acc=0.790977 val_acc=0.793290 lr=0.0010 time=304.18s best_val=0.459443 patience_left=0
[CHECKPOINT] Saved best model at epoch 2 -> E:\HLC\data\outputs\cnn_lstm_fusion\CIC-IoMT-2024_multiclass\checks\best_ep2_fusion_seed23.pt
[EPOCH 3/20] train_loss=0.428643 val_loss=0.346113 train_acc=0.809089 val_acc=0.847023 lr=0.0010 time=300.49s best_val=0.455047 patience_left=0
[CHECKPOINT] Saved best model at epoch 3 -> E:\HLC\data\outputs\cnn_lstm_fusion\CIC-IoMT-2024_multiclass\checks\best_ep3_fusion_seed23.pt
[EPOCH 4/20] train_loss=0.217067 val_loss=0.087375 train_acc=0.918761 val_acc=0.975311 lr=0.0010 time=303.23s best_val=0.346113 patience_left=0
[CHECKPOINT] Saved best model at epoch 4 -> E:\HLC\data\outputs\cnn_lstm_fusion\CIC-IoMT-2024_multiclass\checks\best_ep4_fusion_seed23.pt
[EPOCH 5/20] train_loss=0.241463 val_loss=0.208540 train_acc=0.905297 val_acc=0.913752 lr=0.0010 time=298.77s best_val=0.087375 patience_left=0
[EPOCH 6/20] train_loss=0.299018 val_loss=0.373311 train_acc=0.879715 val_acc=0.851369 lr=0.0010 time=299.47s best_val=0.087375 patience_left=-1
[EPOCH 7/20] train_loss=0.249248 val_loss=0.056299 train_acc=0.901989 val_acc=0.983085 lr=0.0010 time=299.35s best_val=0.087375 patience_left=0
[CHECKPOINT] Saved best model at epoch 7 -> E:\HLC\data\outputs\cnn_lstm_fusion\CIC-IoMT-2024_multiclass\checks\best_ep7_fusion_seed23.pt
[EPOCH 8/20] train_loss=0.085812 val_loss=0.026582 train_acc=0.973924 val_acc=0.990659 lr=0.0010 time=302.79s best_val=0.056299 patience_left=0
[CHECKPOINT] Saved best model at epoch 8 -> E:\HLC\data\outputs\cnn_lstm_fusion\CIC-IoMT-2024_multiclass\checks\best_ep8_fusion_seed23.pt
[EPOCH 9/20] train_loss=0.065015 val_loss=0.038519 train_acc=0.980485 val_acc=0.988529 lr=0.0010 time=297.01s best_val=0.026582 patience_left=0
[EPOCH 10/20] train_loss=0.057967 val_loss=0.207098 train_acc=0.983618 val_acc=0.930446 lr=0.0010 time=298.85s best_val=0.026582 patience_left=-1
[EPOCH 11/20] train_loss=0.083869 val_loss=0.025493 train_acc=0.969521 val_acc=0.989979 lr=0.0010 time=300.89s best_val=0.026582 patience_left=0
[CHECKPOINT] Saved best model at epoch 11 -> E:\HLC\data\outputs\cnn_lstm_fusion\CIC-IoMT-2024_multiclass\checks\best_ep11_fusion_seed23.pt
[EPOCH 12/20] train_loss=0.044763 val_loss=0.033113 train_acc=0.986316 val_acc=0.990819 lr=0.0010 time=310.35s best_val=0.025493 patience_left=0
[EPOCH 13/20] train_loss=0.043509 val_loss=0.028890 train_acc=0.986973 val_acc=0.991748 lr=0.0010 time=311.01s best_val=0.025493 patience_left=-1
[EPOCH 14/20] train_loss=0.148080 val_loss=0.157472 train_acc=0.942671 val_acc=0.933474 lr=0.0010 time=302.51s best_val=0.025493 patience_left=-2
[EPOCH 15/20] train_loss=0.069399 val_loss=0.024861 train_acc=0.975859 val_acc=0.991033 lr=0.0010 time=303.83s best_val=0.025493 patience_left=0
[CHECKPOINT] Saved best model at epoch 15 -> E:\HLC\data\outputs\cnn_lstm_fusion\CIC-IoMT-2024_multiclass\checks\best_ep15_fusion_seed23.pt
[EPOCH 16/20] train_loss=0.055716 val_loss=0.023834 train_acc=0.982456 val_acc=0.992656 lr=0.0010 time=312.45s best_val=0.024861 patience_left=0
[CHECKPOINT] Saved best model at epoch 16 -> E:\HLC\data\outputs\cnn_lstm_fusion\CIC-IoMT-2024_multiclass\checks\best_ep16_fusion_seed23.pt
[EPOCH 17/20] train_loss=0.047852 val_loss=0.023286 train_acc=0.985294 val_acc=0.991770 lr=0.0010 time=322.18s best_val=0.023834 patience_left=0
[CHECKPOINT] Saved best model at epoch 17 -> E:\HLC\data\outputs\cnn_lstm_fusion\CIC-IoMT-2024_multiclass\checks\best_ep17_fusion_seed23.pt
[EPOCH 18/20] train_loss=0.046755 val_loss=0.025458 train_acc=0.986398 val_acc=0.992064 lr=0.0010 time=312.42s best_val=0.023286 patience_left=0
[EPOCH 19/20] train_loss=0.050318 val_loss=0.040641 train_acc=0.984836 val_acc=0.989396 lr=0.0010 time=299.62s best_val=0.023286 patience_left=-1
[EPOCH 20/20] train_loss=0.041187 val_loss=0.027838 train_acc=0.987078 val_acc=0.990560 lr=0.0010 time=303.87s best_val=0.023286 patience_left=-2

==================== RUNNING SEED 33 ====================
[TRAIN] Dataset=CIC-IoMT-2024_multiclass | Classes=19 | InputDim=45 | Seed=33
[TRAIN] Model=Fusion (CNN+LSTM) | Params=178,387 | Device=cuda | Batch=128 | LR=0.001
[TRAIN] Epochs=20 | EarlyStop=0 | Optim=AdamW | Loss=CrossEntropy
[EPOCH 1/20] train_loss=0.481434 val_loss=0.458465 train_acc=0.783126 val_acc=0.790860 lr=0.0010 time=297.33s best_val=inf patience_left=0
[CHECKPOINT] Saved best model at epoch 1 -> E:\HLC\data\outputs\cnn_lstm_fusion\CIC-IoMT-2024_multiclass\checks\best_ep1_fusion_seed33.pt
[EPOCH 2/20] train_loss=0.458380 val_loss=0.447715 train_acc=0.791920 val_acc=0.794749 lr=0.0010 time=300.78s best_val=0.458465 patience_left=0
[CHECKPOINT] Saved best model at epoch 2 -> E:\HLC\data\outputs\cnn_lstm_fusion\CIC-IoMT-2024_multiclass\checks\best_ep2_fusion_seed33.pt
[EPOCH 3/20] train_loss=0.301538 val_loss=0.148869 train_acc=0.876693 val_acc=0.922531 lr=0.0010 time=303.05s best_val=0.447715 patience_left=0
[CHECKPOINT] Saved best model at epoch 3 -> E:\HLC\data\outputs\cnn_lstm_fusion\CIC-IoMT-2024_multiclass\checks\best_ep3_fusion_seed33.pt
[EPOCH 4/20] train_loss=0.221331 val_loss=0.331478 train_acc=0.917313 val_acc=0.847331 lr=0.0010 time=300.34s best_val=0.148869 patience_left=0
[EPOCH 5/20] train_loss=0.283264 val_loss=0.084642 train_acc=0.889954 val_acc=0.978918 lr=0.0010 time=297.35s best_val=0.148869 patience_left=0
[CHECKPOINT] Saved best model at epoch 5 -> E:\HLC\data\outputs\cnn_lstm_fusion\CIC-IoMT-2024_multiclass\checks\best_ep5_fusion_seed33.pt
[EPOCH 6/20] train_loss=0.409378 val_loss=0.451554 train_acc=0.822681 val_acc=0.779395 lr=0.0010 time=301.30s best_val=0.084642 patience_left=0
[EPOCH 7/20] train_loss=0.440394 val_loss=0.446953 train_acc=0.804102 val_acc=0.796399 lr=0.0010 time=313.32s best_val=0.084642 patience_left=-1
[EPOCH 8/20] train_loss=0.453523 val_loss=0.448415 train_acc=0.794924 val_acc=0.796076 lr=0.0010 time=306.06s best_val=0.084642 patience_left=-2
[EPOCH 9/20] train_loss=0.279323 val_loss=0.058294 train_acc=0.885523 val_acc=0.979681 lr=0.0010 time=308.03s best_val=0.084642 patience_left=0
[CHECKPOINT] Saved best model at epoch 9 -> E:\HLC\data\outputs\cnn_lstm_fusion\CIC-IoMT-2024_multiclass\checks\best_ep9_fusion_seed33.pt
[EPOCH 10/20] train_loss=0.099280 val_loss=0.028933 train_acc=0.965741 val_acc=0.989490 lr=0.0010 time=316.18s best_val=0.058294 patience_left=0
[CHECKPOINT] Saved best model at epoch 10 -> E:\HLC\data\outputs\cnn_lstm_fusion\CIC-IoMT-2024_multiclass\checks\best_ep10_fusion_seed33.pt
[EPOCH 11/20] train_loss=0.056192 val_loss=0.028888 train_acc=0.981402 val_acc=0.989431 lr=0.0010 time=328.09s best_val=0.028933 patience_left=0
[CHECKPOINT] Saved best model at epoch 11 -> E:\HLC\data\outputs\cnn_lstm_fusion\CIC-IoMT-2024_multiclass\checks\best_ep11_fusion_seed33.pt
[EPOCH 12/20] train_loss=0.051637 val_loss=0.021899 train_acc=0.983387 val_acc=0.991902 lr=0.0010 time=319.87s best_val=0.028888 patience_left=0
[CHECKPOINT] Saved best model at epoch 12 -> E:\HLC\data\outputs\cnn_lstm_fusion\CIC-IoMT-2024_multiclass\checks\best_ep12_fusion_seed33.pt
[EPOCH 13/20] train_loss=0.060259 val_loss=0.022528 train_acc=0.980091 val_acc=0.992264 lr=0.0010 time=320.43s best_val=0.021899 patience_left=0
[EPOCH 14/20] train_loss=0.041813 val_loss=0.021105 train_acc=0.987299 val_acc=0.992206 lr=0.0010 time=293.50s best_val=0.021899 patience_left=0
[CHECKPOINT] Saved best model at epoch 14 -> E:\HLC\data\outputs\cnn_lstm_fusion\CIC-IoMT-2024_multiclass\checks\best_ep14_fusion_seed33.pt
[EPOCH 15/20] train_loss=0.048746 val_loss=0.026442 train_acc=0.984535 val_acc=0.989928 lr=0.0010 time=293.13s best_val=0.021105 patience_left=0
[EPOCH 16/20] train_loss=0.053078 val_loss=0.023587 train_acc=0.983105 val_acc=0.991234 lr=0.0010 time=290.61s best_val=0.021105 patience_left=-1
[EPOCH 17/20] train_loss=0.055999 val_loss=0.669330 train_acc=0.983077 val_acc=0.895177 lr=0.0010 time=293.20s best_val=0.021105 patience_left=-2
[EPOCH 18/20] train_loss=0.053839 val_loss=0.025722 train_acc=0.983026 val_acc=0.989931 lr=0.0010 time=293.89s best_val=0.021105 patience_left=-3
[EPOCH 19/20] train_loss=0.056741 val_loss=0.021760 train_acc=0.981141 val_acc=0.992031 lr=0.0010 time=297.02s best_val=0.021105 patience_left=-4
[EPOCH 20/20] train_loss=0.057211 val_loss=0.021931 train_acc=0.980618 val_acc=0.991661 lr=0.0010 time=291.19s best_val=0.021105 patience_left=-5

==================== RUNNING SEED 43 ====================
[TRAIN] Dataset=CIC-IoMT-2024_multiclass | Classes=19 | InputDim=45 | Seed=43
[TRAIN] Model=Fusion (CNN+LSTM) | Params=178,387 | Device=cuda | Batch=128 | LR=0.001
[TRAIN] Epochs=20 | EarlyStop=0 | Optim=AdamW | Loss=CrossEntropy
[EPOCH 1/20] train_loss=0.484279 val_loss=0.458647 train_acc=0.782299 val_acc=0.791440 lr=0.0010 time=292.17s best_val=inf patience_left=0
[CHECKPOINT] Saved best model at epoch 1 -> E:\HLC\data\outputs\cnn_lstm_fusion\CIC-IoMT-2024_multiclass\checks\best_ep1_fusion_seed43.pt
[EPOCH 2/20] train_loss=0.458738 val_loss=0.453484 train_acc=0.791925 val_acc=0.792623 lr=0.0010 time=288.47s best_val=0.458647 patience_left=0
[CHECKPOINT] Saved best model at epoch 2 -> E:\HLC\data\outputs\cnn_lstm_fusion\CIC-IoMT-2024_multiclass\checks\best_ep2_fusion_seed43.pt
[EPOCH 3/20] train_loss=0.376880 val_loss=0.159903 train_acc=0.839060 val_acc=0.967080 lr=0.0010 time=292.70s best_val=0.453484 patience_left=0
[CHECKPOINT] Saved best model at epoch 3 -> E:\HLC\data\outputs\cnn_lstm_fusion\CIC-IoMT-2024_multiclass\checks\best_ep3_fusion_seed43.pt
[EPOCH 4/20] train_loss=0.159138 val_loss=0.599870 train_acc=0.946635 val_acc=0.874354 lr=0.0010 time=287.82s best_val=0.159903 patience_left=0
[EPOCH 5/20] train_loss=0.195193 val_loss=0.048534 train_acc=0.929637 val_acc=0.983373 lr=0.0010 time=287.77s best_val=0.159903 patience_left=0
[CHECKPOINT] Saved best model at epoch 5 -> E:\HLC\data\outputs\cnn_lstm_fusion\CIC-IoMT-2024_multiclass\checks\best_ep5_fusion_seed43.pt
[EPOCH 6/20] train_loss=0.172622 val_loss=0.168730 train_acc=0.935553 val_acc=0.929578 lr=0.0010 time=288.76s best_val=0.048534 patience_left=0
[EPOCH 7/20] train_loss=0.334466 val_loss=0.470801 train_acc=0.859585 val_acc=0.826242 lr=0.0010 time=290.38s best_val=0.048534 patience_left=-1
[EPOCH 8/20] train_loss=0.428689 val_loss=0.455294 train_acc=0.808979 val_acc=0.789413 lr=0.0010 time=289.34s best_val=0.048534 patience_left=-2
[EPOCH 9/20] train_loss=0.249612 val_loss=0.090511 train_acc=0.896402 val_acc=0.963032 lr=0.0010 time=287.00s best_val=0.048534 patience_left=-3
[EPOCH 10/20] train_loss=0.096763 val_loss=0.031835 train_acc=0.965762 val_acc=0.989090 lr=0.0010 time=290.88s best_val=0.048534 patience_left=0
[CHECKPOINT] Saved best model at epoch 10 -> E:\HLC\data\outputs\cnn_lstm_fusion\CIC-IoMT-2024_multiclass\checks\best_ep10_fusion_seed43.pt
[EPOCH 11/20] train_loss=0.068554 val_loss=0.026828 train_acc=0.977145 val_acc=0.990111 lr=0.0010 time=289.88s best_val=0.031835 patience_left=0
[CHECKPOINT] Saved best model at epoch 11 -> E:\HLC\data\outputs\cnn_lstm_fusion\CIC-IoMT-2024_multiclass\checks\best_ep11_fusion_seed43.pt
[EPOCH 12/20] train_loss=0.054871 val_loss=0.024047 train_acc=0.982326 val_acc=0.992072 lr=0.0010 time=288.09s best_val=0.026828 patience_left=0
[CHECKPOINT] Saved best model at epoch 12 -> E:\HLC\data\outputs\cnn_lstm_fusion\CIC-IoMT-2024_multiclass\checks\best_ep12_fusion_seed43.pt
[EPOCH 13/20] train_loss=0.041999 val_loss=0.022142 train_acc=0.987271 val_acc=0.992309 lr=0.0010 time=289.42s best_val=0.024047 patience_left=0
[CHECKPOINT] Saved best model at epoch 13 -> E:\HLC\data\outputs\cnn_lstm_fusion\CIC-IoMT-2024_multiclass\checks\best_ep13_fusion_seed43.pt
[EPOCH 14/20] train_loss=0.045279 val_loss=0.040507 train_acc=0.985453 val_acc=0.986353 lr=0.0010 time=292.55s best_val=0.022142 patience_left=0
[EPOCH 15/20] train_loss=0.047571 val_loss=0.023572 train_acc=0.985472 val_acc=0.991069 lr=0.0010 time=291.47s best_val=0.022142 patience_left=-1
[EPOCH 16/20] train_loss=0.051915 val_loss=0.023112 train_acc=0.984049 val_acc=0.991770 lr=0.0010 time=291.73s best_val=0.022142 patience_left=-2
[EPOCH 17/20] train_loss=0.049693 val_loss=0.020827 train_acc=0.984389 val_acc=0.992216 lr=0.0010 time=287.45s best_val=0.022142 patience_left=0
[CHECKPOINT] Saved best model at epoch 17 -> E:\HLC\data\outputs\cnn_lstm_fusion\CIC-IoMT-2024_multiclass\checks\best_ep17_fusion_seed43.pt
[EPOCH 18/20] train_loss=0.052084 val_loss=0.021716 train_acc=0.983038 val_acc=0.992135 lr=0.0010 time=288.57s best_val=0.020827 patience_left=0
[EPOCH 19/20] train_loss=0.048386 val_loss=0.020468 train_acc=0.984698 val_acc=0.992371 lr=0.0010 time=285.32s best_val=0.020827 patience_left=0
[CHECKPOINT] Saved best model at epoch 19 -> E:\HLC\data\outputs\cnn_lstm_fusion\CIC-IoMT-2024_multiclass\checks\best_ep19_fusion_seed43.pt
[EPOCH 20/20] train_loss=0.040689 val_loss=0.028253 train_acc=0.987379 val_acc=0.988866 lr=0.0010 time=290.55s best_val=0.020468 patience_left=0

==================== RUNNING SEED 53 ====================
[TRAIN] Dataset=CIC-IoMT-2024_multiclass | Classes=19 | InputDim=45 | Seed=53
[TRAIN] Model=Fusion (CNN+LSTM) | Params=178,387 | Device=cuda | Batch=128 | LR=0.001
[TRAIN] Epochs=20 | EarlyStop=0 | Optim=AdamW | Loss=CrossEntropy
[EPOCH 1/20] train_loss=0.483549 val_loss=0.458980 train_acc=0.782142 val_acc=0.790623 lr=0.0010 time=289.24s best_val=inf patience_left=0
[CHECKPOINT] Saved best model at epoch 1 -> E:\HLC\data\outputs\cnn_lstm_fusion\CIC-IoMT-2024_multiclass\checks\best_ep1_fusion_seed53.pt
[EPOCH 2/20] train_loss=0.457897 val_loss=0.455622 train_acc=0.792034 val_acc=0.791911 lr=0.0010 time=288.97s best_val=0.458980 patience_left=0
[CHECKPOINT] Saved best model at epoch 2 -> E:\HLC\data\outputs\cnn_lstm_fusion\CIC-IoMT-2024_multiclass\checks\best_ep2_fusion_seed53.pt
[EPOCH 3/20] train_loss=0.375562 val_loss=0.257909 train_acc=0.841160 val_acc=0.932993 lr=0.0010 time=287.41s best_val=0.455622 patience_left=0
[CHECKPOINT] Saved best model at epoch 3 -> E:\HLC\data\outputs\cnn_lstm_fusion\CIC-IoMT-2024_multiclass\checks\best_ep3_fusion_seed53.pt
[EPOCH 4/20] train_loss=0.303169 val_loss=0.216117 train_acc=0.879970 val_acc=0.915973 lr=0.0010 time=292.19s best_val=0.257909 patience_left=0
[CHECKPOINT] Saved best model at epoch 4 -> E:\HLC\data\outputs\cnn_lstm_fusion\CIC-IoMT-2024_multiclass\checks\best_ep4_fusion_seed53.pt
[EPOCH 5/20] train_loss=0.267685 val_loss=0.268274 train_acc=0.899117 val_acc=0.901710 lr=0.0010 time=333.61s best_val=0.216117 patience_left=0
[EPOCH 6/20] train_loss=0.187905 val_loss=0.068570 train_acc=0.932074 val_acc=0.982379 lr=0.0010 time=344.31s best_val=0.216117 patience_left=0
[CHECKPOINT] Saved best model at epoch 6 -> E:\HLC\data\outputs\cnn_lstm_fusion\CIC-IoMT-2024_multiclass\checks\best_ep6_fusion_seed53.pt
[EPOCH 7/20] train_loss=0.236720 val_loss=0.347766 train_acc=0.908539 val_acc=0.867577 lr=0.0010 time=340.18s best_val=0.068570 patience_left=0
[EPOCH 8/20] train_loss=0.409581 val_loss=0.316547 train_acc=0.820730 val_acc=0.855965 lr=0.0010 time=340.88s best_val=0.068570 patience_left=-1
[EPOCH 9/20] train_loss=0.412205 val_loss=0.335537 train_acc=0.820221 val_acc=0.854072 lr=0.0010 time=330.05s best_val=0.068570 patience_left=-2
[EPOCH 10/20] train_loss=0.429309 val_loss=0.423870 train_acc=0.808164 val_acc=0.802841 lr=0.0010 time=330.46s best_val=0.068570 patience_left=-3
[EPOCH 11/20] train_loss=0.132266 val_loss=0.030331 train_acc=0.950611 val_acc=0.989046 lr=0.0010 time=320.72s best_val=0.068570 patience_left=0
[CHECKPOINT] Saved best model at epoch 11 -> E:\HLC\data\outputs\cnn_lstm_fusion\CIC-IoMT-2024_multiclass\checks\best_ep11_fusion_seed53.pt
[EPOCH 12/20] train_loss=0.051530 val_loss=0.033952 train_acc=0.984055 val_acc=0.989222 lr=0.0010 time=316.27s best_val=0.030331 patience_left=0
[EPOCH 13/20] train_loss=0.061614 val_loss=0.025219 train_acc=0.980825 val_acc=0.990643 lr=0.0010 time=318.45s best_val=0.030331 patience_left=0
[CHECKPOINT] Saved best model at epoch 13 -> E:\HLC\data\outputs\cnn_lstm_fusion\CIC-IoMT-2024_multiclass\checks\best_ep13_fusion_seed53.pt
[EPOCH 14/20] train_loss=0.052954 val_loss=0.022013 train_acc=0.983787 val_acc=0.991763 lr=0.0010 time=305.61s best_val=0.025219 patience_left=0
[CHECKPOINT] Saved best model at epoch 14 -> E:\HLC\data\outputs\cnn_lstm_fusion\CIC-IoMT-2024_multiclass\checks\best_ep14_fusion_seed53.pt
[EPOCH 15/20] train_loss=0.053577 val_loss=0.021649 train_acc=0.983566 val_acc=0.991939 lr=0.0010 time=287.32s best_val=0.022013 patience_left=0
[CHECKPOINT] Saved best model at epoch 15 -> E:\HLC\data\outputs\cnn_lstm_fusion\CIC-IoMT-2024_multiclass\checks\best_ep15_fusion_seed53.pt
[EPOCH 16/20] train_loss=0.047998 val_loss=0.038664 train_acc=0.984621 val_acc=0.988252 lr=0.0010 time=290.53s best_val=0.021649 patience_left=0
[EPOCH 17/20] train_loss=0.041573 val_loss=0.021408 train_acc=0.987420 val_acc=0.992186 lr=0.0010 time=286.86s best_val=0.021649 patience_left=0
[CHECKPOINT] Saved best model at epoch 17 -> E:\HLC\data\outputs\cnn_lstm_fusion\CIC-IoMT-2024_multiclass\checks\best_ep17_fusion_seed53.pt
[EPOCH 18/20] train_loss=0.046510 val_loss=0.025080 train_acc=0.985017 val_acc=0.990497 lr=0.0010 time=285.54s best_val=0.021408 patience_left=0
[EPOCH 19/20] train_loss=0.058565 val_loss=0.028308 train_acc=0.981939 val_acc=0.990165 lr=0.0010 time=289.53s best_val=0.021408 patience_left=-1
[EPOCH 20/20] train_loss=0.045464 val_loss=0.025282 train_acc=0.986184 val_acc=0.990580 lr=0.0010 time=292.08s best_val=0.021408 patience_left=-2

[STATS] Seed statistics saved to E:\HLC\data\outputs\cnn_lstm_fusion\CIC-IoMT-2024_multiclass\eval\seed_stats_fusion.json
[BEST SEED MODEL] Copying best checkpoint E:\HLC\data\outputs\cnn_lstm_fusion\CIC-IoMT-2024_multiclass\checks\best_ep19_fusion_seed43.pt -> E:\HLC\data\outputs\cnn_lstm_fusion\CIC-IoMT-2024_multiclass\checks\best_fusion.pt

[DONE] Best Checkpoint: E:\HLC\data\outputs\cnn_lstm_fusion\CIC-IoMT-2024_multiclass\checks\best_fusion.pt
       Best History CSV: E:\HLC\data\outputs\cnn_lstm_fusion\CIC-IoMT-2024_multiclass\history_fusion_seed43.csv
       Best Model Complexity: {'params': 178387, 'est_macs_per_sample': 206144, 'measured_infer_total_sec': 15.91648419998819, 'measured_ms_per_batch': 1.5729305464955223, 'measured_ms_per_sample': 0.012288927870749512, 'measured_samples_per_sec': 81374.06375215457, 'measured_energy_j_proxy': 1909.9781039985828, 'measured_batches': 10119, 'measured_samples': 1295189, 'val_detect_total_sec': 15.91648419998819, 'val_detect_ms_per_sample': 0.012288927870749512}

==================== IDS EXPERIMENT CLI ====================
(1) Load & split dataset (persist)
(2) Load existing split (validate)
(3) Visualize features (EPS)
(4) Train model (save ckpt + curves + history CSV)
(5) Evaluate & plot performance (EPS + CSV/JSON)
(6) XAI (SHAP/LIME/ANOVA)
(7) Ablation (user-selected feature subset)
(8) Evaluate (explicit)
(9) Inference (load_model → predict live CSV)
(q) Quit
============================================================

Select option: 4

[4] Train a model
Available splits: ['Apose-IoT-23_binary', 'Apose-IoT-23_multiclass', 'BoT-IoT_binary', 'BoT-IoT_multiclass', 'CIC-IoMT-2024_binary', 'CIC-IoMT-2024_multiclass', 'CIC-IoT-2025_binary', 'CIC-IoT-2025_multiclass']
Split key: CIC-IoT-2025_binary
[INFO] Detected classes=2 → binary
Epochs? [default: 50] 20
Batch size? [default: 256] 128
Learning rate? [default: 0.001] 0.001
Early stop patience? [default: 8] 0
Model (fusion/dnn)? [default: fusion] choices=['fusion', 'dnn'] fusion

==================== RUNNING SEED 13 ====================
[TRAIN] Dataset=CIC-IoT-2025_binary | Classes=2 | InputDim=84 | Seed=13
[TRAIN] Model=Fusion (CNN+LSTM) | Params=187,266 | Device=cuda | Batch=128 | LR=0.001
[TRAIN] Epochs=20 | EarlyStop=0 | Optim=AdamW | Loss=CrossEntropy
[EPOCH 1/20] train_loss=0.123815 val_loss=0.084561 train_acc=0.953329 val_acc=0.968094 lr=0.0010 time=15.22s best_val=inf patience_left=0
[CHECKPOINT] Saved best model at epoch 1 -> E:\HLC\data\outputs\cnn_lstm_fusion\CIC-IoT-2025_binary\checks\best_ep1_fusion_seed13.pt
[EPOCH 2/20] train_loss=0.067179 val_loss=0.058724 train_acc=0.977065 val_acc=0.979687 lr=0.0010 time=16.19s best_val=0.084561 patience_left=0
[CHECKPOINT] Saved best model at epoch 2 -> E:\HLC\data\outputs\cnn_lstm_fusion\CIC-IoT-2025_binary\checks\best_ep2_fusion_seed13.pt
[EPOCH 3/20] train_loss=0.055356 val_loss=0.049329 train_acc=0.981087 val_acc=0.982619 lr=0.0010 time=16.48s best_val=0.058724 patience_left=0
[CHECKPOINT] Saved best model at epoch 3 -> E:\HLC\data\outputs\cnn_lstm_fusion\CIC-IoT-2025_binary\checks\best_ep3_fusion_seed13.pt
[EPOCH 4/20] train_loss=0.050440 val_loss=0.047603 train_acc=0.982863 val_acc=0.983731 lr=0.0010 time=18.04s best_val=0.049329 patience_left=0
[CHECKPOINT] Saved best model at epoch 4 -> E:\HLC\data\outputs\cnn_lstm_fusion\CIC-IoT-2025_binary\checks\best_ep4_fusion_seed13.pt
[EPOCH 5/20] train_loss=0.046034 val_loss=0.043903 train_acc=0.984113 val_acc=0.984703 lr=0.0010 time=16.00s best_val=0.047603 patience_left=0
[CHECKPOINT] Saved best model at epoch 5 -> E:\HLC\data\outputs\cnn_lstm_fusion\CIC-IoT-2025_binary\checks\best_ep5_fusion_seed13.pt
[EPOCH 6/20] train_loss=0.044870 val_loss=0.043508 train_acc=0.984586 val_acc=0.985506 lr=0.0010 time=15.15s best_val=0.043903 patience_left=0
[CHECKPOINT] Saved best model at epoch 6 -> E:\HLC\data\outputs\cnn_lstm_fusion\CIC-IoT-2025_binary\checks\best_ep6_fusion_seed13.pt
[EPOCH 7/20] train_loss=0.043897 val_loss=0.042590 train_acc=0.985202 val_acc=0.985105 lr=0.0010 time=15.22s best_val=0.043508 patience_left=0
[CHECKPOINT] Saved best model at epoch 7 -> E:\HLC\data\outputs\cnn_lstm_fusion\CIC-IoT-2025_binary\checks\best_ep7_fusion_seed13.pt
[EPOCH 8/20] train_loss=0.041562 val_loss=0.039403 train_acc=0.985979 val_acc=0.986556 lr=0.0010 time=14.29s best_val=0.042590 patience_left=0
[CHECKPOINT] Saved best model at epoch 8 -> E:\HLC\data\outputs\cnn_lstm_fusion\CIC-IoT-2025_binary\checks\best_ep8_fusion_seed13.pt
[EPOCH 9/20] train_loss=0.044163 val_loss=0.039540 train_acc=0.985503 val_acc=0.986355 lr=0.0010 time=14.28s best_val=0.039403 patience_left=0
[EPOCH 10/20] train_loss=0.040731 val_loss=0.039778 train_acc=0.986171 val_acc=0.986525 lr=0.0010 time=15.15s best_val=0.039403 patience_left=-1
[EPOCH 11/20] train_loss=0.040106 val_loss=0.040588 train_acc=0.986372 val_acc=0.985629 lr=0.0010 time=16.69s best_val=0.039403 patience_left=-2
[EPOCH 12/20] train_loss=0.040357 val_loss=0.039819 train_acc=0.986501 val_acc=0.985892 lr=0.0010 time=16.08s best_val=0.039403 patience_left=-3
[EPOCH 13/20] train_loss=0.039130 val_loss=0.041339 train_acc=0.986591 val_acc=0.985830 lr=0.0010 time=16.99s best_val=0.039403 patience_left=-4
[EPOCH 14/20] train_loss=0.038649 val_loss=0.040070 train_acc=0.986806 val_acc=0.986386 lr=0.0010 time=16.27s best_val=0.039403 patience_left=-5
[EPOCH 15/20] train_loss=0.039005 val_loss=0.039998 train_acc=0.986783 val_acc=0.986694 lr=0.0010 time=15.44s best_val=0.039403 patience_left=-6
[EPOCH 16/20] train_loss=0.039141 val_loss=0.038428 train_acc=0.986726 val_acc=0.986911 lr=0.0010 time=16.27s best_val=0.039403 patience_left=0
[CHECKPOINT] Saved best model at epoch 16 -> E:\HLC\data\outputs\cnn_lstm_fusion\CIC-IoT-2025_binary\checks\best_ep16_fusion_seed13.pt
[EPOCH 17/20] train_loss=0.038480 val_loss=0.037640 train_acc=0.987011 val_acc=0.987204 lr=0.0010 time=16.59s best_val=0.038428 patience_left=0
[CHECKPOINT] Saved best model at epoch 17 -> E:\HLC\data\outputs\cnn_lstm_fusion\CIC-IoT-2025_binary\checks\best_ep17_fusion_seed13.pt
[EPOCH 18/20] train_loss=0.038102 val_loss=0.037982 train_acc=0.987113 val_acc=0.986787 lr=0.0010 time=17.52s best_val=0.037640 patience_left=0
[EPOCH 19/20] train_loss=0.038387 val_loss=0.037591 train_acc=0.987150 val_acc=0.987219 lr=0.0010 time=18.12s best_val=0.037640 patience_left=0
[CHECKPOINT] Saved best model at epoch 19 -> E:\HLC\data\outputs\cnn_lstm_fusion\CIC-IoT-2025_binary\checks\best_ep19_fusion_seed13.pt
[EPOCH 20/20] train_loss=0.036925 val_loss=0.038739 train_acc=0.987437 val_acc=0.986833 lr=0.0010 time=18.32s best_val=0.037591 patience_left=0

==================== RUNNING SEED 23 ====================
[TRAIN] Dataset=CIC-IoT-2025_binary | Classes=2 | InputDim=84 | Seed=23
[TRAIN] Model=Fusion (CNN+LSTM) | Params=187,266 | Device=cuda | Batch=128 | LR=0.001
[TRAIN] Epochs=20 | EarlyStop=0 | Optim=AdamW | Loss=CrossEntropy
[EPOCH 1/20] train_loss=0.121286 val_loss=0.079005 train_acc=0.954989 val_acc=0.973188 lr=0.0010 time=17.05s best_val=inf patience_left=0
[CHECKPOINT] Saved best model at epoch 1 -> E:\HLC\data\outputs\cnn_lstm_fusion\CIC-IoT-2025_binary\checks\best_ep1_fusion_seed23.pt
[EPOCH 2/20] train_loss=0.067395 val_loss=0.056513 train_acc=0.977379 val_acc=0.980860 lr=0.0010 time=17.61s best_val=0.079005 patience_left=0
[CHECKPOINT] Saved best model at epoch 2 -> E:\HLC\data\outputs\cnn_lstm_fusion\CIC-IoT-2025_binary\checks\best_ep2_fusion_seed23.pt
[EPOCH 3/20] train_loss=0.056036 val_loss=0.049441 train_acc=0.981080 val_acc=0.982372 lr=0.0010 time=18.32s best_val=0.056513 patience_left=0
[CHECKPOINT] Saved best model at epoch 3 -> E:\HLC\data\outputs\cnn_lstm_fusion\CIC-IoT-2025_binary\checks\best_ep3_fusion_seed23.pt
[EPOCH 4/20] train_loss=0.054266 val_loss=0.048980 train_acc=0.981695 val_acc=0.982990 lr=0.0010 time=16.69s best_val=0.049441 patience_left=0
[CHECKPOINT] Saved best model at epoch 4 -> E:\HLC\data\outputs\cnn_lstm_fusion\CIC-IoT-2025_binary\checks\best_ep4_fusion_seed23.pt
[EPOCH 5/20] train_loss=0.049063 val_loss=0.048814 train_acc=0.983224 val_acc=0.982372 lr=0.0010 time=16.90s best_val=0.048980 patience_left=0
[CHECKPOINT] Saved best model at epoch 5 -> E:\HLC\data\outputs\cnn_lstm_fusion\CIC-IoT-2025_binary\checks\best_ep5_fusion_seed23.pt
[EPOCH 6/20] train_loss=0.046511 val_loss=0.044516 train_acc=0.984160 val_acc=0.984981 lr=0.0010 time=18.23s best_val=0.048814 patience_left=0
[CHECKPOINT] Saved best model at epoch 6 -> E:\HLC\data\outputs\cnn_lstm_fusion\CIC-IoT-2025_binary\checks\best_ep6_fusion_seed23.pt
[EPOCH 7/20] train_loss=0.044720 val_loss=0.043732 train_acc=0.984927 val_acc=0.984672 lr=0.0010 time=16.95s best_val=0.044516 patience_left=0
[CHECKPOINT] Saved best model at epoch 7 -> E:\HLC\data\outputs\cnn_lstm_fusion\CIC-IoT-2025_binary\checks\best_ep7_fusion_seed23.pt
[EPOCH 8/20] train_loss=0.042818 val_loss=0.041440 train_acc=0.985231 val_acc=0.985629 lr=0.0010 time=17.50s best_val=0.043732 patience_left=0
[CHECKPOINT] Saved best model at epoch 8 -> E:\HLC\data\outputs\cnn_lstm_fusion\CIC-IoT-2025_binary\checks\best_ep8_fusion_seed23.pt
[EPOCH 9/20] train_loss=0.042900 val_loss=0.040888 train_acc=0.985433 val_acc=0.986092 lr=0.0010 time=17.31s best_val=0.041440 patience_left=0
[CHECKPOINT] Saved best model at epoch 9 -> E:\HLC\data\outputs\cnn_lstm_fusion\CIC-IoT-2025_binary\checks\best_ep9_fusion_seed23.pt
[EPOCH 10/20] train_loss=0.041392 val_loss=0.043297 train_acc=0.985790 val_acc=0.985058 lr=0.0010 time=16.39s best_val=0.040888 patience_left=0
[EPOCH 11/20] train_loss=0.042084 val_loss=0.042260 train_acc=0.985906 val_acc=0.986293 lr=0.0010 time=17.52s best_val=0.040888 patience_left=-1
[EPOCH 12/20] train_loss=0.041243 val_loss=0.041825 train_acc=0.985952 val_acc=0.985737 lr=0.0010 time=16.74s best_val=0.040888 patience_left=-2
[EPOCH 13/20] train_loss=0.040175 val_loss=0.040159 train_acc=0.986468 val_acc=0.986432 lr=0.0010 time=16.71s best_val=0.040888 patience_left=0
[CHECKPOINT] Saved best model at epoch 13 -> E:\HLC\data\outputs\cnn_lstm_fusion\CIC-IoT-2025_binary\checks\best_ep13_fusion_seed23.pt
[EPOCH 14/20] train_loss=0.039894 val_loss=0.051851 train_acc=0.986230 val_acc=0.983901 lr=0.0010 time=14.88s best_val=0.040159 patience_left=0
[EPOCH 15/20] train_loss=0.039954 val_loss=0.040135 train_acc=0.986505 val_acc=0.986092 lr=0.0010 time=15.16s best_val=0.040159 patience_left=0
[CHECKPOINT] Saved best model at epoch 15 -> E:\HLC\data\outputs\cnn_lstm_fusion\CIC-IoT-2025_binary\checks\best_ep15_fusion_seed23.pt
[EPOCH 16/20] train_loss=0.038722 val_loss=0.038917 train_acc=0.986766 val_acc=0.986818 lr=0.0010 time=14.97s best_val=0.040135 patience_left=0
[CHECKPOINT] Saved best model at epoch 16 -> E:\HLC\data\outputs\cnn_lstm_fusion\CIC-IoT-2025_binary\checks\best_ep16_fusion_seed23.pt
[EPOCH 17/20] train_loss=0.038287 val_loss=0.038340 train_acc=0.986905 val_acc=0.986911 lr=0.0010 time=15.24s best_val=0.038917 patience_left=0
[CHECKPOINT] Saved best model at epoch 17 -> E:\HLC\data\outputs\cnn_lstm_fusion\CIC-IoT-2025_binary\checks\best_ep17_fusion_seed23.pt
[EPOCH 18/20] train_loss=0.038280 val_loss=0.039601 train_acc=0.986931 val_acc=0.986540 lr=0.0010 time=14.98s best_val=0.038340 patience_left=0
[EPOCH 19/20] train_loss=0.038524 val_loss=0.043523 train_acc=0.986806 val_acc=0.985336 lr=0.0010 time=15.09s best_val=0.038340 patience_left=-1
[EPOCH 20/20] train_loss=0.038144 val_loss=0.038516 train_acc=0.987080 val_acc=0.986432 lr=0.0010 time=14.54s best_val=0.038340 patience_left=-2

==================== RUNNING SEED 33 ====================
[TRAIN] Dataset=CIC-IoT-2025_binary | Classes=2 | InputDim=84 | Seed=33
[TRAIN] Model=Fusion (CNN+LSTM) | Params=187,266 | Device=cuda | Batch=128 | LR=0.001
[TRAIN] Epochs=20 | EarlyStop=0 | Optim=AdamW | Loss=CrossEntropy
[EPOCH 1/20] train_loss=0.120860 val_loss=0.075643 train_acc=0.955833 val_acc=0.974207 lr=0.0010 time=15.38s best_val=inf patience_left=0
[CHECKPOINT] Saved best model at epoch 1 -> E:\HLC\data\outputs\cnn_lstm_fusion\CIC-IoT-2025_binary\checks\best_ep1_fusion_seed33.pt
[EPOCH 2/20] train_loss=0.067018 val_loss=0.065388 train_acc=0.977763 val_acc=0.978035 lr=0.0010 time=15.18s best_val=0.075643 patience_left=0
[CHECKPOINT] Saved best model at epoch 2 -> E:\HLC\data\outputs\cnn_lstm_fusion\CIC-IoT-2025_binary\checks\best_ep2_fusion_seed33.pt
[EPOCH 3/20] train_loss=0.055956 val_loss=0.051521 train_acc=0.981143 val_acc=0.981940 lr=0.0010 time=14.91s best_val=0.065388 patience_left=0
[CHECKPOINT] Saved best model at epoch 3 -> E:\HLC\data\outputs\cnn_lstm_fusion\CIC-IoT-2025_binary\checks\best_ep3_fusion_seed33.pt
[EPOCH 4/20] train_loss=0.052750 val_loss=0.048949 train_acc=0.982311 val_acc=0.982990 lr=0.0010 time=17.47s best_val=0.051521 patience_left=0
[CHECKPOINT] Saved best model at epoch 4 -> E:\HLC\data\outputs\cnn_lstm_fusion\CIC-IoT-2025_binary\checks\best_ep4_fusion_seed33.pt
[EPOCH 5/20] train_loss=0.049097 val_loss=0.051131 train_acc=0.983310 val_acc=0.981786 lr=0.0010 time=16.20s best_val=0.048949 patience_left=0
[EPOCH 6/20] train_loss=0.047556 val_loss=0.045575 train_acc=0.983895 val_acc=0.984209 lr=0.0010 time=14.84s best_val=0.048949 patience_left=0
[CHECKPOINT] Saved best model at epoch 6 -> E:\HLC\data\outputs\cnn_lstm_fusion\CIC-IoT-2025_binary\checks\best_ep6_fusion_seed33.pt
[EPOCH 7/20] train_loss=0.045323 val_loss=0.045748 train_acc=0.984576 val_acc=0.984472 lr=0.0010 time=15.40s best_val=0.045575 patience_left=0
[EPOCH 8/20] train_loss=0.044564 val_loss=0.044262 train_acc=0.984682 val_acc=0.985089 lr=0.0010 time=14.77s best_val=0.045575 patience_left=0
[CHECKPOINT] Saved best model at epoch 8 -> E:\HLC\data\outputs\cnn_lstm_fusion\CIC-IoT-2025_binary\checks\best_ep8_fusion_seed33.pt
[EPOCH 9/20] train_loss=0.044221 val_loss=0.044827 train_acc=0.984987 val_acc=0.984503 lr=0.0010 time=14.72s best_val=0.044262 patience_left=0
[EPOCH 10/20] train_loss=0.042859 val_loss=0.042877 train_acc=0.985433 val_acc=0.985429 lr=0.0010 time=15.15s best_val=0.044262 patience_left=0
[CHECKPOINT] Saved best model at epoch 10 -> E:\HLC\data\outputs\cnn_lstm_fusion\CIC-IoT-2025_binary\checks\best_ep10_fusion_seed33.pt
[EPOCH 11/20] train_loss=0.042140 val_loss=0.044447 train_acc=0.985625 val_acc=0.984549 lr=0.0010 time=14.83s best_val=0.042877 patience_left=0
[EPOCH 12/20] train_loss=0.041713 val_loss=0.040380 train_acc=0.986022 val_acc=0.986355 lr=0.0010 time=14.89s best_val=0.042877 patience_left=0
[CHECKPOINT] Saved best model at epoch 12 -> E:\HLC\data\outputs\cnn_lstm_fusion\CIC-IoT-2025_binary\checks\best_ep12_fusion_seed33.pt
[EPOCH 13/20] train_loss=0.041516 val_loss=0.042607 train_acc=0.985853 val_acc=0.985243 lr=0.0010 time=15.59s best_val=0.040380 patience_left=0
[EPOCH 14/20] train_loss=0.041286 val_loss=0.041732 train_acc=0.986028 val_acc=0.985737 lr=0.0010 time=15.24s best_val=0.040380 patience_left=-1
[EPOCH 15/20] train_loss=0.040878 val_loss=0.040644 train_acc=0.985992 val_acc=0.986447 lr=0.0010 time=15.62s best_val=0.040380 patience_left=-2
[EPOCH 16/20] train_loss=0.040374 val_loss=0.039381 train_acc=0.986257 val_acc=0.986957 lr=0.0010 time=16.43s best_val=0.040380 patience_left=0
[CHECKPOINT] Saved best model at epoch 16 -> E:\HLC\data\outputs\cnn_lstm_fusion\CIC-IoT-2025_binary\checks\best_ep16_fusion_seed33.pt
[EPOCH 17/20] train_loss=0.040255 val_loss=0.040319 train_acc=0.986296 val_acc=0.985907 lr=0.0010 time=15.34s best_val=0.039381 patience_left=0
[EPOCH 18/20] train_loss=0.039769 val_loss=0.041853 train_acc=0.986310 val_acc=0.986062 lr=0.0010 time=15.59s best_val=0.039381 patience_left=-1
[EPOCH 19/20] train_loss=0.039894 val_loss=0.040648 train_acc=0.986475 val_acc=0.986339 lr=0.0010 time=14.45s best_val=0.039381 patience_left=-2
[EPOCH 20/20] train_loss=0.039199 val_loss=0.041818 train_acc=0.986677 val_acc=0.985737 lr=0.0010 time=14.99s best_val=0.039381 patience_left=-3

==================== RUNNING SEED 43 ====================
[TRAIN] Dataset=CIC-IoT-2025_binary | Classes=2 | InputDim=84 | Seed=43
[TRAIN] Model=Fusion (CNN+LSTM) | Params=187,266 | Device=cuda | Batch=128 | LR=0.001
[TRAIN] Epochs=20 | EarlyStop=0 | Optim=AdamW | Loss=CrossEntropy
[EPOCH 1/20] train_loss=0.123701 val_loss=0.079878 train_acc=0.952363 val_acc=0.973775 lr=0.0010 time=15.47s best_val=inf patience_left=0
[CHECKPOINT] Saved best model at epoch 1 -> E:\HLC\data\outputs\cnn_lstm_fusion\CIC-IoT-2025_binary\checks\best_ep1_fusion_seed43.pt
[EPOCH 2/20] train_loss=0.063776 val_loss=0.061996 train_acc=0.978487 val_acc=0.979378 lr=0.0010 time=15.09s best_val=0.079878 patience_left=0
[CHECKPOINT] Saved best model at epoch 2 -> E:\HLC\data\outputs\cnn_lstm_fusion\CIC-IoT-2025_binary\checks\best_ep2_fusion_seed43.pt
[EPOCH 3/20] train_loss=0.055256 val_loss=0.050727 train_acc=0.981325 val_acc=0.982727 lr=0.0010 time=14.97s best_val=0.061996 patience_left=0
[CHECKPOINT] Saved best model at epoch 3 -> E:\HLC\data\outputs\cnn_lstm_fusion\CIC-IoT-2025_binary\checks\best_ep3_fusion_seed43.pt
[EPOCH 4/20] train_loss=0.052948 val_loss=0.048024 train_acc=0.982029 val_acc=0.983468 lr=0.0010 time=15.50s best_val=0.050727 patience_left=0
[CHECKPOINT] Saved best model at epoch 4 -> E:\HLC\data\outputs\cnn_lstm_fusion\CIC-IoT-2025_binary\checks\best_ep4_fusion_seed43.pt
[EPOCH 5/20] train_loss=0.048851 val_loss=0.046050 train_acc=0.983121 val_acc=0.983947 lr=0.0010 time=16.26s best_val=0.048024 patience_left=0
[CHECKPOINT] Saved best model at epoch 5 -> E:\HLC\data\outputs\cnn_lstm_fusion\CIC-IoT-2025_binary\checks\best_ep5_fusion_seed43.pt
[EPOCH 6/20] train_loss=0.046444 val_loss=0.044429 train_acc=0.984173 val_acc=0.984966 lr=0.0010 time=14.33s best_val=0.046050 patience_left=0
[CHECKPOINT] Saved best model at epoch 6 -> E:\HLC\data\outputs\cnn_lstm_fusion\CIC-IoT-2025_binary\checks\best_ep6_fusion_seed43.pt
[EPOCH 7/20] train_loss=0.044853 val_loss=0.042441 train_acc=0.984772 val_acc=0.985429 lr=0.0010 time=14.14s best_val=0.044429 patience_left=0
[CHECKPOINT] Saved best model at epoch 7 -> E:\HLC\data\outputs\cnn_lstm_fusion\CIC-IoT-2025_binary\checks\best_ep7_fusion_seed43.pt
[EPOCH 8/20] train_loss=0.043599 val_loss=0.041711 train_acc=0.985099 val_acc=0.985506 lr=0.0010 time=15.90s best_val=0.042441 patience_left=0
[CHECKPOINT] Saved best model at epoch 8 -> E:\HLC\data\outputs\cnn_lstm_fusion\CIC-IoT-2025_binary\checks\best_ep8_fusion_seed43.pt
[EPOCH 9/20] train_loss=0.044183 val_loss=0.040845 train_acc=0.985102 val_acc=0.985815 lr=0.0010 time=15.54s best_val=0.041711 patience_left=0
[CHECKPOINT] Saved best model at epoch 9 -> E:\HLC\data\outputs\cnn_lstm_fusion\CIC-IoT-2025_binary\checks\best_ep9_fusion_seed43.pt
[EPOCH 10/20] train_loss=0.042354 val_loss=0.040789 train_acc=0.985684 val_acc=0.985876 lr=0.0010 time=17.94s best_val=0.040845 patience_left=0
[CHECKPOINT] Saved best model at epoch 10 -> E:\HLC\data\outputs\cnn_lstm_fusion\CIC-IoT-2025_binary\checks\best_ep10_fusion_seed43.pt
[EPOCH 11/20] train_loss=0.041231 val_loss=0.041123 train_acc=0.985906 val_acc=0.986062 lr=0.0010 time=19.48s best_val=0.040789 patience_left=0
[EPOCH 12/20] train_loss=0.040680 val_loss=0.041989 train_acc=0.986323 val_acc=0.985830 lr=0.0010 time=15.91s best_val=0.040789 patience_left=-1
[EPOCH 13/20] train_loss=0.040339 val_loss=0.040091 train_acc=0.986399 val_acc=0.986262 lr=0.0010 time=15.31s best_val=0.040789 patience_left=0
[CHECKPOINT] Saved best model at epoch 13 -> E:\HLC\data\outputs\cnn_lstm_fusion\CIC-IoT-2025_binary\checks\best_ep13_fusion_seed43.pt
[EPOCH 14/20] train_loss=0.040769 val_loss=0.040520 train_acc=0.986157 val_acc=0.985954 lr=0.0010 time=14.49s best_val=0.040091 patience_left=0
[EPOCH 15/20] train_loss=0.040425 val_loss=0.039931 train_acc=0.986214 val_acc=0.986432 lr=0.0010 time=14.47s best_val=0.040091 patience_left=0
[CHECKPOINT] Saved best model at epoch 15 -> E:\HLC\data\outputs\cnn_lstm_fusion\CIC-IoT-2025_binary\checks\best_ep15_fusion_seed43.pt
[EPOCH 16/20] train_loss=0.042426 val_loss=0.038728 train_acc=0.985661 val_acc=0.986586 lr=0.0010 time=14.69s best_val=0.039931 patience_left=0
[CHECKPOINT] Saved best model at epoch 16 -> E:\HLC\data\outputs\cnn_lstm_fusion\CIC-IoT-2025_binary\checks\best_ep16_fusion_seed43.pt
[EPOCH 17/20] train_loss=0.040216 val_loss=0.048914 train_acc=0.986224 val_acc=0.984734 lr=0.0010 time=15.62s best_val=0.038728 patience_left=0
[EPOCH 18/20] train_loss=0.038656 val_loss=0.051145 train_acc=0.986898 val_acc=0.983329 lr=0.0010 time=14.95s best_val=0.038728 patience_left=-1
[EPOCH 19/20] train_loss=0.039463 val_loss=0.038519 train_acc=0.986650 val_acc=0.987111 lr=0.0010 time=15.79s best_val=0.038728 patience_left=0
[CHECKPOINT] Saved best model at epoch 19 -> E:\HLC\data\outputs\cnn_lstm_fusion\CIC-IoT-2025_binary\checks\best_ep19_fusion_seed43.pt
[EPOCH 20/20] train_loss=0.037742 val_loss=0.040009 train_acc=0.987057 val_acc=0.986478 lr=0.0010 time=14.46s best_val=0.038519 patience_left=0

==================== RUNNING SEED 53 ====================
[TRAIN] Dataset=CIC-IoT-2025_binary | Classes=2 | InputDim=84 | Seed=53
[TRAIN] Model=Fusion (CNN+LSTM) | Params=187,266 | Device=cuda | Batch=128 | LR=0.001
[TRAIN] Epochs=20 | EarlyStop=0 | Optim=AdamW | Loss=CrossEntropy
[EPOCH 1/20] train_loss=0.117361 val_loss=0.074402 train_acc=0.956911 val_acc=0.974346 lr=0.0010 time=15.56s best_val=inf patience_left=0
[CHECKPOINT] Saved best model at epoch 1 -> E:\HLC\data\outputs\cnn_lstm_fusion\CIC-IoT-2025_binary\checks\best_ep1_fusion_seed53.pt
[EPOCH 2/20] train_loss=0.067897 val_loss=0.061644 train_acc=0.977187 val_acc=0.979332 lr=0.0010 time=21.03s best_val=0.074402 patience_left=0
[CHECKPOINT] Saved best model at epoch 2 -> E:\HLC\data\outputs\cnn_lstm_fusion\CIC-IoT-2025_binary\checks\best_ep2_fusion_seed53.pt
[EPOCH 3/20] train_loss=0.058636 val_loss=0.080869 train_acc=0.980518 val_acc=0.970857 lr=0.0010 time=17.30s best_val=0.061644 patience_left=0
[EPOCH 4/20] train_loss=0.053901 val_loss=0.049749 train_acc=0.981672 val_acc=0.983129 lr=0.0010 time=14.86s best_val=0.061644 patience_left=0
[CHECKPOINT] Saved best model at epoch 4 -> E:\HLC\data\outputs\cnn_lstm_fusion\CIC-IoT-2025_binary\checks\best_ep4_fusion_seed53.pt
[EPOCH 5/20] train_loss=0.051836 val_loss=0.051836 train_acc=0.982397 val_acc=0.982110 lr=0.0010 time=14.99s best_val=0.049749 patience_left=0
[EPOCH 6/20] train_loss=0.048788 val_loss=0.048226 train_acc=0.983465 val_acc=0.983144 lr=0.0010 time=14.53s best_val=0.049749 patience_left=0
[CHECKPOINT] Saved best model at epoch 6 -> E:\HLC\data\outputs\cnn_lstm_fusion\CIC-IoT-2025_binary\checks\best_ep6_fusion_seed53.pt
[EPOCH 7/20] train_loss=0.046277 val_loss=0.046130 train_acc=0.984256 val_acc=0.984101 lr=0.0010 time=14.03s best_val=0.048226 patience_left=0
[CHECKPOINT] Saved best model at epoch 7 -> E:\HLC\data\outputs\cnn_lstm_fusion\CIC-IoT-2025_binary\checks\best_ep7_fusion_seed53.pt
[EPOCH 8/20] train_loss=0.046182 val_loss=0.045046 train_acc=0.984418 val_acc=0.984256 lr=0.0010 time=14.55s best_val=0.046130 patience_left=0
[CHECKPOINT] Saved best model at epoch 8 -> E:\HLC\data\outputs\cnn_lstm_fusion\CIC-IoT-2025_binary\checks\best_ep8_fusion_seed53.pt
[EPOCH 9/20] train_loss=0.044201 val_loss=0.042917 train_acc=0.984897 val_acc=0.985259 lr=0.0010 time=17.16s best_val=0.045046 patience_left=0
[CHECKPOINT] Saved best model at epoch 9 -> E:\HLC\data\outputs\cnn_lstm_fusion\CIC-IoT-2025_binary\checks\best_ep9_fusion_seed53.pt
[EPOCH 10/20] train_loss=0.044139 val_loss=0.043096 train_acc=0.985092 val_acc=0.985460 lr=0.0010 time=16.45s best_val=0.042917 patience_left=0
[EPOCH 11/20] train_loss=0.042875 val_loss=0.043116 train_acc=0.985522 val_acc=0.985290 lr=0.0010 time=15.09s best_val=0.042917 patience_left=-1
[EPOCH 12/20] train_loss=0.041799 val_loss=0.041878 train_acc=0.985913 val_acc=0.985413 lr=0.0010 time=15.53s best_val=0.042917 patience_left=0
[CHECKPOINT] Saved best model at epoch 12 -> E:\HLC\data\outputs\cnn_lstm_fusion\CIC-IoT-2025_binary\checks\best_ep12_fusion_seed53.pt
[EPOCH 13/20] train_loss=0.042528 val_loss=0.041798 train_acc=0.985486 val_acc=0.985753 lr=0.0010 time=15.02s best_val=0.041878 patience_left=0
[CHECKPOINT] Saved best model at epoch 13 -> E:\HLC\data\outputs\cnn_lstm_fusion\CIC-IoT-2025_binary\checks\best_ep13_fusion_seed53.pt
[EPOCH 14/20] train_loss=0.040595 val_loss=0.041800 train_acc=0.986197 val_acc=0.985907 lr=0.0010 time=15.08s best_val=0.041798 patience_left=0
[EPOCH 15/20] train_loss=0.040362 val_loss=0.040422 train_acc=0.986167 val_acc=0.986000 lr=0.0010 time=15.16s best_val=0.041798 patience_left=0
[CHECKPOINT] Saved best model at epoch 15 -> E:\HLC\data\outputs\cnn_lstm_fusion\CIC-IoT-2025_binary\checks\best_ep15_fusion_seed53.pt
[EPOCH 16/20] train_loss=0.040209 val_loss=0.051200 train_acc=0.986386 val_acc=0.981909 lr=0.0010 time=14.78s best_val=0.040422 patience_left=0
[EPOCH 17/20] train_loss=0.039607 val_loss=0.039305 train_acc=0.986448 val_acc=0.986741 lr=0.0010 time=15.16s best_val=0.040422 patience_left=0
[CHECKPOINT] Saved best model at epoch 17 -> E:\HLC\data\outputs\cnn_lstm_fusion\CIC-IoT-2025_binary\checks\best_ep17_fusion_seed53.pt
[EPOCH 18/20] train_loss=0.042445 val_loss=0.043254 train_acc=0.986015 val_acc=0.985460 lr=0.0010 time=14.20s best_val=0.039305 patience_left=0
[EPOCH 19/20] train_loss=0.039573 val_loss=0.045688 train_acc=0.986399 val_acc=0.983484 lr=0.0010 time=16.68s best_val=0.039305 patience_left=-1
[EPOCH 20/20] train_loss=0.039492 val_loss=0.039703 train_acc=0.986425 val_acc=0.986370 lr=0.0010 time=16.48s best_val=0.039305 patience_left=-2

[STATS] Seed statistics saved to E:\HLC\data\outputs\cnn_lstm_fusion\CIC-IoT-2025_binary\eval\seed_stats_fusion.json
[BEST SEED MODEL] Copying best checkpoint E:\HLC\data\outputs\cnn_lstm_fusion\CIC-IoT-2025_binary\checks\best_ep19_fusion_seed13.pt -> E:\HLC\data\outputs\cnn_lstm_fusion\CIC-IoT-2025_binary\checks\best_fusion.pt

[DONE] Best Checkpoint: E:\HLC\data\outputs\cnn_lstm_fusion\CIC-IoT-2025_binary\checks\best_fusion.pt
       Best History CSV: E:\HLC\data\outputs\cnn_lstm_fusion\CIC-IoT-2025_binary\history_fusion_seed13.csv
       Best Model Complexity: {'params': 187266, 'est_macs_per_sample': 223936, 'measured_infer_total_sec': 0.8863164000213146, 'measured_ms_per_batch': 1.7481585799236974, 'measured_ms_per_sample': 0.013680889095026853, 'measured_samples_per_sec': 73094.6646123687, 'measured_energy_j_proxy': 106.35796800255775, 'measured_batches': 507, 'measured_samples': 64785, 'val_detect_total_sec': 0.8863164000213146, 'val_detect_ms_per_sample': 0.013680889095026853}

==================== IDS EXPERIMENT CLI ====================
(1) Load & split dataset (persist)
(2) Load existing split (validate)
(3) Visualize features (EPS)
(4) Train model (save ckpt + curves + history CSV)
(5) Evaluate & plot performance (EPS + CSV/JSON)
(6) XAI (SHAP/LIME/ANOVA)
(7) Ablation (user-selected feature subset)
(8) Evaluate (explicit)
(9) Inference (load_model → predict live CSV)
(q) Quit
============================================================

Select option: 4

[4] Train a model
Available splits: ['Apose-IoT-23_binary', 'Apose-IoT-23_multiclass', 'BoT-IoT_binary', 'BoT-IoT_multiclass', 'CIC-IoMT-2024_binary', 'CIC-IoMT-2024_multiclass', 'CIC-IoT-2025_binary', 'CIC-IoT-2025_multiclass']
Split key: CIC-IoT-2025_multiclass
[INFO] Detected classes=8 → multiclass
Epochs? [default: 50] 20
Batch size? [default: 256] 128
Learning rate? [default: 0.001] 0.001
Early stop patience? [default: 8] 0
Model (fusion/dnn)? [default: fusion] choices=['fusion', 'dnn'] fusion

==================== RUNNING SEED 13 ====================
[TRAIN] Dataset=CIC-IoT-2025_multiclass | Classes=8 | InputDim=84 | Seed=13
[TRAIN] Model=Fusion (CNN+LSTM) | Params=187,656 | Device=cuda | Batch=128 | LR=0.001
[TRAIN] Epochs=20 | EarlyStop=0 | Optim=AdamW | Loss=CrossEntropy
[EPOCH 1/20] train_loss=0.353896 val_loss=0.189103 train_acc=0.889994 val_acc=0.945389 lr=0.0010 time=16.61s best_val=inf patience_left=0
[CHECKPOINT] Saved best model at epoch 1 -> E:\HLC\data\outputs\cnn_lstm_fusion\CIC-IoT-2025_multiclass\checks\best_ep1_fusion_seed13.pt
[EPOCH 2/20] train_loss=0.164417 val_loss=0.142505 train_acc=0.953716 val_acc=0.957706 lr=0.0010 time=14.93s best_val=0.189103 patience_left=0
[CHECKPOINT] Saved best model at epoch 2 -> E:\HLC\data\outputs\cnn_lstm_fusion\CIC-IoT-2025_multiclass\checks\best_ep2_fusion_seed13.pt
[EPOCH 3/20] train_loss=0.136504 val_loss=0.135842 train_acc=0.961271 val_acc=0.961951 lr=0.0010 time=14.66s best_val=0.142505 patience_left=0
[CHECKPOINT] Saved best model at epoch 3 -> E:\HLC\data\outputs\cnn_lstm_fusion\CIC-IoT-2025_multiclass\checks\best_ep3_fusion_seed13.pt
[EPOCH 4/20] train_loss=0.124273 val_loss=0.114914 train_acc=0.964410 val_acc=0.966520 lr=0.0010 time=14.75s best_val=0.135842 patience_left=0
[CHECKPOINT] Saved best model at epoch 4 -> E:\HLC\data\outputs\cnn_lstm_fusion\CIC-IoT-2025_multiclass\checks\best_ep4_fusion_seed13.pt
[EPOCH 5/20] train_loss=0.115902 val_loss=0.117339 train_acc=0.966315 val_acc=0.966335 lr=0.0010 time=14.95s best_val=0.114914 patience_left=0
[EPOCH 6/20] train_loss=0.111923 val_loss=0.102549 train_acc=0.967548 val_acc=0.969715 lr=0.0010 time=15.09s best_val=0.114914 patience_left=0
[CHECKPOINT] Saved best model at epoch 6 -> E:\HLC\data\outputs\cnn_lstm_fusion\CIC-IoT-2025_multiclass\checks\best_ep6_fusion_seed13.pt
[EPOCH 7/20] train_loss=0.106798 val_loss=0.102883 train_acc=0.969096 val_acc=0.969175 lr=0.0010 time=15.47s best_val=0.102549 patience_left=0
[EPOCH 8/20] train_loss=0.103288 val_loss=0.097127 train_acc=0.969894 val_acc=0.971182 lr=0.0010 time=14.79s best_val=0.102549 patience_left=0
[CHECKPOINT] Saved best model at epoch 8 -> E:\HLC\data\outputs\cnn_lstm_fusion\CIC-IoT-2025_multiclass\checks\best_ep8_fusion_seed13.pt
[EPOCH 9/20] train_loss=0.100159 val_loss=0.100083 train_acc=0.970701 val_acc=0.970518 lr=0.0010 time=14.98s best_val=0.097127 patience_left=0
[EPOCH 10/20] train_loss=0.096146 val_loss=0.098958 train_acc=0.971683 val_acc=0.971058 lr=0.0010 time=14.78s best_val=0.097127 patience_left=-1
[EPOCH 11/20] train_loss=0.094471 val_loss=0.093107 train_acc=0.972126 val_acc=0.972416 lr=0.0010 time=15.03s best_val=0.097127 patience_left=0
[CHECKPOINT] Saved best model at epoch 11 -> E:\HLC\data\outputs\cnn_lstm_fusion\CIC-IoT-2025_multiclass\checks\best_ep11_fusion_seed13.pt
[EPOCH 12/20] train_loss=0.092993 val_loss=0.089636 train_acc=0.972589 val_acc=0.973898 lr=0.0010 time=16.53s best_val=0.093107 patience_left=0
[CHECKPOINT] Saved best model at epoch 12 -> E:\HLC\data\outputs\cnn_lstm_fusion\CIC-IoT-2025_multiclass\checks\best_ep12_fusion_seed13.pt
[EPOCH 13/20] train_loss=0.089675 val_loss=0.086485 train_acc=0.973618 val_acc=0.975287 lr=0.0010 time=14.73s best_val=0.089636 patience_left=0
[CHECKPOINT] Saved best model at epoch 13 -> E:\HLC\data\outputs\cnn_lstm_fusion\CIC-IoT-2025_multiclass\checks\best_ep13_fusion_seed13.pt
[EPOCH 14/20] train_loss=0.089286 val_loss=0.086998 train_acc=0.973697 val_acc=0.974531 lr=0.0010 time=14.62s best_val=0.086485 patience_left=0
[EPOCH 15/20] train_loss=0.087848 val_loss=0.087184 train_acc=0.974035 val_acc=0.974161 lr=0.0010 time=14.53s best_val=0.086485 patience_left=-1
[EPOCH 16/20] train_loss=0.086062 val_loss=0.085931 train_acc=0.974733 val_acc=0.974701 lr=0.0010 time=15.71s best_val=0.086485 patience_left=0
[CHECKPOINT] Saved best model at epoch 16 -> E:\HLC\data\outputs\cnn_lstm_fusion\CIC-IoT-2025_multiclass\checks\best_ep16_fusion_seed13.pt
[EPOCH 17/20] train_loss=0.084316 val_loss=0.087660 train_acc=0.975093 val_acc=0.974485 lr=0.0010 time=14.48s best_val=0.085931 patience_left=0
[EPOCH 18/20] train_loss=0.083501 val_loss=0.083353 train_acc=0.975219 val_acc=0.976183 lr=0.0010 time=14.51s best_val=0.085931 patience_left=0
[CHECKPOINT] Saved best model at epoch 18 -> E:\HLC\data\outputs\cnn_lstm_fusion\CIC-IoT-2025_multiclass\checks\best_ep18_fusion_seed13.pt
[EPOCH 19/20] train_loss=0.081885 val_loss=0.084716 train_acc=0.975947 val_acc=0.974778 lr=0.0010 time=14.69s best_val=0.083353 patience_left=0
[EPOCH 20/20] train_loss=0.082297 val_loss=0.085161 train_acc=0.975775 val_acc=0.974932 lr=0.0010 time=14.58s best_val=0.083353 patience_left=-1

==================== RUNNING SEED 23 ====================
[TRAIN] Dataset=CIC-IoT-2025_multiclass | Classes=8 | InputDim=84 | Seed=23
[TRAIN] Model=Fusion (CNN+LSTM) | Params=187,656 | Device=cuda | Batch=128 | LR=0.001
[TRAIN] Epochs=20 | EarlyStop=0 | Optim=AdamW | Loss=CrossEntropy
[EPOCH 1/20] train_loss=0.385823 val_loss=0.221034 train_acc=0.879747 val_acc=0.937501 lr=0.0010 time=14.93s best_val=inf patience_left=0
[CHECKPOINT] Saved best model at epoch 1 -> E:\HLC\data\outputs\cnn_lstm_fusion\CIC-IoT-2025_multiclass\checks\best_ep1_fusion_seed23.pt
[EPOCH 2/20] train_loss=0.187240 val_loss=0.150140 train_acc=0.946704 val_acc=0.957830 lr=0.0010 time=14.92s best_val=0.221034 patience_left=0
[CHECKPOINT] Saved best model at epoch 2 -> E:\HLC\data\outputs\cnn_lstm_fusion\CIC-IoT-2025_multiclass\checks\best_ep2_fusion_seed23.pt
[EPOCH 3/20] train_loss=0.147427 val_loss=0.127278 train_acc=0.957936 val_acc=0.962013 lr=0.0010 time=14.99s best_val=0.150140 patience_left=0
[CHECKPOINT] Saved best model at epoch 3 -> E:\HLC\data\outputs\cnn_lstm_fusion\CIC-IoT-2025_multiclass\checks\best_ep3_fusion_seed23.pt
[EPOCH 4/20] train_loss=0.129862 val_loss=0.117294 train_acc=0.962600 val_acc=0.964992 lr=0.0010 time=15.28s best_val=0.127278 patience_left=0
[CHECKPOINT] Saved best model at epoch 4 -> E:\HLC\data\outputs\cnn_lstm_fusion\CIC-IoT-2025_multiclass\checks\best_ep4_fusion_seed23.pt
[EPOCH 5/20] train_loss=0.119632 val_loss=0.126211 train_acc=0.965250 val_acc=0.960022 lr=0.0010 time=16.00s best_val=0.117294 patience_left=0
[EPOCH 6/20] train_loss=0.113993 val_loss=0.109672 train_acc=0.966722 val_acc=0.966813 lr=0.0010 time=14.40s best_val=0.117294 patience_left=0
[CHECKPOINT] Saved best model at epoch 6 -> E:\HLC\data\outputs\cnn_lstm_fusion\CIC-IoT-2025_multiclass\checks\best_ep6_fusion_seed23.pt
[EPOCH 7/20] train_loss=0.107910 val_loss=0.104731 train_acc=0.968491 val_acc=0.968125 lr=0.0010 time=14.75s best_val=0.109672 patience_left=0
[CHECKPOINT] Saved best model at epoch 7 -> E:\HLC\data\outputs\cnn_lstm_fusion\CIC-IoT-2025_multiclass\checks\best_ep7_fusion_seed23.pt
[EPOCH 8/20] train_loss=0.103894 val_loss=0.109479 train_acc=0.969689 val_acc=0.967029 lr=0.0010 time=14.76s best_val=0.104731 patience_left=0
[EPOCH 9/20] train_loss=0.100051 val_loss=0.095165 train_acc=0.970396 val_acc=0.971784 lr=0.0010 time=14.40s best_val=0.104731 patience_left=0
[CHECKPOINT] Saved best model at epoch 9 -> E:\HLC\data\outputs\cnn_lstm_fusion\CIC-IoT-2025_multiclass\checks\best_ep9_fusion_seed23.pt
[EPOCH 10/20] train_loss=0.097010 val_loss=0.093934 train_acc=0.971385 val_acc=0.973173 lr=0.0010 time=14.62s best_val=0.095165 patience_left=0
[CHECKPOINT] Saved best model at epoch 10 -> E:\HLC\data\outputs\cnn_lstm_fusion\CIC-IoT-2025_multiclass\checks\best_ep10_fusion_seed23.pt
[EPOCH 11/20] train_loss=0.093478 val_loss=0.092294 train_acc=0.972510 val_acc=0.972941 lr=0.0010 time=14.63s best_val=0.093934 patience_left=0
[CHECKPOINT] Saved best model at epoch 11 -> E:\HLC\data\outputs\cnn_lstm_fusion\CIC-IoT-2025_multiclass\checks\best_ep11_fusion_seed23.pt
[EPOCH 12/20] train_loss=0.093234 val_loss=0.097721 train_acc=0.972563 val_acc=0.970271 lr=0.0010 time=15.20s best_val=0.092294 patience_left=0
[EPOCH 13/20] train_loss=0.089322 val_loss=0.093692 train_acc=0.973532 val_acc=0.971984 lr=0.0010 time=14.69s best_val=0.092294 patience_left=-1
[EPOCH 14/20] train_loss=0.087166 val_loss=0.086750 train_acc=0.974068 val_acc=0.974701 lr=0.0010 time=15.01s best_val=0.092294 patience_left=0
[CHECKPOINT] Saved best model at epoch 14 -> E:\HLC\data\outputs\cnn_lstm_fusion\CIC-IoT-2025_multiclass\checks\best_ep14_fusion_seed23.pt
[EPOCH 15/20] train_loss=0.084843 val_loss=0.085828 train_acc=0.974802 val_acc=0.974577 lr=0.0010 time=14.78s best_val=0.086750 patience_left=0
[CHECKPOINT] Saved best model at epoch 15 -> E:\HLC\data\outputs\cnn_lstm_fusion\CIC-IoT-2025_multiclass\checks\best_ep15_fusion_seed23.pt
[EPOCH 16/20] train_loss=0.083498 val_loss=0.084759 train_acc=0.975123 val_acc=0.975504 lr=0.0010 time=14.55s best_val=0.085828 patience_left=0
[CHECKPOINT] Saved best model at epoch 16 -> E:\HLC\data\outputs\cnn_lstm_fusion\CIC-IoT-2025_multiclass\checks\best_ep16_fusion_seed23.pt
[EPOCH 17/20] train_loss=0.082558 val_loss=0.082397 train_acc=0.975411 val_acc=0.976260 lr=0.0010 time=15.48s best_val=0.084759 patience_left=0
[CHECKPOINT] Saved best model at epoch 17 -> E:\HLC\data\outputs\cnn_lstm_fusion\CIC-IoT-2025_multiclass\checks\best_ep17_fusion_seed23.pt
[EPOCH 18/20] train_loss=0.081779 val_loss=0.082280 train_acc=0.975864 val_acc=0.975488 lr=0.0010 time=15.63s best_val=0.082397 patience_left=0
[CHECKPOINT] Saved best model at epoch 18 -> E:\HLC\data\outputs\cnn_lstm_fusion\CIC-IoT-2025_multiclass\checks\best_ep18_fusion_seed23.pt
[EPOCH 19/20] train_loss=0.080426 val_loss=0.082564 train_acc=0.976155 val_acc=0.975149 lr=0.0010 time=14.74s best_val=0.082280 patience_left=0
[EPOCH 20/20] train_loss=0.079147 val_loss=0.084210 train_acc=0.976545 val_acc=0.975102 lr=0.0010 time=14.70s best_val=0.082280 patience_left=-1

==================== RUNNING SEED 33 ====================
[TRAIN] Dataset=CIC-IoT-2025_multiclass | Classes=8 | InputDim=84 | Seed=33
[TRAIN] Model=Fusion (CNN+LSTM) | Params=187,656 | Device=cuda | Batch=128 | LR=0.001
[TRAIN] Epochs=20 | EarlyStop=0 | Optim=AdamW | Loss=CrossEntropy
[EPOCH 1/20] train_loss=0.373817 val_loss=0.189597 train_acc=0.881870 val_acc=0.945929 lr=0.0010 time=14.48s best_val=inf patience_left=0
[CHECKPOINT] Saved best model at epoch 1 -> E:\HLC\data\outputs\cnn_lstm_fusion\CIC-IoT-2025_multiclass\checks\best_ep1_fusion_seed33.pt
[EPOCH 2/20] train_loss=0.170043 val_loss=0.142528 train_acc=0.952432 val_acc=0.959759 lr=0.0010 time=14.51s best_val=0.189597 patience_left=0
[CHECKPOINT] Saved best model at epoch 2 -> E:\HLC\data\outputs\cnn_lstm_fusion\CIC-IoT-2025_multiclass\checks\best_ep2_fusion_seed33.pt
[EPOCH 3/20] train_loss=0.137014 val_loss=0.126322 train_acc=0.961456 val_acc=0.962723 lr=0.0010 time=14.40s best_val=0.142528 patience_left=0
[CHECKPOINT] Saved best model at epoch 3 -> E:\HLC\data\outputs\cnn_lstm_fusion\CIC-IoT-2025_multiclass\checks\best_ep3_fusion_seed33.pt
[EPOCH 4/20] train_loss=0.123908 val_loss=0.118980 train_acc=0.964654 val_acc=0.965208 lr=0.0010 time=14.52s best_val=0.126322 patience_left=0
[CHECKPOINT] Saved best model at epoch 4 -> E:\HLC\data\outputs\cnn_lstm_fusion\CIC-IoT-2025_multiclass\checks\best_ep4_fusion_seed33.pt
[EPOCH 5/20] train_loss=0.114229 val_loss=0.105065 train_acc=0.967274 val_acc=0.969545 lr=0.0010 time=14.91s best_val=0.118980 patience_left=0
[CHECKPOINT] Saved best model at epoch 5 -> E:\HLC\data\outputs\cnn_lstm_fusion\CIC-IoT-2025_multiclass\checks\best_ep5_fusion_seed33.pt
[EPOCH 6/20] train_loss=0.109144 val_loss=0.102245 train_acc=0.968418 val_acc=0.969391 lr=0.0010 time=14.86s best_val=0.105065 patience_left=0
[CHECKPOINT] Saved best model at epoch 6 -> E:\HLC\data\outputs\cnn_lstm_fusion\CIC-IoT-2025_multiclass\checks\best_ep6_fusion_seed33.pt
[EPOCH 7/20] train_loss=0.104017 val_loss=0.101783 train_acc=0.969593 val_acc=0.970502 lr=0.0010 time=14.63s best_val=0.102245 patience_left=0
[CHECKPOINT] Saved best model at epoch 7 -> E:\HLC\data\outputs\cnn_lstm_fusion\CIC-IoT-2025_multiclass\checks\best_ep7_fusion_seed33.pt
[EPOCH 8/20] train_loss=0.099928 val_loss=0.097613 train_acc=0.970635 val_acc=0.970950 lr=0.0010 time=14.78s best_val=0.101783 patience_left=0
[CHECKPOINT] Saved best model at epoch 8 -> E:\HLC\data\outputs\cnn_lstm_fusion\CIC-IoT-2025_multiclass\checks\best_ep8_fusion_seed33.pt
[EPOCH 9/20] train_loss=0.095919 val_loss=0.096153 train_acc=0.972024 val_acc=0.972015 lr=0.0010 time=15.58s best_val=0.097613 patience_left=0
[CHECKPOINT] Saved best model at epoch 9 -> E:\HLC\data\outputs\cnn_lstm_fusion\CIC-IoT-2025_multiclass\checks\best_ep9_fusion_seed33.pt
[EPOCH 10/20] train_loss=0.093930 val_loss=0.088713 train_acc=0.972371 val_acc=0.974037 lr=0.0010 time=15.96s best_val=0.096153 patience_left=0
[CHECKPOINT] Saved best model at epoch 10 -> E:\HLC\data\outputs\cnn_lstm_fusion\CIC-IoT-2025_multiclass\checks\best_ep10_fusion_seed33.pt
[EPOCH 11/20] train_loss=0.091912 val_loss=0.094686 train_acc=0.973089 val_acc=0.970564 lr=0.0010 time=15.20s best_val=0.088713 patience_left=0
[EPOCH 12/20] train_loss=0.088778 val_loss=0.095165 train_acc=0.973767 val_acc=0.971799 lr=0.0010 time=14.49s best_val=0.088713 patience_left=-1
[EPOCH 13/20] train_loss=0.086454 val_loss=0.092421 train_acc=0.974514 val_acc=0.972648 lr=0.0010 time=14.60s best_val=0.088713 patience_left=-2
[EPOCH 14/20] train_loss=0.085424 val_loss=0.084235 train_acc=0.974746 val_acc=0.974794 lr=0.0010 time=14.53s best_val=0.088713 patience_left=0
[CHECKPOINT] Saved best model at epoch 14 -> E:\HLC\data\outputs\cnn_lstm_fusion\CIC-IoT-2025_multiclass\checks\best_ep14_fusion_seed33.pt
[EPOCH 15/20] train_loss=0.083991 val_loss=0.090966 train_acc=0.975153 val_acc=0.973667 lr=0.0010 time=14.48s best_val=0.084235 patience_left=0
[EPOCH 16/20] train_loss=0.082668 val_loss=0.089140 train_acc=0.975487 val_acc=0.974469 lr=0.0010 time=14.50s best_val=0.084235 patience_left=-1
[EPOCH 17/20] train_loss=0.082493 val_loss=0.085750 train_acc=0.975775 val_acc=0.975411 lr=0.0010 time=15.33s best_val=0.084235 patience_left=-2
[EPOCH 18/20] train_loss=0.079860 val_loss=0.083657 train_acc=0.976446 val_acc=0.975164 lr=0.0010 time=14.85s best_val=0.084235 patience_left=0
[CHECKPOINT] Saved best model at epoch 18 -> E:\HLC\data\outputs\cnn_lstm_fusion\CIC-IoT-2025_multiclass\checks\best_ep18_fusion_seed33.pt
[EPOCH 19/20] train_loss=0.079036 val_loss=0.085089 train_acc=0.976823 val_acc=0.974207 lr=0.0010 time=14.87s best_val=0.083657 patience_left=0
[EPOCH 20/20] train_loss=0.079447 val_loss=0.081938 train_acc=0.976363 val_acc=0.976708 lr=0.0010 time=14.35s best_val=0.083657 patience_left=0
[CHECKPOINT] Saved best model at epoch 20 -> E:\HLC\data\outputs\cnn_lstm_fusion\CIC-IoT-2025_multiclass\checks\best_ep20_fusion_seed33.pt

==================== RUNNING SEED 43 ====================
[TRAIN] Dataset=CIC-IoT-2025_multiclass | Classes=8 | InputDim=84 | Seed=43
[TRAIN] Model=Fusion (CNN+LSTM) | Params=187,656 | Device=cuda | Batch=128 | LR=0.001
[TRAIN] Epochs=20 | EarlyStop=0 | Optim=AdamW | Loss=CrossEntropy
[EPOCH 1/20] train_loss=0.371004 val_loss=0.194922 train_acc=0.886378 val_acc=0.945095 lr=0.0010 time=14.63s best_val=inf patience_left=0
[CHECKPOINT] Saved best model at epoch 1 -> E:\HLC\data\outputs\cnn_lstm_fusion\CIC-IoT-2025_multiclass\checks\best_ep1_fusion_seed43.pt
[EPOCH 2/20] train_loss=0.175153 val_loss=0.138101 train_acc=0.951364 val_acc=0.960608 lr=0.0010 time=14.57s best_val=0.194922 patience_left=0
[CHECKPOINT] Saved best model at epoch 2 -> E:\HLC\data\outputs\cnn_lstm_fusion\CIC-IoT-2025_multiclass\checks\best_ep2_fusion_seed43.pt
[EPOCH 3/20] train_loss=0.139900 val_loss=0.115080 train_acc=0.960874 val_acc=0.966767 lr=0.0010 time=16.03s best_val=0.138101 patience_left=0
[CHECKPOINT] Saved best model at epoch 3 -> E:\HLC\data\outputs\cnn_lstm_fusion\CIC-IoT-2025_multiclass\checks\best_ep3_fusion_seed43.pt
[EPOCH 4/20] train_loss=0.125138 val_loss=0.113974 train_acc=0.964919 val_acc=0.967091 lr=0.0010 time=15.09s best_val=0.115080 patience_left=0
[CHECKPOINT] Saved best model at epoch 4 -> E:\HLC\data\outputs\cnn_lstm_fusion\CIC-IoT-2025_multiclass\checks\best_ep4_fusion_seed43.pt
[EPOCH 5/20] train_loss=0.114759 val_loss=0.111271 train_acc=0.967350 val_acc=0.968311 lr=0.0010 time=14.89s best_val=0.113974 patience_left=0
[CHECKPOINT] Saved best model at epoch 5 -> E:\HLC\data\outputs\cnn_lstm_fusion\CIC-IoT-2025_multiclass\checks\best_ep5_fusion_seed43.pt
[EPOCH 6/20] train_loss=0.110448 val_loss=0.101349 train_acc=0.968455 val_acc=0.970796 lr=0.0010 time=14.79s best_val=0.111271 patience_left=0
[CHECKPOINT] Saved best model at epoch 6 -> E:\HLC\data\outputs\cnn_lstm_fusion\CIC-IoT-2025_multiclass\checks\best_ep6_fusion_seed43.pt
[EPOCH 7/20] train_loss=0.103109 val_loss=0.099518 train_acc=0.970608 val_acc=0.971120 lr=0.0010 time=14.41s best_val=0.101349 patience_left=0
[CHECKPOINT] Saved best model at epoch 7 -> E:\HLC\data\outputs\cnn_lstm_fusion\CIC-IoT-2025_multiclass\checks\best_ep7_fusion_seed43.pt
[EPOCH 8/20] train_loss=0.099808 val_loss=0.094976 train_acc=0.971015 val_acc=0.972571 lr=0.0010 time=14.36s best_val=0.099518 patience_left=0
[CHECKPOINT] Saved best model at epoch 8 -> E:\HLC\data\outputs\cnn_lstm_fusion\CIC-IoT-2025_multiclass\checks\best_ep8_fusion_seed43.pt
[EPOCH 9/20] train_loss=0.095248 val_loss=0.091553 train_acc=0.972652 val_acc=0.973806 lr=0.0010 time=14.75s best_val=0.094976 patience_left=0
[CHECKPOINT] Saved best model at epoch 9 -> E:\HLC\data\outputs\cnn_lstm_fusion\CIC-IoT-2025_multiclass\checks\best_ep9_fusion_seed43.pt
[EPOCH 10/20] train_loss=0.092890 val_loss=0.091323 train_acc=0.973026 val_acc=0.974022 lr=0.0010 time=14.72s best_val=0.091553 patience_left=0
[CHECKPOINT] Saved best model at epoch 10 -> E:\HLC\data\outputs\cnn_lstm_fusion\CIC-IoT-2025_multiclass\checks\best_ep10_fusion_seed43.pt
[EPOCH 11/20] train_loss=0.091410 val_loss=0.086970 train_acc=0.973602 val_acc=0.975071 lr=0.0010 time=15.01s best_val=0.091323 patience_left=0
[CHECKPOINT] Saved best model at epoch 11 -> E:\HLC\data\outputs\cnn_lstm_fusion\CIC-IoT-2025_multiclass\checks\best_ep11_fusion_seed43.pt
[EPOCH 12/20] train_loss=0.088345 val_loss=0.086788 train_acc=0.974161 val_acc=0.974716 lr=0.0010 time=14.60s best_val=0.086970 patience_left=0
[CHECKPOINT] Saved best model at epoch 12 -> E:\HLC\data\outputs\cnn_lstm_fusion\CIC-IoT-2025_multiclass\checks\best_ep12_fusion_seed43.pt
[EPOCH 13/20] train_loss=0.086694 val_loss=0.090814 train_acc=0.974620 val_acc=0.973512 lr=0.0010 time=14.59s best_val=0.086788 patience_left=0
[EPOCH 14/20] train_loss=0.084357 val_loss=0.089208 train_acc=0.975374 val_acc=0.975272 lr=0.0010 time=14.86s best_val=0.086788 patience_left=-1
[EPOCH 15/20] train_loss=0.082751 val_loss=0.084165 train_acc=0.975874 val_acc=0.975843 lr=0.0010 time=14.78s best_val=0.086788 patience_left=0
[CHECKPOINT] Saved best model at epoch 15 -> E:\HLC\data\outputs\cnn_lstm_fusion\CIC-IoT-2025_multiclass\checks\best_ep15_fusion_seed43.pt
[EPOCH 16/20] train_loss=0.082725 val_loss=0.086865 train_acc=0.975814 val_acc=0.974253 lr=0.0010 time=15.91s best_val=0.084165 patience_left=0
[EPOCH 17/20] train_loss=0.080075 val_loss=0.086200 train_acc=0.976542 val_acc=0.975426 lr=0.0010 time=14.77s best_val=0.084165 patience_left=-1
[EPOCH 18/20] train_loss=0.079974 val_loss=0.083908 train_acc=0.976525 val_acc=0.975936 lr=0.0010 time=14.70s best_val=0.084165 patience_left=0
[CHECKPOINT] Saved best model at epoch 18 -> E:\HLC\data\outputs\cnn_lstm_fusion\CIC-IoT-2025_multiclass\checks\best_ep18_fusion_seed43.pt
[EPOCH 19/20] train_loss=0.078280 val_loss=0.094915 train_acc=0.977154 val_acc=0.972169 lr=0.0010 time=14.44s best_val=0.083908 patience_left=0
[EPOCH 20/20] train_loss=0.076997 val_loss=0.084017 train_acc=0.977326 val_acc=0.976538 lr=0.0010 time=14.79s best_val=0.083908 patience_left=-1

==================== RUNNING SEED 53 ====================
[TRAIN] Dataset=CIC-IoT-2025_multiclass | Classes=8 | InputDim=84 | Seed=53
[TRAIN] Model=Fusion (CNN+LSTM) | Params=187,656 | Device=cuda | Batch=128 | LR=0.001
[TRAIN] Epochs=20 | EarlyStop=0 | Optim=AdamW | Loss=CrossEntropy
[EPOCH 1/20] train_loss=0.387782 val_loss=0.221525 train_acc=0.877143 val_acc=0.933627 lr=0.0010 time=14.99s best_val=inf patience_left=0
[CHECKPOINT] Saved best model at epoch 1 -> E:\HLC\data\outputs\cnn_lstm_fusion\CIC-IoT-2025_multiclass\checks\best_ep1_fusion_seed53.pt
[EPOCH 2/20] train_loss=0.193874 val_loss=0.145874 train_acc=0.945877 val_acc=0.958355 lr=0.0010 time=15.51s best_val=0.221525 patience_left=0
[CHECKPOINT] Saved best model at epoch 2 -> E:\HLC\data\outputs\cnn_lstm_fusion\CIC-IoT-2025_multiclass\checks\best_ep2_fusion_seed53.pt
[EPOCH 3/20] train_loss=0.147496 val_loss=0.130935 train_acc=0.959276 val_acc=0.963309 lr=0.0010 time=14.89s best_val=0.145874 patience_left=0
[CHECKPOINT] Saved best model at epoch 3 -> E:\HLC\data\outputs\cnn_lstm_fusion\CIC-IoT-2025_multiclass\checks\best_ep3_fusion_seed53.pt
[EPOCH 4/20] train_loss=0.130103 val_loss=0.119007 train_acc=0.963794 val_acc=0.965023 lr=0.0010 time=14.80s best_val=0.130935 patience_left=0
[CHECKPOINT] Saved best model at epoch 4 -> E:\HLC\data\outputs\cnn_lstm_fusion\CIC-IoT-2025_multiclass\checks\best_ep4_fusion_seed53.pt
[EPOCH 5/20] train_loss=0.118366 val_loss=0.110143 train_acc=0.966510 val_acc=0.968712 lr=0.0010 time=15.05s best_val=0.119007 patience_left=0
[CHECKPOINT] Saved best model at epoch 5 -> E:\HLC\data\outputs\cnn_lstm_fusion\CIC-IoT-2025_multiclass\checks\best_ep5_fusion_seed53.pt
[EPOCH 6/20] train_loss=0.112221 val_loss=0.106468 train_acc=0.968256 val_acc=0.969221 lr=0.0010 time=14.55s best_val=0.110143 patience_left=0
[CHECKPOINT] Saved best model at epoch 6 -> E:\HLC\data\outputs\cnn_lstm_fusion\CIC-IoT-2025_multiclass\checks\best_ep6_fusion_seed53.pt
[EPOCH 7/20] train_loss=0.105807 val_loss=0.099080 train_acc=0.969722 val_acc=0.971135 lr=0.0010 time=14.65s best_val=0.106468 patience_left=0
[CHECKPOINT] Saved best model at epoch 7 -> E:\HLC\data\outputs\cnn_lstm_fusion\CIC-IoT-2025_multiclass\checks\best_ep7_fusion_seed53.pt
[EPOCH 8/20] train_loss=0.102608 val_loss=0.102207 train_acc=0.970601 val_acc=0.970055 lr=0.0010 time=14.76s best_val=0.099080 patience_left=0
[EPOCH 9/20] train_loss=0.097830 val_loss=0.095364 train_acc=0.971762 val_acc=0.972478 lr=0.0010 time=16.60s best_val=0.099080 patience_left=0
[CHECKPOINT] Saved best model at epoch 9 -> E:\HLC\data\outputs\cnn_lstm_fusion\CIC-IoT-2025_multiclass\checks\best_ep9_fusion_seed53.pt
[EPOCH 10/20] train_loss=0.095753 val_loss=0.094353 train_acc=0.972275 val_acc=0.973219 lr=0.0010 time=14.77s best_val=0.095364 patience_left=0
[CHECKPOINT] Saved best model at epoch 10 -> E:\HLC\data\outputs\cnn_lstm_fusion\CIC-IoT-2025_multiclass\checks\best_ep10_fusion_seed53.pt
[EPOCH 11/20] train_loss=0.094012 val_loss=0.104729 train_acc=0.972828 val_acc=0.969453 lr=0.0010 time=15.17s best_val=0.094353 patience_left=0
[EPOCH 12/20] train_loss=0.090945 val_loss=0.090034 train_acc=0.973373 val_acc=0.974361 lr=0.0010 time=14.69s best_val=0.094353 patience_left=0
[CHECKPOINT] Saved best model at epoch 12 -> E:\HLC\data\outputs\cnn_lstm_fusion\CIC-IoT-2025_multiclass\checks\best_ep12_fusion_seed53.pt
[EPOCH 13/20] train_loss=0.088517 val_loss=0.088473 train_acc=0.974220 val_acc=0.973945 lr=0.0010 time=14.59s best_val=0.090034 patience_left=0
[CHECKPOINT] Saved best model at epoch 13 -> E:\HLC\data\outputs\cnn_lstm_fusion\CIC-IoT-2025_multiclass\checks\best_ep13_fusion_seed53.pt
[EPOCH 14/20] train_loss=0.085881 val_loss=0.085216 train_acc=0.974918 val_acc=0.975272 lr=0.0010 time=14.64s best_val=0.088473 patience_left=0
[CHECKPOINT] Saved best model at epoch 14 -> E:\HLC\data\outputs\cnn_lstm_fusion\CIC-IoT-2025_multiclass\checks\best_ep14_fusion_seed53.pt
[EPOCH 15/20] train_loss=0.084391 val_loss=0.087796 train_acc=0.975236 val_acc=0.974161 lr=0.0010 time=14.77s best_val=0.085216 patience_left=0
[EPOCH 16/20] train_loss=0.083190 val_loss=0.084346 train_acc=0.975775 val_acc=0.975534 lr=0.0010 time=14.57s best_val=0.085216 patience_left=0
[CHECKPOINT] Saved best model at epoch 16 -> E:\HLC\data\outputs\cnn_lstm_fusion\CIC-IoT-2025_multiclass\checks\best_ep16_fusion_seed53.pt
[EPOCH 17/20] train_loss=0.081627 val_loss=0.088124 train_acc=0.975970 val_acc=0.974346 lr=0.0010 time=14.61s best_val=0.084346 patience_left=0
[EPOCH 18/20] train_loss=0.080881 val_loss=0.088896 train_acc=0.976337 val_acc=0.973512 lr=0.0010 time=15.37s best_val=0.084346 patience_left=-1
[EPOCH 19/20] train_loss=0.079068 val_loss=0.081514 train_acc=0.976704 val_acc=0.976785 lr=0.0010 time=15.60s best_val=0.084346 patience_left=0
[CHECKPOINT] Saved best model at epoch 19 -> E:\HLC\data\outputs\cnn_lstm_fusion\CIC-IoT-2025_multiclass\checks\best_ep19_fusion_seed53.pt
[EPOCH 20/20] train_loss=0.078174 val_loss=0.081239 train_acc=0.976959 val_acc=0.976785 lr=0.0010 time=14.89s best_val=0.081514 patience_left=0
[CHECKPOINT] Saved best model at epoch 20 -> E:\HLC\data\outputs\cnn_lstm_fusion\CIC-IoT-2025_multiclass\checks\best_ep20_fusion_seed53.pt

[STATS] Seed statistics saved to E:\HLC\data\outputs\cnn_lstm_fusion\CIC-IoT-2025_multiclass\eval\seed_stats_fusion.json
[BEST SEED MODEL] Copying best checkpoint E:\HLC\data\outputs\cnn_lstm_fusion\CIC-IoT-2025_multiclass\checks\best_ep18_fusion_seed43.pt -> E:\HLC\data\outputs\cnn_lstm_fusion\CIC-IoT-2025_multiclass\checks\best_fusion.pt
[DONE] Best Checkpoint: E:\HLC\data\outputs\cnn_lstm_fusion\CIC-IoT-2025_multiclass\checks\best_fusion.pt
       Best History CSV: E:\HLC\data\outputs\cnn_lstm_fusion\CIC-IoT-2025_multiclass\history_fusion_seed43.csv
       Best Model Complexity: {'params': 187656, 'est_macs_per_sample': 224704, 'measured_infer_total_sec': 0.8416720000095665, 'measured_ms_per_batch': 1.660102564121433, 'measured_ms_per_sample': 0.012991772787058218, 'measured_samples_per_sec': 76971.78948481551, 'measured_energy_j_proxy': 101.00064000114799, 'measured_batches': 507, 'measured_samples': 64785, 'val_detect_total_sec': 0.8416720000095665, 'val_detect_ms_per_sample': 0.012991772787058218}

==================== IDS EXPERIMENT CLI ====================
(1) Load & split dataset (persist)
(2) Load existing split (validate)
(3) Visualize features (EPS)
(4) Train model (save ckpt + curves + history CSV)
(5) Evaluate & plot performance (EPS + CSV/JSON)
(6) XAI (SHAP/LIME/ANOVA)
(7) Ablation (user-selected feature subset)
(8) Evaluate (explicit)
(9) Inference (load_model → predict live CSV)
(q) Quit
============================================================

Select option: 4

[4] Train a model
Available splits: ['Apose-IoT-23_binary', 'Apose-IoT-23_multiclass', 'BoT-IoT_binary', 'BoT-IoT_multiclass', 'CIC-IoMT-2024_binary', 'CIC-IoMT-2024_multiclass', 'CIC-IoT-2025_binary', 'CIC-IoT-2025_multiclass']
Split key: BoT-IoT_binary
[INFO] Detected classes=2 → binary
Epochs? [default: 50] 20
Batch size? [default: 256] 128
Learning rate? [default: 0.001] 0.001
Early stop patience? [default: 8] 0
Model (fusion/dnn)? [default: fusion] choices=['fusion', 'dnn'] fusion

==================== RUNNING SEED 13 ====================
[TRAIN] Dataset=BoT-IoT_binary | Classes=2 | InputDim=28 | Seed=13
[TRAIN] Model=Fusion (CNN+LSTM) | Params=172,930 | Device=cuda | Batch=128 | LR=0.001
[TRAIN] Epochs=20 | EarlyStop=0 | Optim=AdamW | Loss=CrossEntropy
[EPOCH 1/20] train_loss=0.000656 val_loss=0.000203 train_acc=0.999764 val_acc=0.999936 lr=0.0010 time=344.40s best_val=inf patience_left=0
[CHECKPOINT] Saved best model at epoch 1 -> E:\HLC\data\outputs\cnn_lstm_fusion\BoT-IoT_binary\checks\best_ep1_fusion_seed13.pt
[EPOCH 2/20] train_loss=0.000154 val_loss=0.000087 train_acc=0.999964 val_acc=0.999977 lr=0.0010 time=344.43s best_val=0.000203 patience_left=0
[CHECKPOINT] Saved best model at epoch 2 -> E:\HLC\data\outputs\cnn_lstm_fusion\BoT-IoT_binary\checks\best_ep2_fusion_seed13.pt
[EPOCH 3/20] train_loss=0.000160 val_loss=0.000873 train_acc=0.999964 val_acc=0.999957 lr=0.0010 time=343.46s best_val=0.000087 patience_left=0
[EPOCH 4/20] train_loss=0.000166 val_loss=0.000119 train_acc=0.999965 val_acc=0.999980 lr=0.0010 time=343.65s best_val=0.000087 patience_left=-1
[EPOCH 5/20] train_loss=0.000151 val_loss=0.000132 train_acc=0.999963 val_acc=0.999983 lr=0.0010 time=342.30s best_val=0.000087 patience_left=-2
[EPOCH 6/20] train_loss=0.000158 val_loss=0.000096 train_acc=0.999965 val_acc=0.999977 lr=0.0010 time=342.55s best_val=0.000087 patience_left=-3
[EPOCH 7/20] train_loss=0.000146 val_loss=0.000108 train_acc=0.999965 val_acc=0.999979 lr=0.0010 time=343.38s best_val=0.000087 patience_left=-4
[EPOCH 8/20] train_loss=0.000146 val_loss=0.000136 train_acc=0.999965 val_acc=0.999960 lr=0.0010 time=339.43s best_val=0.000087 patience_left=-5
[EPOCH 9/20] train_loss=0.000145 val_loss=0.000117 train_acc=0.999962 val_acc=0.999981 lr=0.0010 time=343.19s best_val=0.000087 patience_left=-6
[EPOCH 10/20] train_loss=0.000140 val_loss=0.000109 train_acc=0.999963 val_acc=0.999978 lr=0.0010 time=341.06s best_val=0.000087 patience_left=-7
[EPOCH 11/20] train_loss=0.000146 val_loss=0.000139 train_acc=0.999963 val_acc=0.999945 lr=0.0010 time=340.43s best_val=0.000087 patience_left=-8
[EPOCH 12/20] train_loss=0.000148 val_loss=0.000168 train_acc=0.999960 val_acc=0.999975 lr=0.0010 time=339.59s best_val=0.000087 patience_left=-9
[EPOCH 13/20] train_loss=0.000150 val_loss=0.000090 train_acc=0.999963 val_acc=0.999976 lr=0.0010 time=338.79s best_val=0.000087 patience_left=-10
[EPOCH 14/20] train_loss=0.000138 val_loss=0.000106 train_acc=0.999965 val_acc=0.999975 lr=0.0010 time=342.07s best_val=0.000087 patience_left=-11
[EPOCH 15/20] train_loss=0.000144 val_loss=0.000175 train_acc=0.999964 val_acc=0.999955 lr=0.0010 time=342.02s best_val=0.000087 patience_left=-12
[EPOCH 16/20] train_loss=0.000150 val_loss=0.000190 train_acc=0.999959 val_acc=0.999967 lr=0.0010 time=342.35s best_val=0.000087 patience_left=-13
[EPOCH 17/20] train_loss=0.000144 val_loss=0.000154 train_acc=0.999957 val_acc=0.999971 lr=0.0010 time=344.81s best_val=0.000087 patience_left=-14
[EPOCH 18/20] train_loss=0.000144 val_loss=0.000159 train_acc=0.999961 val_acc=0.999909 lr=0.0010 time=346.75s best_val=0.000087 patience_left=-15
[EPOCH 19/20] train_loss=0.000142 val_loss=0.000132 train_acc=0.999960 val_acc=0.999969 lr=0.0010 time=345.40s best_val=0.000087 patience_left=-16
[EPOCH 20/20] train_loss=0.000162 val_loss=0.000132 train_acc=0.999959 val_acc=0.999977 lr=0.0010 time=345.16s best_val=0.000087 patience_left=-17

==================== RUNNING SEED 23 ====================
[TRAIN] Dataset=BoT-IoT_binary | Classes=2 | InputDim=28 | Seed=23
[TRAIN] Model=Fusion (CNN+LSTM) | Params=172,930 | Device=cuda | Batch=128 | LR=0.001
[TRAIN] Epochs=20 | EarlyStop=0 | Optim=AdamW | Loss=CrossEntropy
[EPOCH 1/20] train_loss=0.000631 val_loss=0.000211 train_acc=0.999897 val_acc=0.999933 lr=0.0010 time=342.43s best_val=inf patience_left=0
[CHECKPOINT] Saved best model at epoch 1 -> E:\HLC\data\outputs\cnn_lstm_fusion\BoT-IoT_binary\checks\best_ep1_fusion_seed23.pt
[EPOCH 2/20] train_loss=0.000161 val_loss=0.000125 train_acc=0.999956 val_acc=0.999959 lr=0.0010 time=342.00s best_val=0.000211 patience_left=0
[CHECKPOINT] Saved best model at epoch 2 -> E:\HLC\data\outputs\cnn_lstm_fusion\BoT-IoT_binary\checks\best_ep2_fusion_seed23.pt
[EPOCH 3/20] train_loss=0.000156 val_loss=0.000145 train_acc=0.999959 val_acc=0.999934 lr=0.0010 time=346.43s best_val=0.000125 patience_left=0
[EPOCH 4/20] train_loss=0.000136 val_loss=0.000233 train_acc=0.999964 val_acc=0.999938 lr=0.0010 time=343.10s best_val=0.000125 patience_left=-1
[EPOCH 5/20] train_loss=0.000158 val_loss=0.000165 train_acc=0.999965 val_acc=0.999963 lr=0.0010 time=342.47s best_val=0.000125 patience_left=-2
[EPOCH 6/20] train_loss=0.000166 val_loss=0.000103 train_acc=0.999962 val_acc=0.999959 lr=0.0010 time=340.79s best_val=0.000125 patience_left=0
[CHECKPOINT] Saved best model at epoch 6 -> E:\HLC\data\outputs\cnn_lstm_fusion\BoT-IoT_binary\checks\best_ep6_fusion_seed23.pt
[EPOCH 7/20] train_loss=0.000136 val_loss=0.000116 train_acc=0.999962 val_acc=0.999976 lr=0.0010 time=343.54s best_val=0.000103 patience_left=0
[EPOCH 8/20] train_loss=0.000139 val_loss=0.000076 train_acc=0.999962 val_acc=0.999974 lr=0.0010 time=346.22s best_val=0.000103 patience_left=0
[CHECKPOINT] Saved best model at epoch 8 -> E:\HLC\data\outputs\cnn_lstm_fusion\BoT-IoT_binary\checks\best_ep8_fusion_seed23.pt
[EPOCH 9/20] train_loss=0.000151 val_loss=0.000095 train_acc=0.999961 val_acc=0.999962 lr=0.0010 time=348.23s best_val=0.000076 patience_left=0
[EPOCH 10/20] train_loss=0.000139 val_loss=0.000162 train_acc=0.999959 val_acc=0.999957 lr=0.0010 time=340.44s best_val=0.000076 patience_left=-1
[EPOCH 11/20] train_loss=0.000143 val_loss=0.000092 train_acc=0.999961 val_acc=0.999980 lr=0.0010 time=357.23s best_val=0.000076 patience_left=-2
[EPOCH 12/20] train_loss=0.000141 val_loss=0.000102 train_acc=0.999962 val_acc=0.999981 lr=0.0010 time=350.55s best_val=0.000076 patience_left=-3
[EPOCH 13/20] train_loss=0.000149 val_loss=0.000202 train_acc=0.999963 val_acc=0.999941 lr=0.0010 time=365.52s best_val=0.000076 patience_left=-4
[EPOCH 14/20] train_loss=0.000151 val_loss=0.000113 train_acc=0.999958 val_acc=0.999973 lr=0.0010 time=362.85s best_val=0.000076 patience_left=-5
[EPOCH 15/20] train_loss=0.000142 val_loss=0.000132 train_acc=0.999960 val_acc=0.999971 lr=0.0010 time=350.11s best_val=0.000076 patience_left=-6
[EPOCH 16/20] train_loss=0.000143 val_loss=0.000150 train_acc=0.999962 val_acc=0.999971 lr=0.0010 time=348.42s best_val=0.000076 patience_left=-7
[EPOCH 17/20] train_loss=0.000153 val_loss=0.000113 train_acc=0.999963 val_acc=0.999971 lr=0.0010 time=347.67s best_val=0.000076 patience_left=-8
[EPOCH 18/20] train_loss=0.000161 val_loss=0.000133 train_acc=0.999958 val_acc=0.999965 lr=0.0010 time=349.02s best_val=0.000076 patience_left=-9
[EPOCH 19/20] train_loss=0.000158 val_loss=0.000099 train_acc=0.999955 val_acc=0.999969 lr=0.0010 time=351.08s best_val=0.000076 patience_left=-10
[EPOCH 20/20] train_loss=0.000149 val_loss=0.000115 train_acc=0.999958 val_acc=0.999945 lr=0.0010 time=352.24s best_val=0.000076 patience_left=-11

==================== RUNNING SEED 33 ====================
[TRAIN] Dataset=BoT-IoT_binary | Classes=2 | InputDim=28 | Seed=33
[TRAIN] Model=Fusion (CNN+LSTM) | Params=172,930 | Device=cuda | Batch=128 | LR=0.001
[TRAIN] Epochs=20 | EarlyStop=0 | Optim=AdamW | Loss=CrossEntropy
[EPOCH 1/20] train_loss=0.000573 val_loss=0.000146 train_acc=0.999948 val_acc=0.999961 lr=0.0010 time=358.66s best_val=inf patience_left=0
[CHECKPOINT] Saved best model at epoch 1 -> E:\HLC\data\outputs\cnn_lstm_fusion\BoT-IoT_binary\checks\best_ep1_fusion_seed33.pt
[EPOCH 2/20] train_loss=0.000169 val_loss=0.000136 train_acc=0.999958 val_acc=0.999971 lr=0.0010 time=346.26s best_val=0.000146 patience_left=0
[CHECKPOINT] Saved best model at epoch 2 -> E:\HLC\data\outputs\cnn_lstm_fusion\BoT-IoT_binary\checks\best_ep2_fusion_seed33.pt
[EPOCH 3/20] train_loss=0.000153 val_loss=0.000120 train_acc=0.999959 val_acc=0.999971 lr=0.0010 time=347.41s best_val=0.000136 patience_left=0
[CHECKPOINT] Saved best model at epoch 3 -> E:\HLC\data\outputs\cnn_lstm_fusion\BoT-IoT_binary\checks\best_ep3_fusion_seed33.pt
[EPOCH 4/20] train_loss=0.000152 val_loss=0.000122 train_acc=0.999958 val_acc=0.999974 lr=0.0010 time=349.54s best_val=0.000120 patience_left=0
[EPOCH 5/20] train_loss=0.000144 val_loss=0.000242 train_acc=0.999959 val_acc=0.999943 lr=0.0010 time=350.35s best_val=0.000120 patience_left=-1
[EPOCH 6/20] train_loss=0.000150 val_loss=0.000158 train_acc=0.999959 val_acc=0.999977 lr=0.0010 time=348.60s best_val=0.000120 patience_left=-2
[EPOCH 7/20] train_loss=0.000150 val_loss=0.000110 train_acc=0.999958 val_acc=0.999967 lr=0.0010 time=365.72s best_val=0.000120 patience_left=0
[CHECKPOINT] Saved best model at epoch 7 -> E:\HLC\data\outputs\cnn_lstm_fusion\BoT-IoT_binary\checks\best_ep7_fusion_seed33.pt
[EPOCH 8/20] train_loss=0.000149 val_loss=0.000185 train_acc=0.999963 val_acc=0.999941 lr=0.0010 time=358.89s best_val=0.000110 patience_left=0
[EPOCH 9/20] train_loss=0.000162 val_loss=0.000104 train_acc=0.999959 val_acc=0.999959 lr=0.0010 time=350.31s best_val=0.000110 patience_left=0
[CHECKPOINT] Saved best model at epoch 9 -> E:\HLC\data\outputs\cnn_lstm_fusion\BoT-IoT_binary\checks\best_ep9_fusion_seed33.pt
[EPOCH 10/20] train_loss=0.000156 val_loss=0.000098 train_acc=0.999956 val_acc=0.999964 lr=0.0010 time=344.81s best_val=0.000104 patience_left=0
[CHECKPOINT] Saved best model at epoch 10 -> E:\HLC\data\outputs\cnn_lstm_fusion\BoT-IoT_binary\checks\best_ep10_fusion_seed33.pt
[EPOCH 11/20] train_loss=0.000156 val_loss=0.000182 train_acc=0.999960 val_acc=0.999919 lr=0.0010 time=346.11s best_val=0.000098 patience_left=0
[EPOCH 12/20] train_loss=0.000145 val_loss=0.000112 train_acc=0.999957 val_acc=0.999959 lr=0.0010 time=352.33s best_val=0.000098 patience_left=-1
[EPOCH 13/20] train_loss=0.000161 val_loss=0.000139 train_acc=0.999957 val_acc=0.999953 lr=0.0010 time=362.21s best_val=0.000098 patience_left=-2
[EPOCH 14/20] train_loss=0.000150 val_loss=0.000104 train_acc=0.999957 val_acc=0.999967 lr=0.0010 time=349.82s best_val=0.000098 patience_left=-3
[EPOCH 15/20] train_loss=0.000165 val_loss=0.000117 train_acc=0.999957 val_acc=0.999949 lr=0.0010 time=347.03s best_val=0.000098 patience_left=-4
[EPOCH 16/20] train_loss=0.000164 val_loss=0.000143 train_acc=0.999956 val_acc=0.999980 lr=0.0010 time=347.54s best_val=0.000098 patience_left=-5
[EPOCH 17/20] train_loss=0.000160 val_loss=0.000120 train_acc=0.999960 val_acc=0.999975 lr=0.0010 time=350.05s best_val=0.000098 patience_left=-6
[EPOCH 18/20] train_loss=0.000157 val_loss=0.000148 train_acc=0.999959 val_acc=0.999967 lr=0.0010 time=352.44s best_val=0.000098 patience_left=-7
[EPOCH 19/20] train_loss=0.000150 val_loss=0.000125 train_acc=0.999961 val_acc=0.999959 lr=0.0010 time=349.86s best_val=0.000098 patience_left=-8
[EPOCH 20/20] train_loss=0.000152 val_loss=0.000105 train_acc=0.999961 val_acc=0.999969 lr=0.0010 time=353.63s best_val=0.000098 patience_left=-9

==================== RUNNING SEED 43 ====================
[TRAIN] Dataset=BoT-IoT_binary | Classes=2 | InputDim=28 | Seed=43
[TRAIN] Model=Fusion (CNN+LSTM) | Params=172,930 | Device=cuda | Batch=128 | LR=0.001
[TRAIN] Epochs=20 | EarlyStop=0 | Optim=AdamW | Loss=CrossEntropy
[EPOCH 1/20] train_loss=0.000607 val_loss=0.000178 train_acc=0.999774 val_acc=0.999967 lr=0.0010 time=363.53s best_val=inf patience_left=0
[CHECKPOINT] Saved best model at epoch 1 -> E:\HLC\data\outputs\cnn_lstm_fusion\BoT-IoT_binary\checks\best_ep1_fusion_seed43.pt
[EPOCH 2/20] train_loss=0.000175 val_loss=0.000097 train_acc=0.999958 val_acc=0.999977 lr=0.0010 time=355.44s best_val=0.000178 patience_left=0
[CHECKPOINT] Saved best model at epoch 2 -> E:\HLC\data\outputs\cnn_lstm_fusion\BoT-IoT_binary\checks\best_ep2_fusion_seed43.pt
[EPOCH 3/20] train_loss=0.000159 val_loss=0.000134 train_acc=0.999960 val_acc=0.999949 lr=0.0010 time=365.71s best_val=0.000097 patience_left=0
[EPOCH 4/20] train_loss=0.000151 val_loss=0.000134 train_acc=0.999961 val_acc=0.999967 lr=0.0010 time=372.87s best_val=0.000097 patience_left=-1
[EPOCH 5/20] train_loss=0.000148 val_loss=0.000112 train_acc=0.999958 val_acc=0.999972 lr=0.0010 time=382.25s best_val=0.000097 patience_left=-2
[EPOCH 6/20] train_loss=0.000148 val_loss=0.000209 train_acc=0.999961 val_acc=0.999938 lr=0.0010 time=364.18s best_val=0.000097 patience_left=-3
[EPOCH 7/20] train_loss=0.000157 val_loss=0.000230 train_acc=0.999958 val_acc=0.999939 lr=0.0010 time=358.86s best_val=0.000097 patience_left=-4
[EPOCH 8/20] train_loss=0.000156 val_loss=0.000117 train_acc=0.999956 val_acc=0.999969 lr=0.0010 time=357.50s best_val=0.000097 patience_left=-5
[EPOCH 9/20] train_loss=0.000148 val_loss=0.000090 train_acc=0.999958 val_acc=0.999976 lr=0.0010 time=364.86s best_val=0.000097 patience_left=0
[CHECKPOINT] Saved best model at epoch 9 -> E:\HLC\data\outputs\cnn_lstm_fusion\BoT-IoT_binary\checks\best_ep9_fusion_seed43.pt
[EPOCH 10/20] train_loss=0.000149 val_loss=0.000127 train_acc=0.999957 val_acc=0.999975 lr=0.0010 time=374.39s best_val=0.000090 patience_left=0
[EPOCH 11/20] train_loss=0.000140 val_loss=0.000162 train_acc=0.999962 val_acc=0.999971 lr=0.0010 time=374.65s best_val=0.000090 patience_left=-1
[EPOCH 12/20] train_loss=0.000148 val_loss=0.000097 train_acc=0.999957 val_acc=0.999962 lr=0.0010 time=370.98s best_val=0.000090 patience_left=-2
[EPOCH 13/20] train_loss=0.000152 val_loss=0.000167 train_acc=0.999958 val_acc=0.999972 lr=0.0010 time=387.85s best_val=0.000090 patience_left=-3
[EPOCH 14/20] train_loss=0.000158 val_loss=0.000104 train_acc=0.999958 val_acc=0.999979 lr=0.0010 time=395.45s best_val=0.000090 patience_left=-4
[EPOCH 15/20] train_loss=0.000164 val_loss=0.000099 train_acc=0.999955 val_acc=0.999975 lr=0.0010 time=380.32s best_val=0.000090 patience_left=-5
[EPOCH 16/20] train_loss=0.000166 val_loss=0.000675 train_acc=0.999960 val_acc=0.999937 lr=0.0010 time=380.44s best_val=0.000090 patience_left=-6
[EPOCH 17/20] train_loss=0.000164 val_loss=0.000166 train_acc=0.999958 val_acc=0.999959 lr=0.0010 time=361.82s best_val=0.000090 patience_left=-7
[EPOCH 18/20] train_loss=0.000154 val_loss=0.000246 train_acc=0.999959 val_acc=0.999945 lr=0.0010 time=359.78s best_val=0.000090 patience_left=-8
[EPOCH 19/20] train_loss=0.000155 val_loss=0.000185 train_acc=0.999956 val_acc=0.999963 lr=0.0010 time=355.61s best_val=0.000090 patience_left=-9
[EPOCH 20/20] train_loss=0.000159 val_loss=0.000103 train_acc=0.999958 val_acc=0.999977 lr=0.0010 time=352.01s best_val=0.000090 patience_left=-10

==================== RUNNING SEED 53 ====================
[TRAIN] Dataset=BoT-IoT_binary | Classes=2 | InputDim=28 | Seed=53
[TRAIN] Model=Fusion (CNN+LSTM) | Params=172,930 | Device=cuda | Batch=128 | LR=0.001
[TRAIN] Epochs=20 | EarlyStop=0 | Optim=AdamW | Loss=CrossEntropy
[EPOCH 1/20] train_loss=0.000621 val_loss=0.000248 train_acc=0.999714 val_acc=0.999938 lr=0.0010 time=345.66s best_val=inf patience_left=0
[CHECKPOINT] Saved best model at epoch 1 -> E:\HLC\data\outputs\cnn_lstm_fusion\BoT-IoT_binary\checks\best_ep1_fusion_seed53.pt
[EPOCH 2/20] train_loss=0.000168 val_loss=0.000124 train_acc=0.999957 val_acc=0.999967 lr=0.0010 time=357.53s best_val=0.000248 patience_left=0
[CHECKPOINT] Saved best model at epoch 2 -> E:\HLC\data\outputs\cnn_lstm_fusion\BoT-IoT_binary\checks\best_ep2_fusion_seed53.pt
[EPOCH 3/20] train_loss=0.000145 val_loss=0.000105 train_acc=0.999959 val_acc=0.999978 lr=0.0010 time=375.75s best_val=0.000124 patience_left=0
[CHECKPOINT] Saved best model at epoch 3 -> E:\HLC\data\outputs\cnn_lstm_fusion\BoT-IoT_binary\checks\best_ep3_fusion_seed53.pt
[EPOCH 4/20] train_loss=0.000148 val_loss=0.000164 train_acc=0.999959 val_acc=0.999929 lr=0.0010 time=371.05s best_val=0.000105 patience_left=0
[EPOCH 5/20] train_loss=0.000145 val_loss=0.000165 train_acc=0.999962 val_acc=0.999946 lr=0.0010 time=380.28s best_val=0.000105 patience_left=-1
[EPOCH 6/20] train_loss=0.000148 val_loss=0.000171 train_acc=0.999960 val_acc=0.999970 lr=0.0010 time=382.74s best_val=0.000105 patience_left=-2
[EPOCH 7/20] train_loss=0.000163 val_loss=0.000208 train_acc=0.999956 val_acc=0.999951 lr=0.0010 time=390.30s best_val=0.000105 patience_left=-3
[EPOCH 8/20] train_loss=0.000153 val_loss=0.000105 train_acc=0.999961 val_acc=0.999963 lr=0.0010 time=374.37s best_val=0.000105 patience_left=-4
[EPOCH 9/20] train_loss=0.000151 val_loss=0.000405 train_acc=0.999958 val_acc=0.999949 lr=0.0010 time=358.48s best_val=0.000105 patience_left=-5
[EPOCH 10/20] train_loss=0.000152 val_loss=0.000098 train_acc=0.999959 val_acc=0.999965 lr=0.0010 time=345.69s best_val=0.000105 patience_left=0
[CHECKPOINT] Saved best model at epoch 10 -> E:\HLC\data\outputs\cnn_lstm_fusion\BoT-IoT_binary\checks\best_ep10_fusion_seed53.pt
[EPOCH 11/20] train_loss=0.000159 val_loss=0.000139 train_acc=0.999959 val_acc=0.999945 lr=0.0010 time=349.07s best_val=0.000098 patience_left=0
[EPOCH 12/20] train_loss=0.000160 val_loss=0.000132 train_acc=0.999957 val_acc=0.999969 lr=0.0010 time=343.64s best_val=0.000098 patience_left=-1
[EPOCH 13/20] train_loss=0.000162 val_loss=0.000210 train_acc=0.999958 val_acc=0.999939 lr=0.0010 time=342.28s best_val=0.000098 patience_left=-2
[EPOCH 14/20] train_loss=0.000158 val_loss=0.000121 train_acc=0.999957 val_acc=0.999968 lr=0.0010 time=341.80s best_val=0.000098 patience_left=-3
[EPOCH 15/20] train_loss=0.000158 val_loss=0.000090 train_acc=0.999959 val_acc=0.999967 lr=0.0010 time=343.04s best_val=0.000098 patience_left=0
[CHECKPOINT] Saved best model at epoch 15 -> E:\HLC\data\outputs\cnn_lstm_fusion\BoT-IoT_binary\checks\best_ep15_fusion_seed53.pt
[EPOCH 16/20] train_loss=0.000153 val_loss=0.000131 train_acc=0.999957 val_acc=0.999979 lr=0.0010 time=343.92s best_val=0.000090 patience_left=0
[EPOCH 17/20] train_loss=0.000156 val_loss=0.000115 train_acc=0.999960 val_acc=0.999963 lr=0.0010 time=343.31s best_val=0.000090 patience_left=-1
[EPOCH 18/20] train_loss=0.000155 val_loss=0.000123 train_acc=0.999957 val_acc=0.999957 lr=0.0010 time=342.92s best_val=0.000090 patience_left=-2
[EPOCH 19/20] train_loss=0.000158 val_loss=0.000194 train_acc=0.999959 val_acc=0.999949 lr=0.0010 time=345.20s best_val=0.000090 patience_left=-3
[EPOCH 20/20] train_loss=0.000169 val_loss=0.000154 train_acc=0.999961 val_acc=0.999959 lr=0.0010 time=349.03s best_val=0.000090 patience_left=-4

[STATS] Seed statistics saved to E:\HLC\data\outputs\cnn_lstm_fusion\BoT-IoT_binary\eval\seed_stats_fusion.json
[BEST SEED MODEL] Copying best checkpoint E:\HLC\data\outputs\cnn_lstm_fusion\BoT-IoT_binary\checks\best_ep2_fusion_seed13.pt -> E:\HLC\data\outputs\cnn_lstm_fusion\BoT-IoT_binary\checks\best_fusion.pt

[DONE] Best Checkpoint: E:\HLC\data\outputs\cnn_lstm_fusion\BoT-IoT_binary\checks\best_fusion.pt
       Best History CSV: E:\HLC\data\outputs\cnn_lstm_fusion\BoT-IoT_binary\history_fusion_seed13.csv
       Best Model Complexity: {'params': 172930, 'est_macs_per_sample': 195264, 'measured_infer_total_sec': 18.471066800062545, 'measured_ms_per_batch': 1.5761640754383943, 'measured_ms_per_sample': 0.01231404453337503, 'measured_samples_per_sec': 81208.08701720038, 'measured_energy_j_proxy': 2216.5280160075054, 'measured_batches': 11719, 'measured_samples': 1500000, 'val_detect_total_sec': 18.471066800062545, 'val_detect_ms_per_sample': 0.01231404453337503}

==================== IDS EXPERIMENT CLI ====================
(1) Load & split dataset (persist)
(2) Load existing split (validate)
(3) Visualize features (EPS)
(4) Train model (save ckpt + curves + history CSV)
(5) Evaluate & plot performance (EPS + CSV/JSON)
(6) XAI (SHAP/LIME/ANOVA)
(7) Ablation (user-selected feature subset)
(8) Evaluate (explicit)
(9) Inference (load_model → predict live CSV)
(q) Quit
============================================================

Select option: 4

[4] Train a model
Available splits: ['Apose-IoT-23_binary', 'Apose-IoT-23_multiclass', 'BoT-IoT_binary', 'BoT-IoT_multiclass', 'CIC-IoMT-2024_binary', 'CIC-IoMT-2024_multiclass', 'CIC-IoT-2025_binary', 'CIC-IoT-2025_multiclass']
Split key: BoT-IoT_multiclass
[INFO] Detected classes=8 → multiclass
Epochs? [default: 50] 20
Batch size? [default: 256] 128
Learning rate? [default: 0.001] 0.001
Early stop patience? [default: 8] 0
Model (fusion/dnn)? [default: fusion] choices=['fusion', 'dnn'] fusion

==================== RUNNING SEED 13 ====================
[TRAIN] Dataset=BoT-IoT_multiclass | Classes=8 | InputDim=28 | Seed=13
[TRAIN] Model=Fusion (CNN+LSTM) | Params=173,320 | Device=cuda | Batch=128 | LR=0.001
[TRAIN] Epochs=20 | EarlyStop=0 | Optim=AdamW | Loss=CrossEntropy
[EPOCH 1/20] train_loss=0.013899 val_loss=0.008009 train_acc=0.994027 val_acc=0.996112 lr=0.0010 time=393.66s best_val=inf patience_left=0
[CHECKPOINT] Saved best model at epoch 1 -> E:\HLC\data\outputs\cnn_lstm_fusion\BoT-IoT_multiclass\checks\best_ep1_fusion_seed13.pt
[EPOCH 2/20] train_loss=0.008074 val_loss=0.009866 train_acc=0.996213 val_acc=0.996537 lr=0.0010 time=354.08s best_val=0.008009 patience_left=0
[EPOCH 3/20] train_loss=0.007411 val_loss=0.007623 train_acc=0.996715 val_acc=0.996460 lr=0.0010 time=349.02s best_val=0.008009 patience_left=0
[CHECKPOINT] Saved best model at epoch 3 -> E:\HLC\data\outputs\cnn_lstm_fusion\BoT-IoT_multiclass\checks\best_ep3_fusion_seed13.pt
[EPOCH 4/20] train_loss=0.007244 val_loss=0.006972 train_acc=0.996812 val_acc=0.996887 lr=0.0010 time=352.14s best_val=0.007623 patience_left=0
[CHECKPOINT] Saved best model at epoch 4 -> E:\HLC\data\outputs\cnn_lstm_fusion\BoT-IoT_multiclass\checks\best_ep4_fusion_seed13.pt
[EPOCH 5/20] train_loss=0.007045 val_loss=0.007605 train_acc=0.996935 val_acc=0.996843 lr=0.0010 time=351.94s best_val=0.006972 patience_left=0
[EPOCH 6/20] train_loss=0.006939 val_loss=0.005946 train_acc=0.996987 val_acc=0.997349 lr=0.0010 time=351.08s best_val=0.006972 patience_left=0
[CHECKPOINT] Saved best model at epoch 6 -> E:\HLC\data\outputs\cnn_lstm_fusion\BoT-IoT_multiclass\checks\best_ep6_fusion_seed13.pt
[EPOCH 7/20] train_loss=0.006828 val_loss=0.006037 train_acc=0.997042 val_acc=0.997295 lr=0.0010 time=353.79s best_val=0.005946 patience_left=0
[EPOCH 8/20] train_loss=0.006684 val_loss=0.006640 train_acc=0.997129 val_acc=0.996903 lr=0.0010 time=358.26s best_val=0.005946 patience_left=-1
[EPOCH 9/20] train_loss=0.006594 val_loss=0.005937 train_acc=0.997167 val_acc=0.997423 lr=0.0010 time=352.79s best_val=0.005946 patience_left=0
[CHECKPOINT] Saved best model at epoch 9 -> E:\HLC\data\outputs\cnn_lstm_fusion\BoT-IoT_multiclass\checks\best_ep9_fusion_seed13.pt
[EPOCH 10/20] train_loss=0.006508 val_loss=0.005847 train_acc=0.997190 val_acc=0.997480 lr=0.0010 time=354.33s best_val=0.005937 patience_left=0
[CHECKPOINT] Saved best model at epoch 10 -> E:\HLC\data\outputs\cnn_lstm_fusion\BoT-IoT_multiclass\checks\best_ep10_fusion_seed13.pt
[EPOCH 11/20] train_loss=0.006516 val_loss=0.005972 train_acc=0.997192 val_acc=0.997472 lr=0.0010 time=358.20s best_val=0.005847 patience_left=0
[EPOCH 12/20] train_loss=0.006504 val_loss=0.006531 train_acc=0.997212 val_acc=0.997438 lr=0.0010 time=365.24s best_val=0.005847 patience_left=-1
[EPOCH 13/20] train_loss=0.006509 val_loss=0.006745 train_acc=0.997223 val_acc=0.996894 lr=0.0010 time=356.30s best_val=0.005847 patience_left=-2
[EPOCH 14/20] train_loss=0.006476 val_loss=0.005834 train_acc=0.997217 val_acc=0.997491 lr=0.0010 time=379.96s best_val=0.005847 patience_left=0
[CHECKPOINT] Saved best model at epoch 14 -> E:\HLC\data\outputs\cnn_lstm_fusion\BoT-IoT_multiclass\checks\best_ep14_fusion_seed13.pt
[EPOCH 15/20] train_loss=0.006450 val_loss=0.006080 train_acc=0.997245 val_acc=0.997207 lr=0.0010 time=371.13s best_val=0.005834 patience_left=0
[EPOCH 16/20] train_loss=0.006458 val_loss=0.006998 train_acc=0.997236 val_acc=0.996898 lr=0.0010 time=352.66s best_val=0.005834 patience_left=-1
[EPOCH 17/20] train_loss=0.006446 val_loss=0.006417 train_acc=0.997250 val_acc=0.997314 lr=0.0010 time=352.08s best_val=0.005834 patience_left=-2
[EPOCH 18/20] train_loss=0.006456 val_loss=0.005957 train_acc=0.997263 val_acc=0.997299 lr=0.0010 time=352.03s best_val=0.005834 patience_left=-3
[EPOCH 19/20] train_loss=0.006419 val_loss=0.006364 train_acc=0.997252 val_acc=0.996880 lr=0.0010 time=353.28s best_val=0.005834 patience_left=-4
[EPOCH 20/20] train_loss=0.006404 val_loss=0.005995 train_acc=0.997265 val_acc=0.997431 lr=0.0010 time=355.43s best_val=0.005834 patience_left=-5

==================== RUNNING SEED 23 ====================
[TRAIN] Dataset=BoT-IoT_multiclass | Classes=8 | InputDim=28 | Seed=23
[TRAIN] Model=Fusion (CNN+LSTM) | Params=173,320 | Device=cuda | Batch=128 | LR=0.001
[TRAIN] Epochs=20 | EarlyStop=0 | Optim=AdamW | Loss=CrossEntropy
[EPOCH 1/20] train_loss=0.013601 val_loss=0.011192 train_acc=0.994169 val_acc=0.995699 lr=0.0010 time=360.72s best_val=inf patience_left=0
[CHECKPOINT] Saved best model at epoch 1 -> E:\HLC\data\outputs\cnn_lstm_fusion\BoT-IoT_multiclass\checks\best_ep1_fusion_seed23.pt
[EPOCH 2/20] train_loss=0.007882 val_loss=0.008705 train_acc=0.996364 val_acc=0.996197 lr=0.0010 time=354.45s best_val=0.011192 patience_left=0
[CHECKPOINT] Saved best model at epoch 2 -> E:\HLC\data\outputs\cnn_lstm_fusion\BoT-IoT_multiclass\checks\best_ep2_fusion_seed23.pt
[EPOCH 3/20] train_loss=0.007431 val_loss=0.006723 train_acc=0.996620 val_acc=0.997157 lr=0.0010 time=354.33s best_val=0.008705 patience_left=0
[CHECKPOINT] Saved best model at epoch 3 -> E:\HLC\data\outputs\cnn_lstm_fusion\BoT-IoT_multiclass\checks\best_ep3_fusion_seed23.pt
[EPOCH 4/20] train_loss=0.007188 val_loss=0.008857 train_acc=0.996800 val_acc=0.996081 lr=0.0010 time=365.59s best_val=0.006723 patience_left=0
[EPOCH 5/20] train_loss=0.007010 val_loss=0.006588 train_acc=0.996920 val_acc=0.996957 lr=0.0010 time=355.95s best_val=0.006723 patience_left=0
[CHECKPOINT] Saved best model at epoch 5 -> E:\HLC\data\outputs\cnn_lstm_fusion\BoT-IoT_multiclass\checks\best_ep5_fusion_seed23.pt
[EPOCH 6/20] train_loss=0.006821 val_loss=0.007175 train_acc=0.997033 val_acc=0.997117 lr=0.0010 time=351.23s best_val=0.006588 patience_left=0
[EPOCH 7/20] train_loss=0.006757 val_loss=0.005821 train_acc=0.997061 val_acc=0.997442 lr=0.0010 time=359.55s best_val=0.006588 patience_left=0
[CHECKPOINT] Saved best model at epoch 7 -> E:\HLC\data\outputs\cnn_lstm_fusion\BoT-IoT_multiclass\checks\best_ep7_fusion_seed23.pt
[EPOCH 8/20] train_loss=0.006644 val_loss=0.006419 train_acc=0.997147 val_acc=0.997415 lr=0.0010 time=379.00s best_val=0.005821 patience_left=0
[EPOCH 9/20] train_loss=0.006594 val_loss=0.009210 train_acc=0.997189 val_acc=0.995731 lr=0.0010 time=357.86s best_val=0.005821 patience_left=-1
[EPOCH 10/20] train_loss=0.006586 val_loss=0.006199 train_acc=0.997199 val_acc=0.997443 lr=0.0010 time=351.49s best_val=0.005821 patience_left=-2
[EPOCH 11/20] train_loss=0.006594 val_loss=0.006584 train_acc=0.997190 val_acc=0.996968 lr=0.0010 time=354.56s best_val=0.005821 patience_left=-3
[EPOCH 12/20] train_loss=0.006495 val_loss=0.006018 train_acc=0.997219 val_acc=0.997410 lr=0.0010 time=355.00s best_val=0.005821 patience_left=-4
[EPOCH 13/20] train_loss=0.006482 val_loss=0.006948 train_acc=0.997224 val_acc=0.997105 lr=0.0010 time=352.60s best_val=0.005821 patience_left=-5
[EPOCH 14/20] train_loss=0.006490 val_loss=0.006037 train_acc=0.997235 val_acc=0.997404 lr=0.0010 time=354.93s best_val=0.005821 patience_left=-6
[EPOCH 15/20] train_loss=0.006485 val_loss=0.006779 train_acc=0.997247 val_acc=0.997021 lr=0.0010 time=353.56s best_val=0.005821 patience_left=-7
[EPOCH 16/20] train_loss=0.006514 val_loss=0.006555 train_acc=0.997220 val_acc=0.997063 lr=0.0010 time=364.32s best_val=0.005821 patience_left=-8
[EPOCH 17/20] train_loss=0.006472 val_loss=0.006195 train_acc=0.997222 val_acc=0.997355 lr=0.0010 time=370.54s best_val=0.005821 patience_left=-9
[EPOCH 18/20] train_loss=0.006497 val_loss=0.006032 train_acc=0.997235 val_acc=0.997419 lr=0.0010 time=366.85s best_val=0.005821 patience_left=-10
[EPOCH 19/20] train_loss=0.006493 val_loss=0.006100 train_acc=0.997216 val_acc=0.997266 lr=0.0010 time=365.23s best_val=0.005821 patience_left=-11
[EPOCH 20/20] train_loss=0.006435 val_loss=0.006066 train_acc=0.997243 val_acc=0.997424 lr=0.0010 time=348.84s best_val=0.005821 patience_left=-12

==================== RUNNING SEED 33 ====================
[TRAIN] Dataset=BoT-IoT_multiclass | Classes=8 | InputDim=28 | Seed=33
[TRAIN] Model=Fusion (CNN+LSTM) | Params=173,320 | Device=cuda | Batch=128 | LR=0.001
[TRAIN] Epochs=20 | EarlyStop=0 | Optim=AdamW | Loss=CrossEntropy
[EPOCH 1/20] train_loss=0.013194 val_loss=0.008958 train_acc=0.994473 val_acc=0.995800 lr=0.0010 time=355.12s best_val=inf patience_left=0
[CHECKPOINT] Saved best model at epoch 1 -> E:\HLC\data\outputs\cnn_lstm_fusion\BoT-IoT_multiclass\checks\best_ep1_fusion_seed33.pt
[EPOCH 2/20] train_loss=0.007999 val_loss=0.007616 train_acc=0.996376 val_acc=0.996684 lr=0.0010 time=365.26s best_val=0.008958 patience_left=0
[CHECKPOINT] Saved best model at epoch 2 -> E:\HLC\data\outputs\cnn_lstm_fusion\BoT-IoT_multiclass\checks\best_ep2_fusion_seed33.pt
[EPOCH 3/20] train_loss=0.007591 val_loss=0.006986 train_acc=0.996570 val_acc=0.996869 lr=0.0010 time=345.79s best_val=0.007616 patience_left=0
[CHECKPOINT] Saved best model at epoch 3 -> E:\HLC\data\outputs\cnn_lstm_fusion\BoT-IoT_multiclass\checks\best_ep3_fusion_seed33.pt
[EPOCH 4/20] train_loss=0.007245 val_loss=0.006840 train_acc=0.996744 val_acc=0.996737 lr=0.0010 time=347.52s best_val=0.006986 patience_left=0
[CHECKPOINT] Saved best model at epoch 4 -> E:\HLC\data\outputs\cnn_lstm_fusion\BoT-IoT_multiclass\checks\best_ep4_fusion_seed33.pt
[EPOCH 5/20] train_loss=0.007086 val_loss=0.007355 train_acc=0.996794 val_acc=0.996506 lr=0.0010 time=347.44s best_val=0.006840 patience_left=0
[EPOCH 6/20] train_loss=0.007036 val_loss=0.006271 train_acc=0.996898 val_acc=0.997251 lr=0.0010 time=348.74s best_val=0.006840 patience_left=0
[CHECKPOINT] Saved best model at epoch 6 -> E:\HLC\data\outputs\cnn_lstm_fusion\BoT-IoT_multiclass\checks\best_ep6_fusion_seed33.pt
[EPOCH 7/20] train_loss=0.006829 val_loss=0.006439 train_acc=0.997008 val_acc=0.997313 lr=0.0010 time=351.62s best_val=0.006271 patience_left=0
[EPOCH 8/20] train_loss=0.006714 val_loss=0.006271 train_acc=0.997087 val_acc=0.997463 lr=0.0010 time=358.11s best_val=0.006271 patience_left=-1
[EPOCH 9/20] train_loss=0.006673 val_loss=0.005986 train_acc=0.997123 val_acc=0.997368 lr=0.0010 time=356.33s best_val=0.006271 patience_left=0
[CHECKPOINT] Saved best model at epoch 9 -> E:\HLC\data\outputs\cnn_lstm_fusion\BoT-IoT_multiclass\checks\best_ep9_fusion_seed33.pt
[EPOCH 10/20] train_loss=0.006622 val_loss=0.007061 train_acc=0.997159 val_acc=0.996823 lr=0.0010 time=347.06s best_val=0.005986 patience_left=0
[EPOCH 11/20] train_loss=0.006565 val_loss=0.006275 train_acc=0.997181 val_acc=0.997307 lr=0.0010 time=347.31s best_val=0.005986 patience_left=-1
[EPOCH 12/20] train_loss=0.006532 val_loss=0.005956 train_acc=0.997201 val_acc=0.997447 lr=0.0010 time=350.26s best_val=0.005986 patience_left=0
[CHECKPOINT] Saved best model at epoch 12 -> E:\HLC\data\outputs\cnn_lstm_fusion\BoT-IoT_multiclass\checks\best_ep12_fusion_seed33.pt
[EPOCH 13/20] train_loss=0.006506 val_loss=0.010862 train_acc=0.997192 val_acc=0.996725 lr=0.0010 time=348.66s best_val=0.005956 patience_left=0
[EPOCH 14/20] train_loss=0.006473 val_loss=0.005824 train_acc=0.997214 val_acc=0.997389 lr=0.0010 time=348.41s best_val=0.005956 patience_left=0
[CHECKPOINT] Saved best model at epoch 14 -> E:\HLC\data\outputs\cnn_lstm_fusion\BoT-IoT_multiclass\checks\best_ep14_fusion_seed33.pt
[EPOCH 15/20] train_loss=0.006476 val_loss=0.005812 train_acc=0.997222 val_acc=0.997459 lr=0.0010 time=358.48s best_val=0.005824 patience_left=0
[CHECKPOINT] Saved best model at epoch 15 -> E:\HLC\data\outputs\cnn_lstm_fusion\BoT-IoT_multiclass\checks\best_ep15_fusion_seed33.pt
[EPOCH 16/20] train_loss=0.006405 val_loss=0.005635 train_acc=0.997242 val_acc=0.997624 lr=0.0010 time=370.11s best_val=0.005812 patience_left=0
[CHECKPOINT] Saved best model at epoch 16 -> E:\HLC\data\outputs\cnn_lstm_fusion\BoT-IoT_multiclass\checks\best_ep16_fusion_seed33.pt
[EPOCH 17/20] train_loss=0.006447 val_loss=0.005960 train_acc=0.997232 val_acc=0.997463 lr=0.0010 time=348.45s best_val=0.005635 patience_left=0
[EPOCH 18/20] train_loss=0.006415 val_loss=0.005904 train_acc=0.997243 val_acc=0.997487 lr=0.0010 time=348.77s best_val=0.005635 patience_left=-1
[EPOCH 19/20] train_loss=0.006426 val_loss=0.006458 train_acc=0.997232 val_acc=0.997058 lr=0.0010 time=349.21s best_val=0.005635 patience_left=-2
[EPOCH 20/20] train_loss=0.006357 val_loss=0.006080 train_acc=0.997276 val_acc=0.997319 lr=0.0010 time=356.87s best_val=0.005635 patience_left=-3

==================== RUNNING SEED 43 ====================
[TRAIN] Dataset=BoT-IoT_multiclass | Classes=8 | InputDim=28 | Seed=43
[TRAIN] Model=Fusion (CNN+LSTM) | Params=173,320 | Device=cuda | Batch=128 | LR=0.001
[TRAIN] Epochs=20 | EarlyStop=0 | Optim=AdamW | Loss=CrossEntropy
[EPOCH 1/20] train_loss=0.013120 val_loss=0.007373 train_acc=0.994272 val_acc=0.996458 lr=0.0010 time=360.26s best_val=inf patience_left=0
[CHECKPOINT] Saved best model at epoch 1 -> E:\HLC\data\outputs\cnn_lstm_fusion\BoT-IoT_multiclass\checks\best_ep1_fusion_seed43.pt
[EPOCH 2/20] train_loss=0.007755 val_loss=0.007115 train_acc=0.996509 val_acc=0.996825 lr=0.0010 time=346.71s best_val=0.007373 patience_left=0
[CHECKPOINT] Saved best model at epoch 2 -> E:\HLC\data\outputs\cnn_lstm_fusion\BoT-IoT_multiclass\checks\best_ep2_fusion_seed43.pt
[EPOCH 3/20] train_loss=0.007293 val_loss=0.006747 train_acc=0.996776 val_acc=0.997073 lr=0.0010 time=349.36s best_val=0.007115 patience_left=0
[CHECKPOINT] Saved best model at epoch 3 -> E:\HLC\data\outputs\cnn_lstm_fusion\BoT-IoT_multiclass\checks\best_ep3_fusion_seed43.pt
[EPOCH 4/20] train_loss=0.006992 val_loss=0.006886 train_acc=0.996976 val_acc=0.997239 lr=0.0010 time=349.26s best_val=0.006747 patience_left=0
[EPOCH 5/20] train_loss=0.006791 val_loss=0.006475 train_acc=0.997062 val_acc=0.997029 lr=0.0010 time=347.42s best_val=0.006747 patience_left=0
[CHECKPOINT] Saved best model at epoch 5 -> E:\HLC\data\outputs\cnn_lstm_fusion\BoT-IoT_multiclass\checks\best_ep5_fusion_seed43.pt
[EPOCH 6/20] train_loss=0.006702 val_loss=0.006525 train_acc=0.997136 val_acc=0.997128 lr=0.0010 time=347.04s best_val=0.006475 patience_left=0
[EPOCH 7/20] train_loss=0.006655 val_loss=0.005966 train_acc=0.997132 val_acc=0.997532 lr=0.0010 time=347.72s best_val=0.006475 patience_left=0
[CHECKPOINT] Saved best model at epoch 7 -> E:\HLC\data\outputs\cnn_lstm_fusion\BoT-IoT_multiclass\checks\best_ep7_fusion_seed43.pt
[EPOCH 8/20] train_loss=0.006639 val_loss=0.005932 train_acc=0.997176 val_acc=0.997389 lr=0.0010 time=347.77s best_val=0.005966 patience_left=0
[CHECKPOINT] Saved best model at epoch 8 -> E:\HLC\data\outputs\cnn_lstm_fusion\BoT-IoT_multiclass\checks\best_ep8_fusion_seed43.pt
[EPOCH 9/20] train_loss=0.006592 val_loss=0.006022 train_acc=0.997181 val_acc=0.997350 lr=0.0010 time=359.65s best_val=0.005932 patience_left=0
[EPOCH 10/20] train_loss=0.006608 val_loss=0.006485 train_acc=0.997188 val_acc=0.997067 lr=0.0010 time=368.50s best_val=0.005932 patience_left=-1
[EPOCH 11/20] train_loss=0.006540 val_loss=0.006947 train_acc=0.997207 val_acc=0.997049 lr=0.0010 time=349.78s best_val=0.005932 patience_left=-2
[EPOCH 12/20] train_loss=0.006536 val_loss=0.006324 train_acc=0.997234 val_acc=0.997353 lr=0.0010 time=350.76s best_val=0.005932 patience_left=-3
[EPOCH 13/20] train_loss=0.006553 val_loss=0.006057 train_acc=0.997215 val_acc=0.997525 lr=0.0010 time=360.08s best_val=0.005932 patience_left=-4
[EPOCH 14/20] train_loss=0.006486 val_loss=0.005764 train_acc=0.997233 val_acc=0.997609 lr=0.0010 time=354.36s best_val=0.005932 patience_left=0
[CHECKPOINT] Saved best model at epoch 14 -> E:\HLC\data\outputs\cnn_lstm_fusion\BoT-IoT_multiclass\checks\best_ep14_fusion_seed43.pt
[EPOCH 15/20] train_loss=0.006464 val_loss=0.006070 train_acc=0.997240 val_acc=0.997328 lr=0.0010 time=344.70s best_val=0.005764 patience_left=0
[EPOCH 16/20] train_loss=0.006434 val_loss=0.005966 train_acc=0.997257 val_acc=0.997377 lr=0.0010 time=346.21s best_val=0.005764 patience_left=-1
[EPOCH 17/20] train_loss=0.006427 val_loss=0.005614 train_acc=0.997230 val_acc=0.997516 lr=0.0010 time=346.49s best_val=0.005764 patience_left=0
[CHECKPOINT] Saved best model at epoch 17 -> E:\HLC\data\outputs\cnn_lstm_fusion\BoT-IoT_multiclass\checks\best_ep17_fusion_seed43.pt
[EPOCH 18/20] train_loss=0.006418 val_loss=0.005955 train_acc=0.997259 val_acc=0.997537 lr=0.0010 time=346.56s best_val=0.005614 patience_left=0
[EPOCH 19/20] train_loss=0.006416 val_loss=0.006334 train_acc=0.997259 val_acc=0.997174 lr=0.0010 time=346.16s best_val=0.005614 patience_left=-1
[EPOCH 20/20] train_loss=0.006451 val_loss=0.005907 train_acc=0.997225 val_acc=0.997429 lr=0.0010 time=346.72s best_val=0.005614 patience_left=-2

==================== RUNNING SEED 53 ====================
[TRAIN] Dataset=BoT-IoT_multiclass | Classes=8 | InputDim=28 | Seed=53
[TRAIN] Model=Fusion (CNN+LSTM) | Params=173,320 | Device=cuda | Batch=128 | LR=0.001
[TRAIN] Epochs=20 | EarlyStop=0 | Optim=AdamW | Loss=CrossEntropy
[EPOCH 1/20] train_loss=0.012826 val_loss=0.007712 train_acc=0.994477 val_acc=0.996554 lr=0.0010 time=347.70s best_val=inf patience_left=0
[CHECKPOINT] Saved best model at epoch 1 -> E:\HLC\data\outputs\cnn_lstm_fusion\BoT-IoT_multiclass\checks\best_ep1_fusion_seed53.pt
[EPOCH 2/20] train_loss=0.007663 val_loss=0.007546 train_acc=0.996641 val_acc=0.996738 lr=0.0010 time=346.72s best_val=0.007712 patience_left=0
[CHECKPOINT] Saved best model at epoch 2 -> E:\HLC\data\outputs\cnn_lstm_fusion\BoT-IoT_multiclass\checks\best_ep2_fusion_seed53.pt
[EPOCH 3/20] train_loss=0.007120 val_loss=0.006571 train_acc=0.996894 val_acc=0.997171 lr=0.0010 time=351.13s best_val=0.007546 patience_left=0
[CHECKPOINT] Saved best model at epoch 3 -> E:\HLC\data\outputs\cnn_lstm_fusion\BoT-IoT_multiclass\checks\best_ep3_fusion_seed53.pt
[EPOCH 4/20] train_loss=0.006886 val_loss=0.007182 train_acc=0.997032 val_acc=0.997238 lr=0.0010 time=359.49s best_val=0.006571 patience_left=0
[EPOCH 5/20] train_loss=0.006730 val_loss=0.006870 train_acc=0.997105 val_acc=0.997387 lr=0.0010 time=354.13s best_val=0.006571 patience_left=-1
[EPOCH 6/20] train_loss=0.006661 val_loss=0.006561 train_acc=0.997150 val_acc=0.997485 lr=0.0010 time=356.24s best_val=0.006571 patience_left=0
[CHECKPOINT] Saved best model at epoch 6 -> E:\HLC\data\outputs\cnn_lstm_fusion\BoT-IoT_multiclass\checks\best_ep6_fusion_seed53.pt
[EPOCH 7/20] train_loss=0.006574 val_loss=0.007765 train_acc=0.997194 val_acc=0.997106 lr=0.0010 time=347.93s best_val=0.006561 patience_left=0
[EPOCH 8/20] train_loss=0.006516 val_loss=0.006343 train_acc=0.997208 val_acc=0.997411 lr=0.0010 time=347.29s best_val=0.006561 patience_left=0
[CHECKPOINT] Saved best model at epoch 8 -> E:\HLC\data\outputs\cnn_lstm_fusion\BoT-IoT_multiclass\checks\best_ep8_fusion_seed53.pt
[EPOCH 9/20] train_loss=0.006458 val_loss=0.006906 train_acc=0.997226 val_acc=0.997337 lr=0.0010 time=345.93s best_val=0.006343 patience_left=0
[EPOCH 10/20] train_loss=0.006417 val_loss=0.006202 train_acc=0.997255 val_acc=0.997334 lr=0.0010 time=346.38s best_val=0.006343 patience_left=0
[CHECKPOINT] Saved best model at epoch 10 -> E:\HLC\data\outputs\cnn_lstm_fusion\BoT-IoT_multiclass\checks\best_ep10_fusion_seed53.pt
[EPOCH 11/20] train_loss=0.006397 val_loss=0.007097 train_acc=0.997262 val_acc=0.997050 lr=0.0010 time=347.66s best_val=0.006202 patience_left=0
[EPOCH 12/20] train_loss=0.006400 val_loss=0.006094 train_acc=0.997243 val_acc=0.997409 lr=0.0010 time=347.52s best_val=0.006202 patience_left=0
[CHECKPOINT] Saved best model at epoch 12 -> E:\HLC\data\outputs\cnn_lstm_fusion\BoT-IoT_multiclass\checks\best_ep12_fusion_seed53.pt
[EPOCH 13/20] train_loss=0.006378 val_loss=0.005890 train_acc=0.997260 val_acc=0.997431 lr=0.0010 time=349.11s best_val=0.006094 patience_left=0
[CHECKPOINT] Saved best model at epoch 13 -> E:\HLC\data\outputs\cnn_lstm_fusion\BoT-IoT_multiclass\checks\best_ep13_fusion_seed53.pt
[EPOCH 14/20] train_loss=0.006377 val_loss=0.006068 train_acc=0.997253 val_acc=0.997366 lr=0.0010 time=346.31s best_val=0.005890 patience_left=0
[EPOCH 15/20] train_loss=0.006321 val_loss=0.006132 train_acc=0.997257 val_acc=0.997353 lr=0.0010 time=348.45s best_val=0.005890 patience_left=-1
[EPOCH 16/20] train_loss=0.006356 val_loss=0.005927 train_acc=0.997276 val_acc=0.997411 lr=0.0010 time=348.49s best_val=0.005890 patience_left=-2
[EPOCH 17/20] train_loss=0.006327 val_loss=0.006294 train_acc=0.997289 val_acc=0.997225 lr=0.0010 time=355.59s best_val=0.005890 patience_left=-3
[EPOCH 18/20] train_loss=0.006334 val_loss=0.006024 train_acc=0.997288 val_acc=0.997372 lr=0.0010 time=371.53s best_val=0.005890 patience_left=-4
[EPOCH 19/20] train_loss=0.006358 val_loss=0.006036 train_acc=0.997255 val_acc=0.997545 lr=0.0010 time=347.99s best_val=0.005890 patience_left=-5
[EPOCH 20/20] train_loss=0.006314 val_loss=0.006362 train_acc=0.997286 val_acc=0.997261 lr=0.0010 time=348.17s best_val=0.005890 patience_left=-6

[STATS] Seed statistics saved to E:\HLC\data\outputs\cnn_lstm_fusion\BoT-IoT_multiclass\eval\seed_stats_fusion.json
[BEST SEED MODEL] Copying best checkpoint E:\HLC\data\outputs\cnn_lstm_fusion\BoT-IoT_multiclass\checks\best_ep13_fusion_seed53.pt -> E:\HLC\data\outputs\cnn_lstm_fusion\BoT-IoT_multiclass\checks\best_fusion.pt

[DONE] Best Checkpoint: E:\HLC\data\outputs\cnn_lstm_fusion\BoT-IoT_multiclass\checks\best_fusion.pt
       Best History CSV: E:\HLC\data\outputs\cnn_lstm_fusion\BoT-IoT_multiclass\history_fusion_seed53.csv
       Best Model Complexity: {'params': 173320, 'est_macs_per_sample': 196032, 'measured_infer_total_sec': 18.91881179995835, 'measured_ms_per_batch': 1.614370833685327, 'measured_ms_per_sample': 0.012612541199972233, 'measured_samples_per_sec': 79286.1632041449, 'measured_energy_j_proxy': 2270.257415995002, 'measured_batches': 11719, 'measured_samples': 1500000, 'val_detect_total_sec': 18.91881179995835, 'val_detect_ms_per_sample': 0.012612541199972233}

==================== IDS EXPERIMENT CLI ====================
(1) Load & split dataset (persist)
(2) Load existing split (validate)
(3) Visualize features (EPS)
(4) Train model (save ckpt + curves + history CSV)
(5) Evaluate & plot performance (EPS + CSV/JSON)
(6) XAI (SHAP/LIME/ANOVA)
(7) Ablation (user-selected feature subset)
(8) Evaluate (explicit)
(9) Inference (load_model → predict live CSV)
(q) Quit
============================================================

Select option: 5

[5] Evaluate & plot performance
Available splits: ['Apose-IoT-23_binary', 'Apose-IoT-23_multiclass', 'BoT-IoT_binary', 'BoT-IoT_multiclass', 'CIC-IoMT-2024_binary', 'CIC-IoMT-2024_multiclass', 'CIC-IoT-2025_binary', 'CIC-IoT-2025_multiclass']
Split key: Apose-IoT-23_binary
Model (fusion/dnn)? [default: fusion] choices=['fusion', 'dnn'] fusion

[DONE] Metrics written to E:\HLC\data\outputs\cnn_lstm_fusion\Apose-IoT-23_binary\eval
{
  "metrics_json": "E:\\HLC\\data\\outputs\\cnn_lstm_fusion\\Apose-IoT-23_binary\\eval\\metrics_fusion.json",
  "complexity_eval_json": "E:\\HLC\\data\\outputs\\cnn_lstm_fusion\\Apose-IoT-23_binary\\eval\\complexity_eval_fusion.json",
  "predictions_csv": "E:\\HLC\\data\\outputs\\cnn_lstm_fusion\\Apose-IoT-23_binary\\eval\\predictions_fusion.csv",
  "report_csv": "E:\\HLC\\data\\outputs\\cnn_lstm_fusion\\Apose-IoT-23_binary\\eval\\classification_report_fusion.csv",
  "confusion_matrix": [
    [
      1143,
      12
    ],
    [
      9,
      3152
    ]
  ]
}

==================== IDS EXPERIMENT CLI ====================
(1) Load & split dataset (persist)
(2) Load existing split (validate)
(3) Visualize features (EPS)
(4) Train model (save ckpt + curves + history CSV)
(5) Evaluate & plot performance (EPS + CSV/JSON)
(6) XAI (SHAP/LIME/ANOVA)
(7) Ablation (user-selected feature subset)
(8) Evaluate (explicit)
(9) Inference (load_model → predict live CSV)
(q) Quit
============================================================

Select option: 5

[5] Evaluate & plot performance
Available splits: ['Apose-IoT-23_binary', 'Apose-IoT-23_multiclass', 'BoT-IoT_binary', 'BoT-IoT_multiclass', 'CIC-IoMT-2024_binary', 'CIC-IoMT-2024_multiclass', 'CIC-IoT-2025_binary', 'CIC-IoT-2025_multiclass']
Split key: Apose-IoT-23_multiclass
Model (fusion/dnn)? [default: fusion] choices=['fusion', 'dnn'] fusion



[DONE] Metrics written to E:\HLC\data\outputs\cnn_lstm_fusion\Apose-IoT-23_multiclass\eval
{
  "metrics_json": "E:\\HLC\\data\\outputs\\cnn_lstm_fusion\\Apose-IoT-23_multiclass\\eval\\metrics_fusion.json",
  "complexity_eval_json": "E:\\HLC\\data\\outputs\\cnn_lstm_fusion\\Apose-IoT-23_multiclass\\eval\\complexity_eval_fusion.json",
  "predictions_csv": "E:\\HLC\\data\\outputs\\cnn_lstm_fusion\\Apose-IoT-23_multiclass\\eval\\predictions_fusion.csv",
  "report_csv": "E:\\HLC\\data\\outputs\\cnn_lstm_fusion\\Apose-IoT-23_multiclass\\eval\\classification_report_fusion.csv",
  "confusion_matrix": [
    [
      3155,
      1,
      4,
      0,
      1
    ],
    [
      5,
      1023,
      0,
      0,
      0
    ],
    [
      10,
      0,
      42,
      0,
      0
    ],
    [
      0,
      0,
      1,
      21,
      0
    ],
    [
      2,
      2,
      7,
      0,
      42
    ]
  ]
}

==================== IDS EXPERIMENT CLI ====================
(1) Load & split dataset (persist)
(2) Load existing split (validate)
(3) Visualize features (EPS)
(4) Train model (save ckpt + curves + history CSV)
(5) Evaluate & plot performance (EPS + CSV/JSON)
(6) XAI (SHAP/LIME/ANOVA)
(7) Ablation (user-selected feature subset)
(8) Evaluate (explicit)
(9) Inference (load_model → predict live CSV)
(q) Quit
============================================================

Select option: 5

[5] Evaluate & plot performance
Available splits: ['Apose-IoT-23_binary', 'Apose-IoT-23_multiclass', 'BoT-IoT_binary', 'BoT-IoT_multiclass', 'CIC-IoMT-2024_binary', 'CIC-IoMT-2024_multiclass', 'CIC-IoT-2025_binary', 'CIC-IoT-2025_multiclass']
Split key: CIC-IoT-2025_binary
Model (fusion/dnn)? [default: fusion] choices=['fusion', 'dnn'] fusion



[DONE] Metrics written to E:\HLC\data\outputs\cnn_lstm_fusion\CIC-IoT-2025_binary\eval
{
  "metrics_json": "E:\\HLC\\data\\outputs\\cnn_lstm_fusion\\CIC-IoT-2025_binary\\eval\\metrics_fusion.json",
  "complexity_eval_json": "E:\\HLC\\data\\outputs\\cnn_lstm_fusion\\CIC-IoT-2025_binary\\eval\\complexity_eval_fusion.json",
  "predictions_csv": "E:\\HLC\\data\\outputs\\cnn_lstm_fusion\\CIC-IoT-2025_binary\\eval\\predictions_fusion.csv",
  "report_csv": "E:\\HLC\\data\\outputs\\cnn_lstm_fusion\\CIC-IoT-2025_binary\\eval\\classification_report_fusion.csv",
  "confusion_matrix": [
    [
      37141,
      710
    ],
    [
      106,
      26828
    ]
  ]
}

==================== IDS EXPERIMENT CLI ====================
(1) Load & split dataset (persist)
(2) Load existing split (validate)
(3) Visualize features (EPS)
(4) Train model (save ckpt + curves + history CSV)
(5) Evaluate & plot performance (EPS + CSV/JSON)
(6) XAI (SHAP/LIME/ANOVA)
(7) Ablation (user-selected feature subset)
(8) Evaluate (explicit)
(9) Inference (load_model → predict live CSV)
(q) Quit
============================================================

Select option: 5

[5] Evaluate & plot performance
Available splits: ['Apose-IoT-23_binary', 'Apose-IoT-23_multiclass', 'BoT-IoT_binary', 'BoT-IoT_multiclass', 'CIC-IoMT-2024_binary', 'CIC-IoMT-2024_multiclass', 'CIC-IoT-2025_binary', 'CIC-IoT-2025_multiclass']
Split key: CIC-IoT-2025_multiclass
Model (fusion/dnn)? [default: fusion] choices=['fusion', 'dnn'] fusion



[DONE] Metrics written to E:\HLC\data\outputs\cnn_lstm_fusion\CIC-IoT-2025_multiclass\eval
{
  "metrics_json": "E:\\HLC\\data\\outputs\\cnn_lstm_fusion\\CIC-IoT-2025_multiclass\\eval\\metrics_fusion.json",
  "complexity_eval_json": "E:\\HLC\\data\\outputs\\cnn_lstm_fusion\\CIC-IoT-2025_multiclass\\eval\\complexity_eval_fusion.json",
  "predictions_csv": "E:\\HLC\\data\\outputs\\cnn_lstm_fusion\\CIC-IoT-2025_multiclass\\eval\\predictions_fusion.csv",
  "report_csv": "E:\\HLC\\data\\outputs\\cnn_lstm_fusion\\CIC-IoT-2025_multiclass\\eval\\classification_report_fusion.csv",
  "confusion_matrix": [
    [
      26664,
      0,
      2,
      2,
      8,
      34,
      224,
      0
    ],
    [
      16,
      620,
      0,
      0,
      36,
      13,
      8,
      1
    ],
    [
      116,
      16,
      7497,
      44,
      14,
      65,
      25,
      0
    ],
    [
      68,
      3,
      48,
      8118,
      7,
      27,
      50,
      0
    ],
    [
      59,
      32,
      5,
      0,
      3294,
      10,
      46,
      0
    ],
    [
      66,
      27,
      11,
      6,
      8,
      3375,
      41,
      0
    ],
    [
      377,
      1,
      18,
      7,
      4,
      16,
      12506,
      0
    ],
    [
      7,
      0,
      0,
      0,
      1,
      0,
      3,
      1139
    ]
  ]
}

==================== IDS EXPERIMENT CLI ====================
(1) Load & split dataset (persist)
(2) Load existing split (validate)
(3) Visualize features (EPS)
(4) Train model (save ckpt + curves + history CSV)
(5) Evaluate & plot performance (EPS + CSV/JSON)
(6) XAI (SHAP/LIME/ANOVA)
(7) Ablation (user-selected feature subset)
(8) Evaluate (explicit)
(9) Inference (load_model → predict live CSV)
(q) Quit
============================================================

Select option: 5

[5] Evaluate & plot performance
Available splits: ['Apose-IoT-23_binary', 'Apose-IoT-23_multiclass', 'BoT-IoT_binary', 'BoT-IoT_multiclass', 'CIC-IoMT-2024_binary', 'CIC-IoMT-2024_multiclass', 'CIC-IoT-2025_binary', 'CIC-IoT-2025_multiclass']
Split key: CIC-IoMT-2024_binary
Model (fusion/dnn)? [default: fusion] choices=['fusion', 'dnn'] fusion



[DONE] Metrics written to E:\HLC\data\outputs\cnn_lstm_fusion\CIC-IoMT-2024_binary\eval
{
  "metrics_json": "E:\\HLC\\data\\outputs\\cnn_lstm_fusion\\CIC-IoMT-2024_binary\\eval\\metrics_fusion.json",
  "complexity_eval_json": "E:\\HLC\\data\\outputs\\cnn_lstm_fusion\\CIC-IoMT-2024_binary\\eval\\complexity_eval_fusion.json",
  "predictions_csv": "E:\\HLC\\data\\outputs\\cnn_lstm_fusion\\CIC-IoMT-2024_binary\\eval\\predictions_fusion.csv",
  "report_csv": "E:\\HLC\\data\\outputs\\cnn_lstm_fusion\\CIC-IoMT-2024_binary\\eval\\classification_report_fusion.csv",
  "confusion_matrix": [
    [
      1267109,
      1382
    ],
    [
      770,
      25928
    ]
  ]
}

==================== IDS EXPERIMENT CLI ====================
(1) Load & split dataset (persist)
(2) Load existing split (validate)
(3) Visualize features (EPS)
(4) Train model (save ckpt + curves + history CSV)
(5) Evaluate & plot performance (EPS + CSV/JSON)
(6) XAI (SHAP/LIME/ANOVA)
(7) Ablation (user-selected feature subset)
(8) Evaluate (explicit)
(9) Inference (load_model → predict live CSV)
(q) Quit
============================================================

Select option: 5

[5] Evaluate & plot performance
Available splits: ['Apose-IoT-23_binary', 'Apose-IoT-23_multiclass', 'BoT-IoT_binary', 'BoT-IoT_multiclass', 'CIC-IoMT-2024_binary', 'CIC-IoMT-2024_multiclass', 'CIC-IoT-2025_binary', 'CIC-IoT-2025_multiclass']
Split key: CIC-IoMT-2024_multiclass
Model (fusion/dnn)? [default: fusion] choices=['fusion', 'dnn'] fusion



[DONE] Metrics written to E:\HLC\data\outputs\cnn_lstm_fusion\CIC-IoMT-2024_multiclass\eval
{
  "metrics_json": "E:\\HLC\\data\\outputs\\cnn_lstm_fusion\\CIC-IoMT-2024_multiclass\\eval\\metrics_fusion.json",
  "complexity_eval_json": "E:\\HLC\\data\\outputs\\cnn_lstm_fusion\\CIC-IoMT-2024_multiclass\\eval\\complexity_eval_fusion.json",
  "predictions_csv": "E:\\HLC\\data\\outputs\\cnn_lstm_fusion\\CIC-IoMT-2024_multiclass\\eval\\predictions_fusion.csv",
  "report_csv": "E:\\HLC\\data\\outputs\\cnn_lstm_fusion\\CIC-IoMT-2024_multiclass\\eval\\classification_report_fusion.csv",
  "confusion_matrix": [
    [
      1553,
      922,
      0,
      0,
      0,
      0,
      148,
      1,
      34,
      8,
      2,
      0,
      0,
      0,
      1,
      0,
      0,
      0,
      0
    ],
    [
      379,
      26139,
      0,
      0,
      0,
      0,
      140,
      8,
      25,
      3,
      1,
      0,
      0,
      1,
      1,
      0,
      1,
      0,
      0
    ],
    [
      0,
      0,
      32193,
      3,
      40,
      0,
      2,
      0,
      0,
      0,
      0,
      1,
      0,
      0,
      0,
      0,
      4,
      0,
      0
    ],
    [
      0,
      0,
      4,
      4375,
      1,
      1017,
      1,
      2,
      0,
      0,
      0,
      2,
      0,
      0,
      1,
      1,
      2,
      0,
      0
    ],
    [
      0,
      0,
      128,
      0,
      2257,
      0,
      0,
      0,
      0,
      0,
      0,
      1,
      0,
      0,
      0,
      0,
      0,
      0,
      0
    ],
    [
      0,
      1,
      0,
      3,
      0,
      4776,
      1,
      0,
      0,
      0,
      0,
      0,
      0,
      0,
      0,
      2,
      0,
      1,
      1
    ],
    [
      209,
      313,
      0,
      0,
      0,
      0,
      506,
      2,
      2,
      0,
      0,
      0,
      0,
      0,
      0,
      0,
      0,
      0,
      0
    ],
    [
      0,
      361,
      1,
      0,
      0,
      0,
      18,
      412,
      0,
      2118,
      37,
      0,
      0,
      0,
      0,
      0,
      2,
      0,
      0
    ],
    [
      0,
      71,
      0,
      0,
      0,
      0,
      0,
      0,
      68,
      0,
      0,
      0,
      0,
      0,
      0,
      0,
      0,
      0,
      0
    ],
    [
      92,
      66,
      0,
      0,
      0,
      0,
      1,
      48,
      0,
      5980,
      1,
      0,
      0,
      0,
      0,
      0,
      0,
      0,
      0
    ],
    [
      66,
      96,
      0,
      0,
      0,
      0,
      9,
      74,
      0,
      163,
      63,
      0,
      0,
      0,
      0,
      0,
      0,
      0,
      0
    ],
    [
      0,
      2,
      0,
      0,
      0,
      0,
      2,
      0,
      0,
      0,
      0,
      282782,
      0,
      11,
      25,
      105,
      7,
      10,
      34
    ],
    [
      0,
      0,
      0,
      0,
      0,
      0,
      0,
      0,
      0,
      1,
      0,
      3,
      145657,
      3,
      71,
      34,
      330,
      34,
      18
    ],
    [
      0,
      0,
      0,
      0,
      0,
      0,
      0,
      0,
      0,
      0,
      0,
      2,
      5,
      147770,
      73,
      32,
      18,
      134,
      25
    ],
    [
      0,
      1,
      0,
      0,
      0,
      0,
      1,
      7,
      0,
      0,
      0,
      2,
      0,
      2,
      299211,
      15,
      2,
      2,
      461
    ],
    [
      0,
      1,
      0,
      0,
      0,
      0,
      0,
      0,
      0,
      0,
      0,
      584,
      0,
      5,
      13,
      76545,
      9,
      2,
      50
    ],
    [
      0,
      1,
      0,
      0,
      0,
      0,
      0,
      0,
      0,
      0,
      0,
      1,
      272,
      6,
      7,
      41,
      80703,
      3,
      41
    ],
    [
      0,
      0,
      0,
      0,
      1,
      1,
      0,
      0,
      0,
      0,
      0,
      2,
      0,
      405,
      12,
      31,
      11,
      68903,
      6
    ],
    [
      0,
      2,
      1,
      0,
      0,
      0,
      0,
      0,
      4,
      0,
      0,
      4,
      1,
      5,
      290,
      70,
      11,
      6,
      105281
    ]
  ]
}

==================== IDS EXPERIMENT CLI ====================
(1) Load & split dataset (persist)
(2) Load existing split (validate)
(3) Visualize features (EPS)
(4) Train model (save ckpt + curves + history CSV)
(5) Evaluate & plot performance (EPS + CSV/JSON)
(6) XAI (SHAP/LIME/ANOVA)
(7) Ablation (user-selected feature subset)
(8) Evaluate (explicit)
(9) Inference (load_model → predict live CSV)
(q) Quit
============================================================

Select option: 5

[5] Evaluate & plot performance
Available splits: ['Apose-IoT-23_binary', 'Apose-IoT-23_multiclass', 'BoT-IoT_binary', 'BoT-IoT_multiclass', 'CIC-IoMT-2024_binary', 'CIC-IoMT-2024_multiclass', 'CIC-IoT-2025_binary', 'CIC-IoT-2025_multiclass']
Split key: BoT-IoT_binary
Model (fusion/dnn)? [default: fusion] choices=['fusion', 'dnn'] fusion



[DONE] Metrics written to E:\HLC\data\outputs\cnn_lstm_fusion\BoT-IoT_binary\eval
{
  "metrics_json": "E:\\HLC\\data\\outputs\\cnn_lstm_fusion\\BoT-IoT_binary\\eval\\metrics_fusion.json",
  "complexity_eval_json": "E:\\HLC\\data\\outputs\\cnn_lstm_fusion\\BoT-IoT_binary\\eval\\complexity_eval_fusion.json",
  "predictions_csv": "E:\\HLC\\data\\outputs\\cnn_lstm_fusion\\BoT-IoT_binary\\eval\\predictions_fusion.csv",
  "report_csv": "E:\\HLC\\data\\outputs\\cnn_lstm_fusion\\BoT-IoT_binary\\eval\\classification_report_fusion.csv",
  "confusion_matrix": [
    [
      1499791,
      14
    ],
    [
      14,
      181
    ]
  ]
}

==================== IDS EXPERIMENT CLI ====================
(1) Load & split dataset (persist)
(2) Load existing split (validate)
(3) Visualize features (EPS)
(4) Train model (save ckpt + curves + history CSV)
(5) Evaluate & plot performance (EPS + CSV/JSON)
(6) XAI (SHAP/LIME/ANOVA)
(7) Ablation (user-selected feature subset)
(8) Evaluate (explicit)
(9) Inference (load_model → predict live CSV)
(q) Quit
============================================================

Select option: 5

[5] Evaluate & plot performance
Available splits: ['Apose-IoT-23_binary', 'Apose-IoT-23_multiclass', 'BoT-IoT_binary', 'BoT-IoT_multiclass', 'CIC-IoMT-2024_binary', 'CIC-IoMT-2024_multiclass', 'CIC-IoT-2025_binary', 'CIC-IoT-2025_multiclass']
Split key: BoT-IoT_multiclass
Model (fusion/dnn)? [default: fusion] choices=['fusion', 'dnn'] fusion



[DONE] Metrics written to E:\HLC\data\outputs\cnn_lstm_fusion\BoT-IoT_multiclass\eval
{
  "metrics_json": "E:\\HLC\\data\\outputs\\cnn_lstm_fusion\\BoT-IoT_multiclass\\eval\\metrics_fusion.json",
  "complexity_eval_json": "E:\\HLC\\data\\outputs\\cnn_lstm_fusion\\BoT-IoT_multiclass\\eval\\complexity_eval_fusion.json",
  "predictions_csv": "E:\\HLC\\data\\outputs\\cnn_lstm_fusion\\BoT-IoT_multiclass\\eval\\predictions_fusion.csv",
  "report_csv": "E:\\HLC\\data\\outputs\\cnn_lstm_fusion\\BoT-IoT_multiclass\\eval\\classification_report_fusion.csv",
  "confusion_matrix": [
    [
      0,
      1,
      1,
      0,
      0,
      0,
      0,
      0
    ],
    [
      0,
      978,
      0,
      0,
      20,
      0,
      14,
      0
    ],
    [
      0,
      0,
      2,
      0,
      6,
      22,
      0,
      0
    ],
    [
      0,
      0,
      0,
      171,
      8,
      12,
      4,
      0
    ],
    [
      0,
      1,
      0,
      0,
      5914,
      1383,
      27,
      0
    ],
    [
      0,
      0,
      0,
      18,
      2179,
      27550,
      168,
      2
    ],
    [
      0,
      11,
      0,
      0,
      3,
      1,
      651410,
      0
    ],
    [
      0,
      0,
      0,
      5,
      0,
      24,
      17,
      810048
    ]
  ]
}

==================== IDS EXPERIMENT CLI ====================
(1) Load & split dataset (persist)
(2) Load existing split (validate)
(3) Visualize features (EPS)
(4) Train model (save ckpt + curves + history CSV)
(5) Evaluate & plot performance (EPS + CSV/JSON)
(6) XAI (SHAP/LIME/ANOVA)
(7) Ablation (user-selected feature subset)
(8) Evaluate (explicit)
(9) Inference (load_model → predict live CSV)
(q) Quit
============================================================

Select option: 6

[6] XAI (SHAP / LIME / ANOVA)
Available splits: ['Apose-IoT-23_binary', 'Apose-IoT-23_multiclass', 'BoT-IoT_binary', 'BoT-IoT_multiclass', 'CIC-IoMT-2024_binary', 'CIC-IoMT-2024_multiclass', 'CIC-IoT-2025_binary', 'CIC-IoT-2025_multiclass']
Split key: Apose-IoT-23_binary
Model (fusion/dnn)? [default: fusion] choices=['fusion', 'dnn'] fusion
Which explainers? (comma sep: shap,lime,anova) [default: shap,lime,anova] lime
[XAI] Running LIME...
[XAI] Results saved under E:\HLC\data\outputs\cnn_lstm_fusion\Apose-IoT-23_binary\xai
[DONE] XAI artifacts saved to E:\HLC\data\outputs\cnn_lstm_fusion\Apose-IoT-23_binary\xai

==================== IDS EXPERIMENT CLI ====================
(1) Load & split dataset (persist)
(2) Load existing split (validate)
(3) Visualize features (EPS)
(4) Train model (save ckpt + curves + history CSV)
(5) Evaluate & plot performance (EPS + CSV/JSON)
(6) XAI (SHAP/LIME/ANOVA)
(7) Ablation (user-selected feature subset)
(8) Evaluate (explicit)
(9) Inference (load_model → predict live CSV)
(q) Quit
============================================================

Select option: 6

[6] XAI (SHAP / LIME / ANOVA)
Available splits: ['Apose-IoT-23_binary', 'Apose-IoT-23_multiclass', 'BoT-IoT_binary', 'BoT-IoT_multiclass', 'CIC-IoMT-2024_binary', 'CIC-IoMT-2024_multiclass', 'CIC-IoT-2025_binary', 'CIC-IoT-2025_multiclass']
Split key: Apose-IoT-23_multiclass
Model (fusion/dnn)? [default: fusion] choices=['fusion', 'dnn'] fusion
Which explainers? (comma sep: shap,lime,anova) [default: shap,lime,anova] lime
[XAI] Running LIME...
[XAI] Results saved under E:\HLC\data\outputs\cnn_lstm_fusion\Apose-IoT-23_multiclass\xai
[DONE] XAI artifacts saved to E:\HLC\data\outputs\cnn_lstm_fusion\Apose-IoT-23_multiclass\xai

==================== IDS EXPERIMENT CLI ====================
(1) Load & split dataset (persist)
(2) Load existing split (validate)
(3) Visualize features (EPS)
(4) Train model (save ckpt + curves + history CSV)
(5) Evaluate & plot performance (EPS + CSV/JSON)
(6) XAI (SHAP/LIME/ANOVA)
(7) Ablation (user-selected feature subset)
(8) Evaluate (explicit)
(9) Inference (load_model → predict live CSV)
(q) Quit
============================================================

Select option: 6

[6] XAI (SHAP / LIME / ANOVA)
Available splits: ['Apose-IoT-23_binary', 'Apose-IoT-23_multiclass', 'BoT-IoT_binary', 'BoT-IoT_multiclass', 'CIC-IoMT-2024_binary', 'CIC-IoMT-2024_multiclass', 'CIC-IoT-2025_binary', 'CIC-IoT-2025_multiclass']
Split key: BoT-IoT_binary
Model (fusion/dnn)? [default: fusion] choices=['fusion', 'dnn'] fusion
Which explainers? (comma sep: shap,lime,anova) [default: shap,lime,anova] lime
[XAI] Running LIME...
[XAI] Results saved under E:\HLC\data\outputs\cnn_lstm_fusion\BoT-IoT_binary\xai
[DONE] XAI artifacts saved to E:\HLC\data\outputs\cnn_lstm_fusion\BoT-IoT_binary\xai

==================== IDS EXPERIMENT CLI ====================
(1) Load & split dataset (persist)
(2) Load existing split (validate)
(3) Visualize features (EPS)
(4) Train model (save ckpt + curves + history CSV)
(5) Evaluate & plot performance (EPS + CSV/JSON)
(6) XAI (SHAP/LIME/ANOVA)
(7) Ablation (user-selected feature subset)
(8) Evaluate (explicit)
(9) Inference (load_model → predict live CSV)
(q) Quit
============================================================

Select option: 6

[6] XAI (SHAP / LIME / ANOVA)
Available splits: ['Apose-IoT-23_binary', 'Apose-IoT-23_multiclass', 'BoT-IoT_binary', 'BoT-IoT_multiclass', 'CIC-IoMT-2024_binary', 'CIC-IoMT-2024_multiclass', 'CIC-IoT-2025_binary', 'CIC-IoT-2025_multiclass']
Split key: BoT-IoT_multiclass
Model (fusion/dnn)? [default: fusion] choices=['fusion', 'dnn'] fusion
Which explainers? (comma sep: shap,lime,anova) [default: shap,lime,anova] lime
[XAI] Running LIME...
[XAI] Results saved under E:\HLC\data\outputs\cnn_lstm_fusion\BoT-IoT_multiclass\xai
[DONE] XAI artifacts saved to E:\HLC\data\outputs\cnn_lstm_fusion\BoT-IoT_multiclass\xai

==================== IDS EXPERIMENT CLI ====================
(1) Load & split dataset (persist)
(2) Load existing split (validate)
(3) Visualize features (EPS)
(4) Train model (save ckpt + curves + history CSV)
(5) Evaluate & plot performance (EPS + CSV/JSON)
(6) XAI (SHAP/LIME/ANOVA)
(7) Ablation (user-selected feature subset)
(8) Evaluate (explicit)
(9) Inference (load_model → predict live CSV)
(q) Quit
============================================================

Select option: 6

[6] XAI (SHAP / LIME / ANOVA)
Available splits: ['Apose-IoT-23_binary', 'Apose-IoT-23_multiclass', 'BoT-IoT_binary', 'BoT-IoT_multiclass', 'CIC-IoMT-2024_binary', 'CIC-IoMT-2024_multiclass', 'CIC-IoT-2025_binary', 'CIC-IoT-2025_multiclass']
Split key: CIC-IoMT-2024_binary
Model (fusion/dnn)? [default: fusion] choices=['fusion', 'dnn'] fusion
Which explainers? (comma sep: shap,lime,anova) [default: shap,lime,anova] lime
[XAI] Running LIME...
[XAI] Results saved under E:\HLC\data\outputs\cnn_lstm_fusion\CIC-IoMT-2024_binary\xai
[DONE] XAI artifacts saved to E:\HLC\data\outputs\cnn_lstm_fusion\CIC-IoMT-2024_binary\xai

==================== IDS EXPERIMENT CLI ====================
(1) Load & split dataset (persist)
(2) Load existing split (validate)
(3) Visualize features (EPS)
(4) Train model (save ckpt + curves + history CSV)
(5) Evaluate & plot performance (EPS + CSV/JSON)
(6) XAI (SHAP/LIME/ANOVA)
(7) Ablation (user-selected feature subset)
(8) Evaluate (explicit)
(9) Inference (load_model → predict live CSV)
(q) Quit
============================================================

Select option: 6

[6] XAI (SHAP / LIME / ANOVA)
Available splits: ['Apose-IoT-23_binary', 'Apose-IoT-23_multiclass', 'BoT-IoT_binary', 'BoT-IoT_multiclass', 'CIC-IoMT-2024_binary', 'CIC-IoMT-2024_multiclass', 'CIC-IoT-2025_binary', 'CIC-IoT-2025_multiclass']
Split key: CIC-IoMT-2024_multiclass
Model (fusion/dnn)? [default: fusion] choices=['fusion', 'dnn'] fusion
Which explainers? (comma sep: shap,lime,anova) [default: shap,lime,anova] lime
[XAI] Running LIME...
[XAI] Results saved under E:\HLC\data\outputs\cnn_lstm_fusion\CIC-IoMT-2024_multiclass\xai
[DONE] XAI artifacts saved to E:\HLC\data\outputs\cnn_lstm_fusion\CIC-IoMT-2024_multiclass\xai

==================== IDS EXPERIMENT CLI ====================
(1) Load & split dataset (persist)
(2) Load existing split (validate)
(3) Visualize features (EPS)
(4) Train model (save ckpt + curves + history CSV)
(5) Evaluate & plot performance (EPS + CSV/JSON)
(6) XAI (SHAP/LIME/ANOVA)
(7) Ablation (user-selected feature subset)
(8) Evaluate (explicit)
(9) Inference (load_model → predict live CSV)
(q) Quit
============================================================

Select option: 6

[6] XAI (SHAP / LIME / ANOVA)
Available splits: ['Apose-IoT-23_binary', 'Apose-IoT-23_multiclass', 'BoT-IoT_binary', 'BoT-IoT_multiclass', 'CIC-IoMT-2024_binary', 'CIC-IoMT-2024_multiclass', 'CIC-IoT-2025_binary', 'CIC-IoT-2025_multiclass']
Split key: CIC-IoT-2025_binary
Model (fusion/dnn)? [default: fusion] choices=['fusion', 'dnn'] fusion
Which explainers? (comma sep: shap,lime,anova) [default: shap,lime,anova] lime
[XAI] Running LIME...
[XAI] Results saved under E:\HLC\data\outputs\cnn_lstm_fusion\CIC-IoT-2025_binary\xai
[DONE] XAI artifacts saved to E:\HLC\data\outputs\cnn_lstm_fusion\CIC-IoT-2025_binary\xai

==================== IDS EXPERIMENT CLI ====================
(1) Load & split dataset (persist)
(2) Load existing split (validate)
(3) Visualize features (EPS)
(4) Train model (save ckpt + curves + history CSV)
(5) Evaluate & plot performance (EPS + CSV/JSON)
(6) XAI (SHAP/LIME/ANOVA)
(7) Ablation (user-selected feature subset)
(8) Evaluate (explicit)
(9) Inference (load_model → predict live CSV)
(q) Quit
============================================================

Select option: 6

[6] XAI (SHAP / LIME / ANOVA)
Available splits: ['Apose-IoT-23_binary', 'Apose-IoT-23_multiclass', 'BoT-IoT_binary', 'BoT-IoT_multiclass', 'CIC-IoMT-2024_binary', 'CIC-IoMT-2024_multiclass', 'CIC-IoT-2025_binary', 'CIC-IoT-2025_multiclass']
Split key: CIC-IoT-2025_multiclass
Model (fusion/dnn)? [default: fusion] choices=['fusion', 'dnn'] fusion
Which explainers? (comma sep: shap,lime,anova) [default: shap,lime,anova] lime
[XAI] Running LIME...
[XAI] Results saved under E:\HLC\data\outputs\cnn_lstm_fusion\CIC-IoT-2025_multiclass\xai
[DONE] XAI artifacts saved to E:\HLC\data\outputs\cnn_lstm_fusion\CIC-IoT-2025_multiclass\xai

==================== IDS EXPERIMENT CLI ====================
(1) Load & split dataset (persist)
(2) Load existing split (validate)
(3) Visualize features (EPS)
(4) Train model (save ckpt + curves + history CSV)
(5) Evaluate & plot performance (EPS + CSV/JSON)
(6) XAI (SHAP/LIME/ANOVA)
(7) Ablation (user-selected feature subset)
(8) Evaluate (explicit)
(9) Inference (load_model → predict live CSV)
(q) Quit
============================================================

Select option: 6

[6] XAI (SHAP / LIME / ANOVA)
Available splits: ['Apose-IoT-23_binary', 'Apose-IoT-23_multiclass', 'BoT-IoT_binary', 'BoT-IoT_multiclass', 'CIC-IoMT-2024_binary', 'CIC-IoMT-2024_multiclass', 'CIC-IoT-2025_binary', 'CIC-IoT-2025_multiclass']
Split key: Apose-IoT-23_binary
Model (fusion/dnn)? [default: fusion] choices=['fusion', 'dnn'] fusion
Which explainers? (comma sep: shap,lime,anova) [default: shap,lime,anova] shap
[XAI] Running SHAP...
PermutationExplainer explainer: 501it [03:00,  2.71it/s]
[XAI] Results saved under E:\HLC\data\outputs\cnn_lstm_fusion\Apose-IoT-23_binary\xai
[DONE] XAI artifacts saved to E:\HLC\data\outputs\cnn_lstm_fusion\Apose-IoT-23_binary\xai

==================== IDS EXPERIMENT CLI ====================
(1) Load & split dataset (persist)
(2) Load existing split (validate)
(3) Visualize features (EPS)
(4) Train model (save ckpt + curves + history CSV)
(5) Evaluate & plot performance (EPS + CSV/JSON)
(6) XAI (SHAP/LIME/ANOVA)
(7) Ablation (user-selected feature subset)
(8) Evaluate (explicit)
(9) Inference (load_model → predict live CSV)
(q) Quit
============================================================

Select option: 6

[6] XAI (SHAP / LIME / ANOVA)
Available splits: ['Apose-IoT-23_binary', 'Apose-IoT-23_multiclass', 'BoT-IoT_binary', 'BoT-IoT_multiclass', 'CIC-IoMT-2024_binary', 'CIC-IoMT-2024_multiclass', 'CIC-IoT-2025_binary', 'CIC-IoT-2025_multiclass']
Split key: Apose-IoT-23_multiclass
Model (fusion/dnn)? [default: fusion] choices=['fusion', 'dnn'] fusion
Which explainers? (comma sep: shap,lime,anova) [default: shap,lime,anova] shap
[XAI] Running SHAP...
PermutationExplainer explainer: 501it [02:53,  2.75it/s]
[XAI] Results saved under E:\HLC\data\outputs\cnn_lstm_fusion\Apose-IoT-23_multiclass\xai
[DONE] XAI artifacts saved to E:\HLC\data\outputs\cnn_lstm_fusion\Apose-IoT-23_multiclass\xai

==================== IDS EXPERIMENT CLI ====================
(1) Load & split dataset (persist)
(2) Load existing split (validate)
(3) Visualize features (EPS)
(4) Train model (save ckpt + curves + history CSV)
(5) Evaluate & plot performance (EPS + CSV/JSON)
(6) XAI (SHAP/LIME/ANOVA)
(7) Ablation (user-selected feature subset)
(8) Evaluate (explicit)
(9) Inference (load_model → predict live CSV)
(q) Quit
============================================================

Select option: 6

[6] XAI (SHAP / LIME / ANOVA)
Available splits: ['Apose-IoT-23_binary', 'Apose-IoT-23_multiclass', 'BoT-IoT_binary', 'BoT-IoT_multiclass', 'CIC-IoMT-2024_binary', 'CIC-IoMT-2024_multiclass', 'CIC-IoT-2025_binary', 'CIC-IoT-2025_multiclass']
Split key: BoT-IoT_binary
Model (fusion/dnn)? [default: fusion] choices=['fusion', 'dnn'] fusion
Which explainers? (comma sep: shap,lime,anova) [default: shap,lime,anova] shap
[XAI] Running SHAP...
PermutationExplainer explainer: 501it [03:55,  2.03it/s]
[XAI] Results saved under E:\HLC\data\outputs\cnn_lstm_fusion\BoT-IoT_binary\xai
[DONE] XAI artifacts saved to E:\HLC\data\outputs\cnn_lstm_fusion\BoT-IoT_binary\xai

==================== IDS EXPERIMENT CLI ====================
(1) Load & split dataset (persist)
(2) Load existing split (validate)
(3) Visualize features (EPS)
(4) Train model (save ckpt + curves + history CSV)
(5) Evaluate & plot performance (EPS + CSV/JSON)
(6) XAI (SHAP/LIME/ANOVA)
(7) Ablation (user-selected feature subset)
(8) Evaluate (explicit)
(9) Inference (load_model → predict live CSV)
(q) Quit
============================================================

Select option: 6

[6] XAI (SHAP / LIME / ANOVA)
Available splits: ['Apose-IoT-23_binary', 'Apose-IoT-23_multiclass', 'BoT-IoT_binary', 'BoT-IoT_multiclass', 'CIC-IoMT-2024_binary', 'CIC-IoMT-2024_multiclass', 'CIC-IoT-2025_binary', 'CIC-IoT-2025_multiclass']
Split key: BoT-IoT_multiclass
Model (fusion/dnn)? [default: fusion] choices=['fusion', 'dnn'] fusion
Which explainers? (comma sep: shap,lime,anova) [default: shap,lime,anova] shap
[XAI] Running SHAP...
PermutationExplainer explainer: 501it [03:39,  2.18it/s]
[XAI] Results saved under E:\HLC\data\outputs\cnn_lstm_fusion\BoT-IoT_multiclass\xai
[DONE] XAI artifacts saved to E:\HLC\data\outputs\cnn_lstm_fusion\BoT-IoT_multiclass\xai

==================== IDS EXPERIMENT CLI ====================
(1) Load & split dataset (persist)
(2) Load existing split (validate)
(3) Visualize features (EPS)
(4) Train model (save ckpt + curves + history CSV)
(5) Evaluate & plot performance (EPS + CSV/JSON)
(6) XAI (SHAP/LIME/ANOVA)
(7) Ablation (user-selected feature subset)
(8) Evaluate (explicit)
(9) Inference (load_model → predict live CSV)
(q) Quit
============================================================

Select option: 6

[6] XAI (SHAP / LIME / ANOVA)
Available splits: ['Apose-IoT-23_binary', 'Apose-IoT-23_multiclass', 'BoT-IoT_binary', 'BoT-IoT_multiclass', 'CIC-IoMT-2024_binary', 'CIC-IoMT-2024_multiclass', 'CIC-IoT-2025_binary', 'CIC-IoT-2025_multiclass']
Split key: CIC-IoMT-2024_binary
Model (fusion/dnn)? [default: fusion] choices=['fusion', 'dnn'] fusion
Which explainers? (comma sep: shap,lime,anova) [default: shap,lime,anova] shap
[XAI] Running SHAP...
PermutationExplainer explainer: 501it [02:34,  3.06it/s]
[XAI] Results saved under E:\HLC\data\outputs\cnn_lstm_fusion\CIC-IoMT-2024_binary\xai
[DONE] XAI artifacts saved to E:\HLC\data\outputs\cnn_lstm_fusion\CIC-IoMT-2024_binary\xai

==================== IDS EXPERIMENT CLI ====================
(1) Load & split dataset (persist)
(2) Load existing split (validate)
(3) Visualize features (EPS)
(4) Train model (save ckpt + curves + history CSV)
(5) Evaluate & plot performance (EPS + CSV/JSON)
(6) XAI (SHAP/LIME/ANOVA)
(7) Ablation (user-selected feature subset)
(8) Evaluate (explicit)
(9) Inference (load_model → predict live CSV)
(q) Quit
============================================================

Select option: 6

[6] XAI (SHAP / LIME / ANOVA)
Available splits: ['Apose-IoT-23_binary', 'Apose-IoT-23_multiclass', 'BoT-IoT_binary', 'BoT-IoT_multiclass', 'CIC-IoMT-2024_binary', 'CIC-IoMT-2024_multiclass', 'CIC-IoT-2025_binary', 'CIC-IoT-2025_multiclass']
Split key: CIC-IoMT-2024_binary
Model (fusion/dnn)? [default: fusion] choices=['fusion', 'dnn'] fusion
Which explainers? (comma sep: shap,lime,anova) [default: shap,lime,anova] shap
[XAI] Running SHAP...
PermutationExplainer explainer: 501it [02:35,  3.01it/s]
[XAI] Results saved under E:\HLC\data\outputs\cnn_lstm_fusion\CIC-IoMT-2024_binary\xai
[DONE] XAI artifacts saved to E:\HLC\data\outputs\cnn_lstm_fusion\CIC-IoMT-2024_binary\xai

==================== IDS EXPERIMENT CLI ====================
(1) Load & split dataset (persist)
(2) Load existing split (validate)
(3) Visualize features (EPS)
(4) Train model (save ckpt + curves + history CSV)
(5) Evaluate & plot performance (EPS + CSV/JSON)
(6) XAI (SHAP/LIME/ANOVA)
(7) Ablation (user-selected feature subset)
(8) Evaluate (explicit)
(9) Inference (load_model → predict live CSV)
(q) Quit
============================================================

Select option: 6

[6] XAI (SHAP / LIME / ANOVA)
Available splits: ['Apose-IoT-23_binary', 'Apose-IoT-23_multiclass', 'BoT-IoT_binary', 'BoT-IoT_multiclass', 'CIC-IoMT-2024_binary', 'CIC-IoMT-2024_multiclass', 'CIC-IoT-2025_binary', 'CIC-IoT-2025_multiclass']
Split key: CIC-IoMT-2024_multiclass
Model (fusion/dnn)? [default: fusion] choices=['fusion', 'dnn'] fusion
Which explainers? (comma sep: shap,lime,anova) [default: shap,lime,anova] shap
[XAI] Running SHAP...
PermutationExplainer explainer: 501it [02:24,  3.24it/s]
[XAI] Results saved under E:\HLC\data\outputs\cnn_lstm_fusion\CIC-IoMT-2024_multiclass\xai
[DONE] XAI artifacts saved to E:\HLC\data\outputs\cnn_lstm_fusion\CIC-IoMT-2024_multiclass\xai

==================== IDS EXPERIMENT CLI ====================
(1) Load & split dataset (persist)
(2) Load existing split (validate)
(3) Visualize features (EPS)
(4) Train model (save ckpt + curves + history CSV)
(5) Evaluate & plot performance (EPS + CSV/JSON)
(6) XAI (SHAP/LIME/ANOVA)
(7) Ablation (user-selected feature subset)
(8) Evaluate (explicit)
(9) Inference (load_model → predict live CSV)
(q) Quit
============================================================

Select option: 6

[6] XAI (SHAP / LIME / ANOVA)
Available splits: ['Apose-IoT-23_binary', 'Apose-IoT-23_multiclass', 'BoT-IoT_binary', 'BoT-IoT_multiclass', 'CIC-IoMT-2024_binary', 'CIC-IoMT-2024_multiclass', 'CIC-IoT-2025_binary', 'CIC-IoT-2025_multiclass']
Split key: CIC-IoMT-2024_multiclass
Model (fusion/dnn)? [default: fusion] choices=['fusion', 'dnn'] fusion
Which explainers? (comma sep: shap,lime,anova) [default: shap,lime,anova] shap
[XAI] Running SHAP...
PermutationExplainer explainer: 501it [02:23,  3.24it/s]
[XAI] Results saved under E:\HLC\data\outputs\cnn_lstm_fusion\CIC-IoMT-2024_multiclass\xai
[DONE] XAI artifacts saved to E:\HLC\data\outputs\cnn_lstm_fusion\CIC-IoMT-2024_multiclass\xai

==================== IDS EXPERIMENT CLI ====================
(1) Load & split dataset (persist)
(2) Load existing split (validate)
(3) Visualize features (EPS)
(4) Train model (save ckpt + curves + history CSV)
(5) Evaluate & plot performance (EPS + CSV/JSON)
(6) XAI (SHAP/LIME/ANOVA)
(7) Ablation (user-selected feature subset)
(8) Evaluate (explicit)
(9) Inference (load_model → predict live CSV)
(q) Quit
============================================================

Select option: 6

[6] XAI (SHAP / LIME / ANOVA)
Available splits: ['Apose-IoT-23_binary', 'Apose-IoT-23_multiclass', 'BoT-IoT_binary', 'BoT-IoT_multiclass', 'CIC-IoMT-2024_binary', 'CIC-IoMT-2024_multiclass', 'CIC-IoT-2025_binary', 'CIC-IoT-2025_multiclass']
Split key: CIC-IoT-2025_binary
Model (fusion/dnn)? [default: fusion] choices=['fusion', 'dnn'] fusion
Which explainers? (comma sep: shap,lime,anova) [default: shap,lime,anova] shap
[XAI] Running SHAP...
PermutationExplainer explainer: 501it [03:21,  2.36it/s]
[XAI] Results saved under E:\HLC\data\outputs\cnn_lstm_fusion\CIC-IoT-2025_binary\xai
[DONE] XAI artifacts saved to E:\HLC\data\outputs\cnn_lstm_fusion\CIC-IoT-2025_binary\xai

==================== IDS EXPERIMENT CLI ====================
(1) Load & split dataset (persist)
(2) Load existing split (validate)
(3) Visualize features (EPS)
(4) Train model (save ckpt + curves + history CSV)
(5) Evaluate & plot performance (EPS + CSV/JSON)
(6) XAI (SHAP/LIME/ANOVA)
(7) Ablation (user-selected feature subset)
(8) Evaluate (explicit)
(9) Inference (load_model → predict live CSV)
(q) Quit
============================================================

Select option: 6

[6] XAI (SHAP / LIME / ANOVA)
Available splits: ['Apose-IoT-23_binary', 'Apose-IoT-23_multiclass', 'BoT-IoT_binary', 'BoT-IoT_multiclass', 'CIC-IoMT-2024_binary', 'CIC-IoMT-2024_multiclass', 'CIC-IoT-2025_binary', 'CIC-IoT-2025_multiclass']
Split key: CIC-IoT-2025_multiclass
Model (fusion/dnn)? [default: fusion] choices=['fusion', 'dnn'] fusion
Which explainers? (comma sep: shap,lime,anova) [default: shap,lime,anova] shap
[XAI] Running SHAP...
PermutationExplainer explainer: 501it [03:20,  2.37it/s]
[XAI] Results saved under E:\HLC\data\outputs\cnn_lstm_fusion\CIC-IoT-2025_multiclass\xai
[DONE] XAI artifacts saved to E:\HLC\data\outputs\cnn_lstm_fusion\CIC-IoT-2025_multiclass\xai

==================== IDS EXPERIMENT CLI ====================
(1) Load & split dataset (persist)
(2) Load existing split (validate)
(3) Visualize features (EPS)
(4) Train model (save ckpt + curves + history CSV)
(5) Evaluate & plot performance (EPS + CSV/JSON)
(6) XAI (SHAP/LIME/ANOVA)
(7) Ablation (user-selected feature subset)
(8) Evaluate (explicit)
(9) Inference (load_model → predict live CSV)
(q) Quit
============================================================

Select option:  6

[6] XAI (SHAP / LIME / ANOVA)
Available splits: ['Apose-IoT-23_binary', 'Apose-IoT-23_multiclass', 'BoT-IoT_binary', 'BoT-IoT_multiclass', 'CIC-IoMT-2024_binary', 'CIC-IoMT-2024_multiclass', 'CIC-IoT-2025_binary', 'CIC-IoT-2025_multiclass']
Split key: Apose-IoT-23_binary
Model (fusion/dnn)? [default: fusion] choices=['fusion', 'dnn'] fusion
Which explainers? (comma sep: shap,lime,anova) [default: shap,lime,anova] anova
[XAI] Running ANOVA F-score...

[XAI] Results saved under E:\HLC\data\outputs\cnn_lstm_fusion\Apose-IoT-23_binary\xai
[DONE] XAI artifacts saved to E:\HLC\data\outputs\cnn_lstm_fusion\Apose-IoT-23_binary\xai

==================== IDS EXPERIMENT CLI ====================
(1) Load & split dataset (persist)
(2) Load existing split (validate)
(3) Visualize features (EPS)
(4) Train model (save ckpt + curves + history CSV)
(5) Evaluate & plot performance (EPS + CSV/JSON)
(6) XAI (SHAP/LIME/ANOVA)
(7) Ablation (user-selected feature subset)
(8) Evaluate (explicit)
(9) Inference (load_model → predict live CSV)
(q) Quit
============================================================

Select option: 6

[6] XAI (SHAP / LIME / ANOVA)
Available splits: ['Apose-IoT-23_binary', 'Apose-IoT-23_multiclass', 'BoT-IoT_binary', 'BoT-IoT_multiclass', 'CIC-IoMT-2024_binary', 'CIC-IoMT-2024_multiclass', 'CIC-IoT-2025_binary', 'CIC-IoT-2025_multiclass']
Split key: Apose-IoT-23_multiclass
Model (fusion/dnn)? [default: fusion] choices=['fusion', 'dnn'] fusion
Which explainers? (comma sep: shap,lime,anova) [default: shap,lime,anova] anova
[XAI] Running ANOVA F-score...

[XAI] Results saved under E:\HLC\data\outputs\cnn_lstm_fusion\Apose-IoT-23_multiclass\xai
[DONE] XAI artifacts saved to E:\HLC\data\outputs\cnn_lstm_fusion\Apose-IoT-23_multiclass\xai

==================== IDS EXPERIMENT CLI ====================
(1) Load & split dataset (persist)
(2) Load existing split (validate)
(3) Visualize features (EPS)
(4) Train model (save ckpt + curves + history CSV)
(5) Evaluate & plot performance (EPS + CSV/JSON)
(6) XAI (SHAP/LIME/ANOVA)
(7) Ablation (user-selected feature subset)
(8) Evaluate (explicit)
(9) Inference (load_model → predict live CSV)
(q) Quit
============================================================

Select option: 6

[6] XAI (SHAP / LIME / ANOVA)
Available splits: ['Apose-IoT-23_binary', 'Apose-IoT-23_multiclass', 'BoT-IoT_binary', 'BoT-IoT_multiclass', 'CIC-IoMT-2024_binary', 'CIC-IoMT-2024_multiclass', 'CIC-IoT-2025_binary', 'CIC-IoT-2025_multiclass']
Split key: BoT-IoT_binary
Model (fusion/dnn)? [default: fusion] choices=['fusion', 'dnn'] fusion
Which explainers? (comma sep: shap,lime,anova) [default: shap,lime,anova] anova
[XAI] Running ANOVA F-score...

[XAI] Results saved under E:\HLC\data\outputs\cnn_lstm_fusion\BoT-IoT_binary\xai
[DONE] XAI artifacts saved to E:\HLC\data\outputs\cnn_lstm_fusion\BoT-IoT_binary\xai

==================== IDS EXPERIMENT CLI ====================
(1) Load & split dataset (persist)
(2) Load existing split (validate)
(3) Visualize features (EPS)
(4) Train model (save ckpt + curves + history CSV)
(5) Evaluate & plot performance (EPS + CSV/JSON)
(6) XAI (SHAP/LIME/ANOVA)
(7) Ablation (user-selected feature subset)
(8) Evaluate (explicit)
(9) Inference (load_model → predict live CSV)
(q) Quit
============================================================

Select option: 6

[6] XAI (SHAP / LIME / ANOVA)
Available splits: ['Apose-IoT-23_binary', 'Apose-IoT-23_multiclass', 'BoT-IoT_binary', 'BoT-IoT_multiclass', 'CIC-IoMT-2024_binary', 'CIC-IoMT-2024_multiclass', 'CIC-IoT-2025_binary', 'CIC-IoT-2025_multiclass']
Split key: BoT-IoT_multiclass
Model (fusion/dnn)? [default: fusion] choices=['fusion', 'dnn'] fusion
Which explainers? (comma sep: shap,lime,anova) [default: shap,lime,anova] anova
[XAI] Running ANOVA F-score...

[XAI] Results saved under E:\HLC\data\outputs\cnn_lstm_fusion\BoT-IoT_multiclass\xai
[DONE] XAI artifacts saved to E:\HLC\data\outputs\cnn_lstm_fusion\BoT-IoT_multiclass\xai

==================== IDS EXPERIMENT CLI ====================
(1) Load & split dataset (persist)
(2) Load existing split (validate)
(3) Visualize features (EPS)
(4) Train model (save ckpt + curves + history CSV)
(5) Evaluate & plot performance (EPS + CSV/JSON)
(6) XAI (SHAP/LIME/ANOVA)
(7) Ablation (user-selected feature subset)
(8) Evaluate (explicit)
(9) Inference (load_model → predict live CSV)
(q) Quit
============================================================

Select option: 6

[6] XAI (SHAP / LIME / ANOVA)
Available splits: ['Apose-IoT-23_binary', 'Apose-IoT-23_multiclass', 'BoT-IoT_binary', 'BoT-IoT_multiclass', 'CIC-IoMT-2024_binary', 'CIC-IoMT-2024_multiclass', 'CIC-IoT-2025_binary', 'CIC-IoT-2025_multiclass']
Split key: CIC-IoMT-2024_binary
Model (fusion/dnn)? [default: fusion] choices=['fusion', 'dnn'] fusion
Which explainers? (comma sep: shap,lime,anova) [default: shap,lime,anova] anova
[XAI] Running ANOVA F-score...

[XAI] Results saved under E:\HLC\data\outputs\cnn_lstm_fusion\CIC-IoMT-2024_binary\xai
[DONE] XAI artifacts saved to E:\HLC\data\outputs\cnn_lstm_fusion\CIC-IoMT-2024_binary\xai

==================== IDS EXPERIMENT CLI ====================
(1) Load & split dataset (persist)
(2) Load existing split (validate)
(3) Visualize features (EPS)
(4) Train model (save ckpt + curves + history CSV)
(5) Evaluate & plot performance (EPS + CSV/JSON)
(6) XAI (SHAP/LIME/ANOVA)
(7) Ablation (user-selected feature subset)
(8) Evaluate (explicit)
(9) Inference (load_model → predict live CSV)
(q) Quit
============================================================

Select option: 6

[6] XAI (SHAP / LIME / ANOVA)
Available splits: ['Apose-IoT-23_binary', 'Apose-IoT-23_multiclass', 'BoT-IoT_binary', 'BoT-IoT_multiclass', 'CIC-IoMT-2024_binary', 'CIC-IoMT-2024_multiclass', 'CIC-IoT-2025_binary', 'CIC-IoT-2025_multiclass']
Split key: CIC-IoMT-2024_multiclass
Model (fusion/dnn)? [default: fusion] choices=['fusion', 'dnn'] fusion
Which explainers? (comma sep: shap,lime,anova) [default: shap,lime,anova] anova
[XAI] Running ANOVA F-score...

[XAI] Results saved under E:\HLC\data\outputs\cnn_lstm_fusion\CIC-IoMT-2024_multiclass\xai
[DONE] XAI artifacts saved to E:\HLC\data\outputs\cnn_lstm_fusion\CIC-IoMT-2024_multiclass\xai

==================== IDS EXPERIMENT CLI ====================
(1) Load & split dataset (persist)
(2) Load existing split (validate)
(3) Visualize features (EPS)
(4) Train model (save ckpt + curves + history CSV)
(5) Evaluate & plot performance (EPS + CSV/JSON)
(6) XAI (SHAP/LIME/ANOVA)
(7) Ablation (user-selected feature subset)
(8) Evaluate (explicit)
(9) Inference (load_model → predict live CSV)
(q) Quit
============================================================

Select option: 6

[6] XAI (SHAP / LIME / ANOVA)
Available splits: ['Apose-IoT-23_binary', 'Apose-IoT-23_multiclass', 'BoT-IoT_binary', 'BoT-IoT_multiclass', 'CIC-IoMT-2024_binary', 'CIC-IoMT-2024_multiclass', 'CIC-IoT-2025_binary', 'CIC-IoT-2025_multiclass']
Split key: CIC-IoT-2025_binary
Model (fusion/dnn)? [default: fusion] choices=['fusion', 'dnn'] fusion
Which explainers? (comma sep: shap,lime,anova) [default: shap,lime,anova] anova
[XAI] Running ANOVA F-score...

[XAI] Results saved under E:\HLC\data\outputs\cnn_lstm_fusion\CIC-IoT-2025_binary\xai
[DONE] XAI artifacts saved to E:\HLC\data\outputs\cnn_lstm_fusion\CIC-IoT-2025_binary\xai

==================== IDS EXPERIMENT CLI ====================
(1) Load & split dataset (persist)
(2) Load existing split (validate)
(3) Visualize features (EPS)
(4) Train model (save ckpt + curves + history CSV)
(5) Evaluate & plot performance (EPS + CSV/JSON)
(6) XAI (SHAP/LIME/ANOVA)
(7) Ablation (user-selected feature subset)
(8) Evaluate (explicit)
(9) Inference (load_model → predict live CSV)
(q) Quit
============================================================

Select option: 6

[6] XAI (SHAP / LIME / ANOVA)
Available splits: ['Apose-IoT-23_binary', 'Apose-IoT-23_multiclass', 'BoT-IoT_binary', 'BoT-IoT_multiclass', 'CIC-IoMT-2024_binary', 'CIC-IoMT-2024_multiclass', 'CIC-IoT-2025_binary', 'CIC-IoT-2025_multiclass']
Split key: CIC-IoT-2025_multiclass
Model (fusion/dnn)? [default: fusion] choices=['fusion', 'dnn'] fusion
Which explainers? (comma sep: shap,lime,anova) [default: shap,lime,anova] anova
[XAI] Running ANOVA F-score...

[XAI] Results saved under E:\HLC\data\outputs\cnn_lstm_fusion\CIC-IoT-2025_multiclass\xai
[DONE] XAI artifacts saved to E:\HLC\data\outputs\cnn_lstm_fusion\CIC-IoT-2025_multiclass\xai

==================== IDS EXPERIMENT CLI ====================
(1) Load & split dataset (persist)
(2) Load existing split (validate)
(3) Visualize features (EPS)
(4) Train model (save ckpt + curves + history CSV)
(5) Evaluate & plot performance (EPS + CSV/JSON)
(6) XAI (SHAP/LIME/ANOVA)
(7) Feature Ablation (user-selected feature subset)
(8) Architectural Ablation (CNN, BiLSTM, Fusion w/o Gating, Full)
(9) Evaluate (explicit)
(10) Inference (load_model → predict live CSV)
(q) Quit
============================================================

Select option: 8

[8] Architectural Ablation Study (CNN, BiLSTM, Fusion w/o Gating, Full Proposed Model)
Available splits: ['Apose-IoT-23_binary', 'Apose-IoT-23_multiclass', 'BoT-IoT_binary', 'BoT-IoT_multiclass', 'CIC-IoMT-2024_binary', 'CIC-IoMT-2024_multiclass', 'CIC-IoT-2025_binary', 'CIC-IoT-2025_multiclass']
Split key: Apose-IoT-23_binary

[ARCH ABLATION] Evaluating Variant: CNN Branch Only
[TRAIN] Dataset=Apose-IoT-23_binary | Classes=2 | InputDim=16 | Seed=42
[TRAIN] Model=Fusion (CNN+LSTM) | Params=169,858 | Device=cuda | Batch=256 | LR=0.001
[TRAIN] Epochs=20 | EarlyStop=8 | Optim=AdamW | Loss=CrossEntropy
[EPOCH 1/20] train_loss=0.540443 val_loss=0.347202 train_acc=0.735277 val_acc=0.805375 lr=0.0010 time=0.75s best_val=inf patience_left=8
[CHECKPOINT] Saved best model at epoch 1 -> E:\HLC\data\outputs\cnn_lstm_fusion\Apose-IoT-23_binary\arch_ablation\cnn_lstm_fusion\Apose-IoT-23_binary\checks\best_ep1_fusion_cnn_only_seed42.pt
[EPOCH 2/20] train_loss=0.124458 val_loss=0.062521 train_acc=0.964296 val_acc=0.989574 lr=0.0010 time=0.41s best_val=0.347202 patience_left=8
[CHECKPOINT] Saved best model at epoch 2 -> E:\HLC\data\outputs\cnn_lstm_fusion\Apose-IoT-23_binary\arch_ablation\cnn_lstm_fusion\Apose-IoT-23_binary\checks\best_ep2_fusion_cnn_only_seed42.pt
[EPOCH 3/20] train_loss=0.068446 val_loss=0.138512 train_acc=0.988529 val_acc=0.988879 lr=0.0010 time=0.42s best_val=0.062521 patience_left=8
[EPOCH 4/20] train_loss=0.059547 val_loss=0.049019 train_acc=0.988777 val_acc=0.990037 lr=0.0010 time=0.42s best_val=0.062521 patience_left=8
[CHECKPOINT] Saved best model at epoch 4 -> E:\HLC\data\outputs\cnn_lstm_fusion\Apose-IoT-23_binary\arch_ablation\cnn_lstm_fusion\Apose-IoT-23_binary\checks\best_ep4_fusion_cnn_only_seed42.pt
[EPOCH 5/20] train_loss=0.052915 val_loss=0.061307 train_acc=0.989423 val_acc=0.989342 lr=0.0010 time=0.45s best_val=0.049019 patience_left=8
[EPOCH 6/20] train_loss=0.047495 val_loss=0.039619 train_acc=0.989969 val_acc=0.989805 lr=0.0010 time=0.40s best_val=0.049019 patience_left=8
[CHECKPOINT] Saved best model at epoch 6 -> E:\HLC\data\outputs\cnn_lstm_fusion\Apose-IoT-23_binary\arch_ablation\cnn_lstm_fusion\Apose-IoT-23_binary\checks\best_ep6_fusion_cnn_only_seed42.pt
[EPOCH 7/20] train_loss=0.044128 val_loss=0.044231 train_acc=0.991260 val_acc=0.990964 lr=0.0010 time=0.40s best_val=0.039619 patience_left=8
[EPOCH 8/20] train_loss=0.038576 val_loss=0.045847 train_acc=0.991856 val_acc=0.991427 lr=0.0010 time=0.42s best_val=0.039619 patience_left=7
[EPOCH 9/20] train_loss=0.035984 val_loss=0.035605 train_acc=0.992750 val_acc=0.991196 lr=0.0010 time=0.40s best_val=0.039619 patience_left=8
[CHECKPOINT] Saved best model at epoch 9 -> E:\HLC\data\outputs\cnn_lstm_fusion\Apose-IoT-23_binary\arch_ablation\cnn_lstm_fusion\Apose-IoT-23_binary\checks\best_ep9_fusion_cnn_only_seed42.pt
[EPOCH 10/20] train_loss=0.039326 val_loss=0.034808 train_acc=0.992055 val_acc=0.991659 lr=0.0010 time=0.41s best_val=0.035605 patience_left=8
[CHECKPOINT] Saved best model at epoch 10 -> E:\HLC\data\outputs\cnn_lstm_fusion\Apose-IoT-23_binary\arch_ablation\cnn_lstm_fusion\Apose-IoT-23_binary\checks\best_ep10_fusion_cnn_only_seed42.pt
[EPOCH 11/20] train_loss=0.037160 val_loss=0.069339 train_acc=0.991807 val_acc=0.990732 lr=0.0010 time=0.40s best_val=0.034808 patience_left=8
[EPOCH 12/20] train_loss=0.034211 val_loss=0.031937 train_acc=0.992651 val_acc=0.993049 lr=0.0010 time=0.40s best_val=0.034808 patience_left=8
[CHECKPOINT] Saved best model at epoch 12 -> E:\HLC\data\outputs\cnn_lstm_fusion\Apose-IoT-23_binary\arch_ablation\cnn_lstm_fusion\Apose-IoT-23_binary\checks\best_ep12_fusion_cnn_only_seed42.pt
[EPOCH 13/20] train_loss=0.032104 val_loss=0.031301 train_acc=0.993396 val_acc=0.992586 lr=0.0010 time=0.42s best_val=0.031937 patience_left=8
[CHECKPOINT] Saved best model at epoch 13 -> E:\HLC\data\outputs\cnn_lstm_fusion\Apose-IoT-23_binary\arch_ablation\cnn_lstm_fusion\Apose-IoT-23_binary\checks\best_ep13_fusion_cnn_only_seed42.pt
[EPOCH 14/20] train_loss=0.038228 val_loss=0.029613 train_acc=0.991509 val_acc=0.990964 lr=0.0010 time=0.41s best_val=0.031301 patience_left=8
[CHECKPOINT] Saved best model at epoch 14 -> E:\HLC\data\outputs\cnn_lstm_fusion\Apose-IoT-23_binary\arch_ablation\cnn_lstm_fusion\Apose-IoT-23_binary\checks\best_ep14_fusion_cnn_only_seed42.pt
[EPOCH 15/20] train_loss=0.039677 val_loss=0.038352 train_acc=0.991658 val_acc=0.991427 lr=0.0010 time=0.42s best_val=0.029613 patience_left=8
[EPOCH 16/20] train_loss=0.034727 val_loss=0.029032 train_acc=0.991807 val_acc=0.991427 lr=0.0010 time=0.41s best_val=0.029613 patience_left=8
[CHECKPOINT] Saved best model at epoch 16 -> E:\HLC\data\outputs\cnn_lstm_fusion\Apose-IoT-23_binary\arch_ablation\cnn_lstm_fusion\Apose-IoT-23_binary\checks\best_ep16_fusion_cnn_only_seed42.pt
[EPOCH 17/20] train_loss=0.032136 val_loss=0.031566 train_acc=0.992502 val_acc=0.992354 lr=0.0010 time=0.43s best_val=0.029032 patience_left=8
[EPOCH 18/20] train_loss=0.029780 val_loss=0.026683 train_acc=0.994289 val_acc=0.993976 lr=0.0010 time=0.45s best_val=0.029032 patience_left=8
[CHECKPOINT] Saved best model at epoch 18 -> E:\HLC\data\outputs\cnn_lstm_fusion\Apose-IoT-23_binary\arch_ablation\cnn_lstm_fusion\Apose-IoT-23_binary\checks\best_ep18_fusion_cnn_only_seed42.pt
[EPOCH 19/20] train_loss=0.030823 val_loss=0.040621 train_acc=0.993495 val_acc=0.992354 lr=0.0010 time=0.42s best_val=0.026683 patience_left=8
[EPOCH 20/20] train_loss=0.029226 val_loss=0.026300 train_acc=0.993892 val_acc=0.994439 lr=0.0010 time=0.44s best_val=0.026683 patience_left=8
[CHECKPOINT] Saved best model at epoch 20 -> E:\HLC\data\outputs\cnn_lstm_fusion\Apose-IoT-23_binary\arch_ablation\cnn_lstm_fusion\Apose-IoT-23_binary\checks\best_ep20_fusion_cnn_only_seed42.pt

[ARCH ABLATION] Evaluating Variant: BiLSTM Branch Only
[TRAIN] Dataset=Apose-IoT-23_binary | Classes=2 | InputDim=16 | Seed=42
[TRAIN] Model=Fusion (CNN+LSTM) | Params=169,858 | Device=cuda | Batch=256 | LR=0.001
[TRAIN] Epochs=20 | EarlyStop=8 | Optim=AdamW | Loss=CrossEntropy
[EPOCH 1/20] train_loss=0.533840 val_loss=0.237073 train_acc=0.755487 val_acc=0.973818 lr=0.0010 time=0.67s best_val=inf patience_left=8
[CHECKPOINT] Saved best model at epoch 1 -> E:\HLC\data\outputs\cnn_lstm_fusion\Apose-IoT-23_binary\arch_ablation\cnn_lstm_fusion\Apose-IoT-23_binary\checks\best_ep1_fusion_lstm_only_seed42.pt
[EPOCH 2/20] train_loss=0.112407 val_loss=0.066525 train_acc=0.980187 val_acc=0.986562 lr=0.0010 time=0.48s best_val=0.237073 patience_left=8
[CHECKPOINT] Saved best model at epoch 2 -> E:\HLC\data\outputs\cnn_lstm_fusion\Apose-IoT-23_binary\arch_ablation\cnn_lstm_fusion\Apose-IoT-23_binary\checks\best_ep2_fusion_lstm_only_seed42.pt
[EPOCH 3/20] train_loss=0.062590 val_loss=0.055481 train_acc=0.985748 val_acc=0.985867 lr=0.0010 time=0.44s best_val=0.066525 patience_left=8
[CHECKPOINT] Saved best model at epoch 3 -> E:\HLC\data\outputs\cnn_lstm_fusion\Apose-IoT-23_binary\arch_ablation\cnn_lstm_fusion\Apose-IoT-23_binary\checks\best_ep3_fusion_lstm_only_seed42.pt
[EPOCH 4/20] train_loss=0.052844 val_loss=0.051306 train_acc=0.987784 val_acc=0.990037 lr=0.0010 time=0.43s best_val=0.055481 patience_left=8
[CHECKPOINT] Saved best model at epoch 4 -> E:\HLC\data\outputs\cnn_lstm_fusion\Apose-IoT-23_binary\arch_ablation\cnn_lstm_fusion\Apose-IoT-23_binary\checks\best_ep4_fusion_lstm_only_seed42.pt
[EPOCH 5/20] train_loss=0.047651 val_loss=0.043128 train_acc=0.989920 val_acc=0.990037 lr=0.0010 time=0.45s best_val=0.051306 patience_left=8
[CHECKPOINT] Saved best model at epoch 5 -> E:\HLC\data\outputs\cnn_lstm_fusion\Apose-IoT-23_binary\arch_ablation\cnn_lstm_fusion\Apose-IoT-23_binary\checks\best_ep5_fusion_lstm_only_seed42.pt
[EPOCH 6/20] train_loss=0.042919 val_loss=0.047544 train_acc=0.990714 val_acc=0.990037 lr=0.0010 time=0.47s best_val=0.043128 patience_left=8
[EPOCH 7/20] train_loss=0.040331 val_loss=0.059407 train_acc=0.991658 val_acc=0.973587 lr=0.0010 time=0.47s best_val=0.043128 patience_left=7
[EPOCH 8/20] train_loss=0.040340 val_loss=0.032750 train_acc=0.991211 val_acc=0.992817 lr=0.0010 time=0.46s best_val=0.043128 patience_left=8
[CHECKPOINT] Saved best model at epoch 8 -> E:\HLC\data\outputs\cnn_lstm_fusion\Apose-IoT-23_binary\arch_ablation\cnn_lstm_fusion\Apose-IoT-23_binary\checks\best_ep8_fusion_lstm_only_seed42.pt
[EPOCH 9/20] train_loss=0.035811 val_loss=0.033653 train_acc=0.992303 val_acc=0.993049 lr=0.0010 time=0.45s best_val=0.032750 patience_left=8
[EPOCH 10/20] train_loss=0.034834 val_loss=0.037065 train_acc=0.992700 val_acc=0.991891 lr=0.0010 time=0.45s best_val=0.032750 patience_left=7
[EPOCH 11/20] train_loss=0.031511 val_loss=0.035106 train_acc=0.993296 val_acc=0.991891 lr=0.0010 time=0.44s best_val=0.032750 patience_left=6
[EPOCH 12/20] train_loss=0.029465 val_loss=0.026910 train_acc=0.993296 val_acc=0.993513 lr=0.0010 time=0.44s best_val=0.032750 patience_left=8
[CHECKPOINT] Saved best model at epoch 12 -> E:\HLC\data\outputs\cnn_lstm_fusion\Apose-IoT-23_binary\arch_ablation\cnn_lstm_fusion\Apose-IoT-23_binary\checks\best_ep12_fusion_lstm_only_seed42.pt
[EPOCH 13/20] train_loss=0.042755 val_loss=0.039260 train_acc=0.991012 val_acc=0.991427 lr=0.0010 time=0.46s best_val=0.026910 patience_left=8
[EPOCH 14/20] train_loss=0.031333 val_loss=0.027624 train_acc=0.993247 val_acc=0.993049 lr=0.0010 time=0.45s best_val=0.026910 patience_left=7
[EPOCH 15/20] train_loss=0.027799 val_loss=0.032316 train_acc=0.993991 val_acc=0.994208 lr=0.0010 time=0.49s best_val=0.026910 patience_left=6
[EPOCH 16/20] train_loss=0.028796 val_loss=0.028760 train_acc=0.994488 val_acc=0.994208 lr=0.0010 time=0.50s best_val=0.026910 patience_left=5
[EPOCH 17/20] train_loss=0.026718 val_loss=0.034811 train_acc=0.994885 val_acc=0.993513 lr=0.0010 time=0.48s best_val=0.026910 patience_left=4
[EPOCH 18/20] train_loss=0.028043 val_loss=0.030535 train_acc=0.994289 val_acc=0.994208 lr=0.0010 time=0.47s best_val=0.026910 patience_left=3
[EPOCH 19/20] train_loss=0.026361 val_loss=0.033757 train_acc=0.994836 val_acc=0.992586 lr=0.0010 time=0.44s best_val=0.026910 patience_left=2
[EPOCH 20/20] train_loss=0.027039 val_loss=0.027341 train_acc=0.994885 val_acc=0.994671 lr=0.0010 time=0.47s best_val=0.026910 patience_left=1
[EARLY-STOP] No improvement after 8 epochs. Stopping.

[ARCH ABLATION] Evaluating Variant: Fusion (w/o Attention Gating)
[TRAIN] Dataset=Apose-IoT-23_binary | Classes=2 | InputDim=16 | Seed=42
[TRAIN] Model=Fusion (CNN+LSTM) | Params=169,858 | Device=cuda | Batch=256 | LR=0.001
[TRAIN] Epochs=20 | EarlyStop=8 | Optim=AdamW | Loss=CrossEntropy
[EPOCH 1/20] train_loss=0.205067 val_loss=0.050592 train_acc=0.926110 val_acc=0.989805 lr=0.0010 time=0.64s best_val=inf patience_left=8
[CHECKPOINT] Saved best model at epoch 1 -> E:\HLC\data\outputs\cnn_lstm_fusion\Apose-IoT-23_binary\arch_ablation\cnn_lstm_fusion\Apose-IoT-23_binary\checks\best_ep1_fusion_no_gating_seed42.pt
[EPOCH 2/20] train_loss=0.057281 val_loss=0.046244 train_acc=0.988132 val_acc=0.990964 lr=0.0010 time=0.55s best_val=0.050592 patience_left=8
[CHECKPOINT] Saved best model at epoch 2 -> E:\HLC\data\outputs\cnn_lstm_fusion\Apose-IoT-23_binary\arch_ablation\cnn_lstm_fusion\Apose-IoT-23_binary\checks\best_ep2_fusion_no_gating_seed42.pt
[EPOCH 3/20] train_loss=0.047429 val_loss=0.045558 train_acc=0.990069 val_acc=0.987952 lr=0.0010 time=0.59s best_val=0.046244 patience_left=8
[CHECKPOINT] Saved best model at epoch 3 -> E:\HLC\data\outputs\cnn_lstm_fusion\Apose-IoT-23_binary\arch_ablation\cnn_lstm_fusion\Apose-IoT-23_binary\checks\best_ep3_fusion_no_gating_seed42.pt
[EPOCH 4/20] train_loss=0.047472 val_loss=0.035637 train_acc=0.989721 val_acc=0.991196 lr=0.0010 time=0.51s best_val=0.045558 patience_left=8
[CHECKPOINT] Saved best model at epoch 4 -> E:\HLC\data\outputs\cnn_lstm_fusion\Apose-IoT-23_binary\arch_ablation\cnn_lstm_fusion\Apose-IoT-23_binary\checks\best_ep4_fusion_no_gating_seed42.pt
[EPOCH 5/20] train_loss=0.041737 val_loss=0.049564 train_acc=0.990962 val_acc=0.990269 lr=0.0010 time=0.50s best_val=0.035637 patience_left=8
[EPOCH 6/20] train_loss=0.040009 val_loss=0.039255 train_acc=0.991211 val_acc=0.990500 lr=0.0010 time=0.55s best_val=0.035637 patience_left=7
[EPOCH 7/20] train_loss=0.036806 val_loss=0.031510 train_acc=0.991658 val_acc=0.991427 lr=0.0010 time=0.52s best_val=0.035637 patience_left=8
[CHECKPOINT] Saved best model at epoch 7 -> E:\HLC\data\outputs\cnn_lstm_fusion\Apose-IoT-23_binary\arch_ablation\cnn_lstm_fusion\Apose-IoT-23_binary\checks\best_ep7_fusion_no_gating_seed42.pt
[EPOCH 8/20] train_loss=0.032435 val_loss=0.032957 train_acc=0.993048 val_acc=0.991196 lr=0.0010 time=0.54s best_val=0.031510 patience_left=8
[EPOCH 9/20] train_loss=0.030111 val_loss=0.029309 train_acc=0.993296 val_acc=0.994208 lr=0.0010 time=0.54s best_val=0.031510 patience_left=8
[CHECKPOINT] Saved best model at epoch 9 -> E:\HLC\data\outputs\cnn_lstm_fusion\Apose-IoT-23_binary\arch_ablation\cnn_lstm_fusion\Apose-IoT-23_binary\checks\best_ep9_fusion_no_gating_seed42.pt
[EPOCH 10/20] train_loss=0.031912 val_loss=0.031412 train_acc=0.993296 val_acc=0.992586 lr=0.0010 time=0.54s best_val=0.029309 patience_left=8
[EPOCH 11/20] train_loss=0.027846 val_loss=0.028248 train_acc=0.993793 val_acc=0.993976 lr=0.0010 time=0.50s best_val=0.029309 patience_left=8
[CHECKPOINT] Saved best model at epoch 11 -> E:\HLC\data\outputs\cnn_lstm_fusion\Apose-IoT-23_binary\arch_ablation\cnn_lstm_fusion\Apose-IoT-23_binary\checks\best_ep11_fusion_no_gating_seed42.pt
[EPOCH 12/20] train_loss=0.029114 val_loss=0.027548 train_acc=0.994041 val_acc=0.994671 lr=0.0010 time=0.50s best_val=0.028248 patience_left=8
[CHECKPOINT] Saved best model at epoch 12 -> E:\HLC\data\outputs\cnn_lstm_fusion\Apose-IoT-23_binary\arch_ablation\cnn_lstm_fusion\Apose-IoT-23_binary\checks\best_ep12_fusion_no_gating_seed42.pt
[EPOCH 13/20] train_loss=0.025840 val_loss=0.026720 train_acc=0.994339 val_acc=0.994439 lr=0.0010 time=0.58s best_val=0.027548 patience_left=8
[CHECKPOINT] Saved best model at epoch 13 -> E:\HLC\data\outputs\cnn_lstm_fusion\Apose-IoT-23_binary\arch_ablation\cnn_lstm_fusion\Apose-IoT-23_binary\checks\best_ep13_fusion_no_gating_seed42.pt
[EPOCH 14/20] train_loss=0.026356 val_loss=0.027379 train_acc=0.994339 val_acc=0.993976 lr=0.0010 time=0.53s best_val=0.026720 patience_left=8
[EPOCH 15/20] train_loss=0.027996 val_loss=0.028314 train_acc=0.994289 val_acc=0.993049 lr=0.0010 time=0.50s best_val=0.026720 patience_left=7
[EPOCH 16/20] train_loss=0.027621 val_loss=0.027601 train_acc=0.994538 val_acc=0.994671 lr=0.0010 time=0.51s best_val=0.026720 patience_left=6
[EPOCH 17/20] train_loss=0.025827 val_loss=0.030845 train_acc=0.994786 val_acc=0.993976 lr=0.0010 time=0.53s best_val=0.026720 patience_left=5
[EPOCH 18/20] train_loss=0.025720 val_loss=0.034163 train_acc=0.994538 val_acc=0.992122 lr=0.0010 time=0.52s best_val=0.026720 patience_left=4
[EPOCH 19/20] train_loss=0.025390 val_loss=0.030749 train_acc=0.994587 val_acc=0.993513 lr=0.0010 time=0.50s best_val=0.026720 patience_left=3
[EPOCH 20/20] train_loss=0.023846 val_loss=0.026382 train_acc=0.994736 val_acc=0.994439 lr=0.0010 time=0.50s best_val=0.026720 patience_left=8
[CHECKPOINT] Saved best model at epoch 20 -> E:\HLC\data\outputs\cnn_lstm_fusion\Apose-IoT-23_binary\arch_ablation\cnn_lstm_fusion\Apose-IoT-23_binary\checks\best_ep20_fusion_no_gating_seed42.pt

[ARCH ABLATION] Evaluating Variant: Full Proposed Framework
[TRAIN] Dataset=Apose-IoT-23_binary | Classes=2 | InputDim=16 | Seed=42
[TRAIN] Model=Fusion (CNN+LSTM) | Params=169,858 | Device=cuda | Batch=256 | LR=0.001
[TRAIN] Epochs=20 | EarlyStop=8 | Optim=AdamW | Loss=CrossEntropy
[EPOCH 1/20] train_loss=0.485484 val_loss=0.179356 train_acc=0.759559 val_acc=0.980769 lr=0.0010 time=0.65s best_val=inf patience_left=8
[CHECKPOINT] Saved best model at epoch 1 -> E:\HLC\data\outputs\cnn_lstm_fusion\Apose-IoT-23_binary\arch_ablation\cnn_lstm_fusion\Apose-IoT-23_binary\checks\best_ep1_fusion_seed42.pt
[EPOCH 2/20] train_loss=0.101881 val_loss=0.058396 train_acc=0.980832 val_acc=0.989342 lr=0.0010 time=0.56s best_val=0.179356 patience_left=8
[CHECKPOINT] Saved best model at epoch 2 -> E:\HLC\data\outputs\cnn_lstm_fusion\Apose-IoT-23_binary\arch_ablation\cnn_lstm_fusion\Apose-IoT-23_binary\checks\best_ep2_fusion_seed42.pt
[EPOCH 3/20] train_loss=0.054662 val_loss=0.049372 train_acc=0.988331 val_acc=0.987257 lr=0.0010 time=0.54s best_val=0.058396 patience_left=8
[CHECKPOINT] Saved best model at epoch 3 -> E:\HLC\data\outputs\cnn_lstm_fusion\Apose-IoT-23_binary\arch_ablation\cnn_lstm_fusion\Apose-IoT-23_binary\checks\best_ep3_fusion_seed42.pt
[EPOCH 4/20] train_loss=0.050436 val_loss=0.062141 train_acc=0.988728 val_acc=0.988879 lr=0.0010 time=0.58s best_val=0.049372 patience_left=8
[EPOCH 5/20] train_loss=0.044513 val_loss=0.058539 train_acc=0.989522 val_acc=0.990269 lr=0.0010 time=0.58s best_val=0.049372 patience_left=7
[EPOCH 6/20] train_loss=0.042489 val_loss=0.042617 train_acc=0.990615 val_acc=0.989805 lr=0.0010 time=0.56s best_val=0.049372 patience_left=8
[CHECKPOINT] Saved best model at epoch 6 -> E:\HLC\data\outputs\cnn_lstm_fusion\Apose-IoT-23_binary\arch_ablation\cnn_lstm_fusion\Apose-IoT-23_binary\checks\best_ep6_fusion_seed42.pt
[EPOCH 7/20] train_loss=0.041827 val_loss=0.036605 train_acc=0.990416 val_acc=0.994208 lr=0.0010 time=0.53s best_val=0.042617 patience_left=8
[CHECKPOINT] Saved best model at epoch 7 -> E:\HLC\data\outputs\cnn_lstm_fusion\Apose-IoT-23_binary\arch_ablation\cnn_lstm_fusion\Apose-IoT-23_binary\checks\best_ep7_fusion_seed42.pt
[EPOCH 8/20] train_loss=0.034092 val_loss=0.050275 train_acc=0.992104 val_acc=0.989805 lr=0.0010 time=0.52s best_val=0.036605 patience_left=8
[EPOCH 9/20] train_loss=0.043210 val_loss=0.055182 train_acc=0.990565 val_acc=0.989805 lr=0.0010 time=0.56s best_val=0.036605 patience_left=7
[EPOCH 10/20] train_loss=0.034293 val_loss=0.043492 train_acc=0.991757 val_acc=0.993281 lr=0.0010 time=0.54s best_val=0.036605 patience_left=6
[EPOCH 11/20] train_loss=0.034180 val_loss=0.029872 train_acc=0.993197 val_acc=0.994439 lr=0.0010 time=0.53s best_val=0.036605 patience_left=8
[CHECKPOINT] Saved best model at epoch 11 -> E:\HLC\data\outputs\cnn_lstm_fusion\Apose-IoT-23_binary\arch_ablation\cnn_lstm_fusion\Apose-IoT-23_binary\checks\best_ep11_fusion_seed42.pt
[EPOCH 12/20] train_loss=0.042741 val_loss=0.041477 train_acc=0.991459 val_acc=0.990732 lr=0.0010 time=0.54s best_val=0.029872 patience_left=8
[EPOCH 13/20] train_loss=0.040059 val_loss=0.045865 train_acc=0.991658 val_acc=0.991659 lr=0.0010 time=0.54s best_val=0.029872 patience_left=7
[EPOCH 14/20] train_loss=0.037925 val_loss=0.057338 train_acc=0.992104 val_acc=0.990732 lr=0.0010 time=0.56s best_val=0.029872 patience_left=6
[EPOCH 15/20] train_loss=0.033252 val_loss=0.045031 train_acc=0.992551 val_acc=0.993976 lr=0.0010 time=0.54s best_val=0.029872 patience_left=5
[EPOCH 16/20] train_loss=0.028490 val_loss=0.035627 train_acc=0.994339 val_acc=0.993281 lr=0.0010 time=0.53s best_val=0.029872 patience_left=4
[EPOCH 17/20] train_loss=0.028962 val_loss=0.058164 train_acc=0.993991 val_acc=0.990037 lr=0.0010 time=0.53s best_val=0.029872 patience_left=3
[EPOCH 18/20] train_loss=0.029532 val_loss=0.044639 train_acc=0.993743 val_acc=0.992586 lr=0.0010 time=0.56s best_val=0.029872 patience_left=2
[EPOCH 19/20] train_loss=0.026454 val_loss=0.037463 train_acc=0.994488 val_acc=0.993281 lr=0.0010 time=0.55s best_val=0.029872 patience_left=1
[EARLY-STOP] No improvement after 8 epochs. Stopping.

[ARCH ABLATION COMPLETE] Summary saved to E:\HLC\data\outputs\cnn_lstm_fusion\Apose-IoT-23_binary\arch_ablation\architectural_ablation_summary.json
[DONE] Architectural ablation results saved to E:\HLC\data\outputs\cnn_lstm_fusion\Apose-IoT-23_binary\arch_ablation

==================== IDS EXPERIMENT CLI ====================
(1) Load & split dataset (persist)
(2) Load existing split (validate)
(3) Visualize features (EPS)
(4) Train model (save ckpt + curves + history CSV)
(5) Evaluate & plot performance (EPS + CSV/JSON)
(6) XAI (SHAP/LIME/ANOVA)
(7) Feature Ablation (user-selected feature subset)
(8) Architectural Ablation (CNN, BiLSTM, Fusion w/o Gating, Full)
(9) Evaluate (explicit)
(10) Inference (load_model → predict live CSV)
(q) Quit
============================================================

Select option: 8

[8] Architectural Ablation Study (CNN, BiLSTM, Fusion w/o Gating, Full Proposed Model)
Available splits: ['Apose-IoT-23_binary', 'Apose-IoT-23_multiclass', 'BoT-IoT_binary', 'BoT-IoT_multiclass', 'CIC-IoMT-2024_binary', 'CIC-IoMT-2024_multiclass', 'CIC-IoT-2025_binary', 'CIC-IoT-2025_multiclass']
Split key: Apose-IoT-23_multiclass

[ARCH ABLATION] Evaluating Variant: CNN Branch Only
[TRAIN] Dataset=Apose-IoT-23_multiclass | Classes=5 | InputDim=16 | Seed=42
[TRAIN] Model=Fusion (CNN+LSTM) | Params=170,053 | Device=cuda | Batch=256 | LR=0.001
[TRAIN] Epochs=20 | EarlyStop=8 | Optim=AdamW | Loss=CrossEntropy
[EPOCH 1/20] train_loss=0.946882 val_loss=1.203932 train_acc=0.732198 val_acc=0.732159 lr=0.0010 time=0.55s best_val=inf patience_left=8
[CHECKPOINT] Saved best model at epoch 1 -> E:\HLC\data\outputs\cnn_lstm_fusion\Apose-IoT-23_multiclass\arch_ablation\cnn_lstm_fusion\Apose-IoT-23_multiclass\checks\best_ep1_fusion_cnn_only_seed42.pt
[EPOCH 2/20] train_loss=0.600918 val_loss=1.141335 train_acc=0.732347 val_acc=0.731464 lr=0.0010 time=0.43s best_val=1.203932 patience_left=8
[CHECKPOINT] Saved best model at epoch 2 -> E:\HLC\data\outputs\cnn_lstm_fusion\Apose-IoT-23_multiclass\arch_ablation\cnn_lstm_fusion\Apose-IoT-23_multiclass\checks\best_ep2_fusion_cnn_only_seed42.pt
[EPOCH 3/20] train_loss=0.328880 val_loss=0.682676 train_acc=0.894081 val_acc=0.964319 lr=0.0010 time=0.43s best_val=1.141335 patience_left=8
[CHECKPOINT] Saved best model at epoch 3 -> E:\HLC\data\outputs\cnn_lstm_fusion\Apose-IoT-23_multiclass\arch_ablation\cnn_lstm_fusion\Apose-IoT-23_multiclass\checks\best_ep3_fusion_cnn_only_seed42.pt
[EPOCH 4/20] train_loss=0.130130 val_loss=0.314164 train_acc=0.964396 val_acc=0.970575 lr=0.0010 time=0.44s best_val=0.682676 patience_left=8
[CHECKPOINT] Saved best model at epoch 4 -> E:\HLC\data\outputs\cnn_lstm_fusion\Apose-IoT-23_multiclass\arch_ablation\cnn_lstm_fusion\Apose-IoT-23_multiclass\checks\best_ep4_fusion_cnn_only_seed42.pt
[EPOCH 5/20] train_loss=0.101748 val_loss=0.209887 train_acc=0.974129 val_acc=0.980538 lr=0.0010 time=0.40s best_val=0.314164 patience_left=8
[CHECKPOINT] Saved best model at epoch 5 -> E:\HLC\data\outputs\cnn_lstm_fusion\Apose-IoT-23_multiclass\arch_ablation\cnn_lstm_fusion\Apose-IoT-23_multiclass\checks\best_ep5_fusion_cnn_only_seed42.pt
[EPOCH 6/20] train_loss=0.093915 val_loss=0.125514 train_acc=0.975519 val_acc=0.977989 lr=0.0010 time=0.40s best_val=0.209887 patience_left=8
[CHECKPOINT] Saved best model at epoch 6 -> E:\HLC\data\outputs\cnn_lstm_fusion\Apose-IoT-23_multiclass\arch_ablation\cnn_lstm_fusion\Apose-IoT-23_multiclass\checks\best_ep6_fusion_cnn_only_seed42.pt
[EPOCH 7/20] train_loss=0.089206 val_loss=0.072362 train_acc=0.976562 val_acc=0.978221 lr=0.0010 time=0.41s best_val=0.125514 patience_left=8
[CHECKPOINT] Saved best model at epoch 7 -> E:\HLC\data\outputs\cnn_lstm_fusion\Apose-IoT-23_multiclass\arch_ablation\cnn_lstm_fusion\Apose-IoT-23_multiclass\checks\best_ep7_fusion_cnn_only_seed42.pt
[EPOCH 8/20] train_loss=0.084546 val_loss=0.073832 train_acc=0.977108 val_acc=0.978684 lr=0.0010 time=0.42s best_val=0.072362 patience_left=8
[EPOCH 9/20] train_loss=0.082622 val_loss=0.065490 train_acc=0.977555 val_acc=0.981464 lr=0.0010 time=0.43s best_val=0.072362 patience_left=8
[CHECKPOINT] Saved best model at epoch 9 -> E:\HLC\data\outputs\cnn_lstm_fusion\Apose-IoT-23_multiclass\arch_ablation\cnn_lstm_fusion\Apose-IoT-23_multiclass\checks\best_ep9_fusion_cnn_only_seed42.pt
[EPOCH 10/20] train_loss=0.077785 val_loss=0.066498 train_acc=0.978250 val_acc=0.979842 lr=0.0010 time=0.46s best_val=0.065490 patience_left=8
[EPOCH 11/20] train_loss=0.078082 val_loss=0.061468 train_acc=0.978896 val_acc=0.981928 lr=0.0010 time=0.48s best_val=0.065490 patience_left=8
[CHECKPOINT] Saved best model at epoch 11 -> E:\HLC\data\outputs\cnn_lstm_fusion\Apose-IoT-23_multiclass\arch_ablation\cnn_lstm_fusion\Apose-IoT-23_multiclass\checks\best_ep11_fusion_cnn_only_seed42.pt
[EPOCH 12/20] train_loss=0.072090 val_loss=0.062448 train_acc=0.979442 val_acc=0.980306 lr=0.0010 time=0.42s best_val=0.061468 patience_left=8
[EPOCH 13/20] train_loss=0.067573 val_loss=0.082125 train_acc=0.979938 val_acc=0.980074 lr=0.0010 time=0.45s best_val=0.061468 patience_left=7
[EPOCH 14/20] train_loss=0.066226 val_loss=0.145987 train_acc=0.980882 val_acc=0.979611 lr=0.0010 time=0.42s best_val=0.061468 patience_left=6
[EPOCH 15/20] train_loss=0.062718 val_loss=0.152681 train_acc=0.981279 val_acc=0.983086 lr=0.0010 time=0.42s best_val=0.061468 patience_left=5
[EPOCH 16/20] train_loss=0.058321 val_loss=0.145274 train_acc=0.983712 val_acc=0.986793 lr=0.0010 time=0.44s best_val=0.061468 patience_left=4
[EPOCH 17/20] train_loss=0.058149 val_loss=0.154122 train_acc=0.984904 val_acc=0.989110 lr=0.0010 time=0.43s best_val=0.061468 patience_left=3
[EPOCH 18/20] train_loss=0.054142 val_loss=0.158626 train_acc=0.986444 val_acc=0.987952 lr=0.0010 time=0.43s best_val=0.061468 patience_left=2
[EPOCH 19/20] train_loss=0.052639 val_loss=0.133150 train_acc=0.987486 val_acc=0.988184 lr=0.0010 time=0.42s best_val=0.061468 patience_left=1
[EARLY-STOP] No improvement after 8 epochs. Stopping.

[ARCH ABLATION] Evaluating Variant: BiLSTM Branch Only
[TRAIN] Dataset=Apose-IoT-23_multiclass | Classes=5 | InputDim=16 | Seed=42
[TRAIN] Model=Fusion (CNN+LSTM) | Params=170,053 | Device=cuda | Batch=256 | LR=0.001
[TRAIN] Epochs=20 | EarlyStop=8 | Optim=AdamW | Loss=CrossEntropy
[EPOCH 1/20] train_loss=1.151547 val_loss=0.653899 train_acc=0.732198 val_acc=0.732159 lr=0.0010 time=0.52s best_val=inf patience_left=8
[CHECKPOINT] Saved best model at epoch 1 -> E:\HLC\data\outputs\cnn_lstm_fusion\Apose-IoT-23_multiclass\arch_ablation\cnn_lstm_fusion\Apose-IoT-23_multiclass\checks\best_ep1_fusion_lstm_only_seed42.pt
[EPOCH 2/20] train_loss=0.540765 val_loss=0.378580 train_acc=0.737263 val_acc=0.917285 lr=0.0010 time=0.48s best_val=0.653899 patience_left=8
[CHECKPOINT] Saved best model at epoch 2 -> E:\HLC\data\outputs\cnn_lstm_fusion\Apose-IoT-23_multiclass\arch_ablation\cnn_lstm_fusion\Apose-IoT-23_multiclass\checks\best_ep2_fusion_lstm_only_seed42.pt
[EPOCH 3/20] train_loss=0.204292 val_loss=0.101589 train_acc=0.957940 val_acc=0.965709 lr=0.0010 time=0.45s best_val=0.378580 patience_left=8
[CHECKPOINT] Saved best model at epoch 3 -> E:\HLC\data\outputs\cnn_lstm_fusion\Apose-IoT-23_multiclass\arch_ablation\cnn_lstm_fusion\Apose-IoT-23_multiclass\checks\best_ep3_fusion_lstm_only_seed42.pt
[EPOCH 4/20] train_loss=0.103284 val_loss=0.085058 train_acc=0.969063 val_acc=0.976599 lr=0.0010 time=0.45s best_val=0.101589 patience_left=8
[CHECKPOINT] Saved best model at epoch 4 -> E:\HLC\data\outputs\cnn_lstm_fusion\Apose-IoT-23_multiclass\arch_ablation\cnn_lstm_fusion\Apose-IoT-23_multiclass\checks\best_ep4_fusion_lstm_only_seed42.pt
[EPOCH 5/20] train_loss=0.092462 val_loss=0.076241 train_acc=0.973533 val_acc=0.977294 lr=0.0010 time=0.48s best_val=0.085058 patience_left=8
[CHECKPOINT] Saved best model at epoch 5 -> E:\HLC\data\outputs\cnn_lstm_fusion\Apose-IoT-23_multiclass\arch_ablation\cnn_lstm_fusion\Apose-IoT-23_multiclass\checks\best_ep5_fusion_lstm_only_seed42.pt
[EPOCH 6/20] train_loss=0.083949 val_loss=0.072748 train_acc=0.974178 val_acc=0.977989 lr=0.0010 time=0.46s best_val=0.076241 patience_left=8
[CHECKPOINT] Saved best model at epoch 6 -> E:\HLC\data\outputs\cnn_lstm_fusion\Apose-IoT-23_multiclass\arch_ablation\cnn_lstm_fusion\Apose-IoT-23_multiclass\checks\best_ep6_fusion_lstm_only_seed42.pt
[EPOCH 7/20] train_loss=0.081830 val_loss=0.070494 train_acc=0.974724 val_acc=0.977525 lr=0.0010 time=0.51s best_val=0.072748 patience_left=8
[CHECKPOINT] Saved best model at epoch 7 -> E:\HLC\data\outputs\cnn_lstm_fusion\Apose-IoT-23_multiclass\arch_ablation\cnn_lstm_fusion\Apose-IoT-23_multiclass\checks\best_ep7_fusion_lstm_only_seed42.pt
[EPOCH 8/20] train_loss=0.077385 val_loss=0.062612 train_acc=0.975420 val_acc=0.978452 lr=0.0010 time=0.56s best_val=0.070494 patience_left=8
[CHECKPOINT] Saved best model at epoch 8 -> E:\HLC\data\outputs\cnn_lstm_fusion\Apose-IoT-23_multiclass\arch_ablation\cnn_lstm_fusion\Apose-IoT-23_multiclass\checks\best_ep8_fusion_lstm_only_seed42.pt
[EPOCH 9/20] train_loss=0.070596 val_loss=0.060546 train_acc=0.978200 val_acc=0.984476 lr=0.0010 time=0.51s best_val=0.062612 patience_left=8
[CHECKPOINT] Saved best model at epoch 9 -> E:\HLC\data\outputs\cnn_lstm_fusion\Apose-IoT-23_multiclass\arch_ablation\cnn_lstm_fusion\Apose-IoT-23_multiclass\checks\best_ep9_fusion_lstm_only_seed42.pt
[EPOCH 10/20] train_loss=0.066895 val_loss=0.053387 train_acc=0.980932 val_acc=0.984245 lr=0.0010 time=0.44s best_val=0.060546 patience_left=8
[CHECKPOINT] Saved best model at epoch 10 -> E:\HLC\data\outputs\cnn_lstm_fusion\Apose-IoT-23_multiclass\arch_ablation\cnn_lstm_fusion\Apose-IoT-23_multiclass\checks\best_ep10_fusion_lstm_only_seed42.pt
[EPOCH 11/20] train_loss=0.063638 val_loss=0.052917 train_acc=0.981726 val_acc=0.984245 lr=0.0010 time=0.49s best_val=0.053387 patience_left=8
[CHECKPOINT] Saved best model at epoch 11 -> E:\HLC\data\outputs\cnn_lstm_fusion\Apose-IoT-23_multiclass\arch_ablation\cnn_lstm_fusion\Apose-IoT-23_multiclass\checks\best_ep11_fusion_lstm_only_seed42.pt
[EPOCH 12/20] train_loss=0.058358 val_loss=0.046448 train_acc=0.983613 val_acc=0.987257 lr=0.0010 time=0.48s best_val=0.052917 patience_left=8
[CHECKPOINT] Saved best model at epoch 12 -> E:\HLC\data\outputs\cnn_lstm_fusion\Apose-IoT-23_multiclass\arch_ablation\cnn_lstm_fusion\Apose-IoT-23_multiclass\checks\best_ep12_fusion_lstm_only_seed42.pt
[EPOCH 13/20] train_loss=0.061276 val_loss=0.066169 train_acc=0.985401 val_acc=0.983550 lr=0.0010 time=0.49s best_val=0.046448 patience_left=8
[EPOCH 14/20] train_loss=0.070611 val_loss=0.056838 train_acc=0.983861 val_acc=0.987952 lr=0.0010 time=0.45s best_val=0.046448 patience_left=7
[EPOCH 15/20] train_loss=0.058799 val_loss=0.043958 train_acc=0.985401 val_acc=0.987720 lr=0.0010 time=0.43s best_val=0.046448 patience_left=8
[CHECKPOINT] Saved best model at epoch 15 -> E:\HLC\data\outputs\cnn_lstm_fusion\Apose-IoT-23_multiclass\arch_ablation\cnn_lstm_fusion\Apose-IoT-23_multiclass\checks\best_ep15_fusion_lstm_only_seed42.pt
[EPOCH 16/20] train_loss=0.048418 val_loss=0.039432 train_acc=0.988579 val_acc=0.991196 lr=0.0010 time=0.45s best_val=0.043958 patience_left=8
[CHECKPOINT] Saved best model at epoch 16 -> E:\HLC\data\outputs\cnn_lstm_fusion\Apose-IoT-23_multiclass\arch_ablation\cnn_lstm_fusion\Apose-IoT-23_multiclass\checks\best_ep16_fusion_lstm_only_seed42.pt
[EPOCH 17/20] train_loss=0.049510 val_loss=0.041166 train_acc=0.988777 val_acc=0.990037 lr=0.0010 time=0.45s best_val=0.039432 patience_left=8
[EPOCH 18/20] train_loss=0.066304 val_loss=0.051447 train_acc=0.985798 val_acc=0.991659 lr=0.0010 time=0.45s best_val=0.039432 patience_left=7
[EPOCH 19/20] train_loss=0.050505 val_loss=0.036962 train_acc=0.988877 val_acc=0.993744 lr=0.0010 time=0.44s best_val=0.039432 patience_left=8
[CHECKPOINT] Saved best model at epoch 19 -> E:\HLC\data\outputs\cnn_lstm_fusion\Apose-IoT-23_multiclass\arch_ablation\cnn_lstm_fusion\Apose-IoT-23_multiclass\checks\best_ep19_fusion_lstm_only_seed42.pt
[EPOCH 20/20] train_loss=0.053884 val_loss=0.038268 train_acc=0.988926 val_acc=0.993281 lr=0.0010 time=0.45s best_val=0.036962 patience_left=8

[ARCH ABLATION] Evaluating Variant: Fusion (w/o Attention Gating)
[TRAIN] Dataset=Apose-IoT-23_multiclass | Classes=5 | InputDim=16 | Seed=42
[TRAIN] Model=Fusion (CNN+LSTM) | Params=170,053 | Device=cuda | Batch=256 | LR=0.001
[TRAIN] Epochs=20 | EarlyStop=8 | Optim=AdamW | Loss=CrossEntropy
[EPOCH 1/20] train_loss=0.470417 val_loss=0.107265 train_acc=0.862946 val_acc=0.971501 lr=0.0010 time=0.64s best_val=inf patience_left=8
[CHECKPOINT] Saved best model at epoch 1 -> E:\HLC\data\outputs\cnn_lstm_fusion\Apose-IoT-23_multiclass\arch_ablation\cnn_lstm_fusion\Apose-IoT-23_multiclass\checks\best_ep1_fusion_no_gating_seed42.pt
[EPOCH 2/20] train_loss=0.102556 val_loss=0.123938 train_acc=0.972937 val_acc=0.986562 lr=0.0010 time=0.55s best_val=0.107265 patience_left=8
[EPOCH 3/20] train_loss=0.080988 val_loss=0.143223 train_acc=0.979740 val_acc=0.983318 lr=0.0010 time=0.50s best_val=0.107265 patience_left=7
[EPOCH 4/20] train_loss=0.069787 val_loss=0.226770 train_acc=0.982968 val_acc=0.987952 lr=0.0010 time=0.55s best_val=0.107265 patience_left=6
[EPOCH 5/20] train_loss=0.061494 val_loss=0.226109 train_acc=0.985401 val_acc=0.987257 lr=0.0010 time=0.52s best_val=0.107265 patience_left=5
[EPOCH 6/20] train_loss=0.053624 val_loss=0.204748 train_acc=0.987834 val_acc=0.988647 lr=0.0010 time=0.52s best_val=0.107265 patience_left=4
[EPOCH 7/20] train_loss=0.049294 val_loss=0.311631 train_acc=0.989125 val_acc=0.993513 lr=0.0010 time=0.51s best_val=0.107265 patience_left=3
[EPOCH 8/20] train_loss=0.047758 val_loss=0.276040 train_acc=0.989075 val_acc=0.991196 lr=0.0010 time=0.53s best_val=0.107265 patience_left=2
[EPOCH 9/20] train_loss=0.044210 val_loss=0.232004 train_acc=0.989622 val_acc=0.991196 lr=0.0010 time=0.53s best_val=0.107265 patience_left=1
[EARLY-STOP] No improvement after 8 epochs. Stopping.

[ARCH ABLATION] Evaluating Variant: Full Proposed Framework
[TRAIN] Dataset=Apose-IoT-23_multiclass | Classes=5 | InputDim=16 | Seed=42
[TRAIN] Model=Fusion (CNN+LSTM) | Params=170,053 | Device=cuda | Batch=256 | LR=0.001
[TRAIN] Epochs=20 | EarlyStop=8 | Optim=AdamW | Loss=CrossEntropy
[EPOCH 1/20] train_loss=0.945610 val_loss=1.187567 train_acc=0.732198 val_acc=0.732159 lr=0.0010 time=0.69s best_val=inf patience_left=8
[CHECKPOINT] Saved best model at epoch 1 -> E:\HLC\data\outputs\cnn_lstm_fusion\Apose-IoT-23_multiclass\arch_ablation\cnn_lstm_fusion\Apose-IoT-23_multiclass\checks\best_ep1_fusion_seed42.pt
[EPOCH 2/20] train_loss=0.499871 val_loss=0.605242 train_acc=0.806386 val_acc=0.960148 lr=0.0010 time=0.57s best_val=1.187567 patience_left=8
[CHECKPOINT] Saved best model at epoch 2 -> E:\HLC\data\outputs\cnn_lstm_fusion\Apose-IoT-23_multiclass\arch_ablation\cnn_lstm_fusion\Apose-IoT-23_multiclass\checks\best_ep2_fusion_seed42.pt
[EPOCH 3/20] train_loss=0.171043 val_loss=0.363093 train_acc=0.960224 val_acc=0.964087 lr=0.0010 time=0.56s best_val=0.605242 patience_left=8
[CHECKPOINT] Saved best model at epoch 3 -> E:\HLC\data\outputs\cnn_lstm_fusion\Apose-IoT-23_multiclass\arch_ablation\cnn_lstm_fusion\Apose-IoT-23_multiclass\checks\best_ep3_fusion_seed42.pt
[EPOCH 4/20] train_loss=0.117331 val_loss=0.170374 train_acc=0.963403 val_acc=0.964319 lr=0.0010 time=0.55s best_val=0.363093 patience_left=8
[CHECKPOINT] Saved best model at epoch 4 -> E:\HLC\data\outputs\cnn_lstm_fusion\Apose-IoT-23_multiclass\arch_ablation\cnn_lstm_fusion\Apose-IoT-23_multiclass\checks\best_ep4_fusion_seed42.pt
[EPOCH 5/20] train_loss=0.096120 val_loss=0.087939 train_acc=0.966432 val_acc=0.973355 lr=0.0010 time=0.57s best_val=0.170374 patience_left=8
[CHECKPOINT] Saved best model at epoch 5 -> E:\HLC\data\outputs\cnn_lstm_fusion\Apose-IoT-23_multiclass\arch_ablation\cnn_lstm_fusion\Apose-IoT-23_multiclass\checks\best_ep5_fusion_seed42.pt
[EPOCH 6/20] train_loss=0.086692 val_loss=0.099638 train_acc=0.971993 val_acc=0.982391 lr=0.0010 time=0.58s best_val=0.087939 patience_left=8
[EPOCH 7/20] train_loss=0.079998 val_loss=0.063341 train_acc=0.974526 val_acc=0.982623 lr=0.0010 time=0.56s best_val=0.087939 patience_left=8
[CHECKPOINT] Saved best model at epoch 7 -> E:\HLC\data\outputs\cnn_lstm_fusion\Apose-IoT-23_multiclass\arch_ablation\cnn_lstm_fusion\Apose-IoT-23_multiclass\checks\best_ep7_fusion_seed42.pt
[EPOCH 8/20] train_loss=0.072744 val_loss=0.088283 train_acc=0.976959 val_acc=0.979379 lr=0.0010 time=0.56s best_val=0.063341 patience_left=8
[EPOCH 9/20] train_loss=0.069256 val_loss=0.064895 train_acc=0.977853 val_acc=0.980538 lr=0.0010 time=0.58s best_val=0.063341 patience_left=7
[EPOCH 10/20] train_loss=0.064624 val_loss=0.062577 train_acc=0.978647 val_acc=0.979611 lr=0.0010 time=0.57s best_val=0.063341 patience_left=8
[CHECKPOINT] Saved best model at epoch 10 -> E:\HLC\data\outputs\cnn_lstm_fusion\Apose-IoT-23_multiclass\arch_ablation\cnn_lstm_fusion\Apose-IoT-23_multiclass\checks\best_ep10_fusion_seed42.pt
[EPOCH 11/20] train_loss=0.061971 val_loss=0.059456 train_acc=0.979541 val_acc=0.980769 lr=0.0010 time=0.64s best_val=0.062577 patience_left=8
[CHECKPOINT] Saved best model at epoch 11 -> E:\HLC\data\outputs\cnn_lstm_fusion\Apose-IoT-23_multiclass\arch_ablation\cnn_lstm_fusion\Apose-IoT-23_multiclass\checks\best_ep11_fusion_seed42.pt
[EPOCH 12/20] train_loss=0.066332 val_loss=0.063393 train_acc=0.981329 val_acc=0.985867 lr=0.0010 time=0.68s best_val=0.059456 patience_left=8
[EPOCH 13/20] train_loss=0.057190 val_loss=0.082233 train_acc=0.984656 val_acc=0.988415 lr=0.0010 time=0.63s best_val=0.059456 patience_left=7
[EPOCH 14/20] train_loss=0.052487 val_loss=0.063742 train_acc=0.986195 val_acc=0.988647 lr=0.0010 time=0.64s best_val=0.059456 patience_left=6
[EPOCH 15/20] train_loss=0.051824 val_loss=0.064522 train_acc=0.986344 val_acc=0.987952 lr=0.0010 time=0.64s best_val=0.059456 patience_left=5
[EPOCH 16/20] train_loss=0.050450 val_loss=0.066573 train_acc=0.986046 val_acc=0.988647 lr=0.0010 time=0.64s best_val=0.059456 patience_left=4
[EPOCH 17/20] train_loss=0.049699 val_loss=0.042694 train_acc=0.986642 val_acc=0.987257 lr=0.0010 time=0.66s best_val=0.059456 patience_left=8
[CHECKPOINT] Saved best model at epoch 17 -> E:\HLC\data\outputs\cnn_lstm_fusion\Apose-IoT-23_multiclass\arch_ablation\cnn_lstm_fusion\Apose-IoT-23_multiclass\checks\best_ep17_fusion_seed42.pt
[EPOCH 18/20] train_loss=0.048311 val_loss=0.121109 train_acc=0.987139 val_acc=0.988415 lr=0.0010 time=0.70s best_val=0.042694 patience_left=8
[EPOCH 19/20] train_loss=0.047452 val_loss=0.069956 train_acc=0.987834 val_acc=0.988879 lr=0.0010 time=0.61s best_val=0.042694 patience_left=7
[EPOCH 20/20] train_loss=0.045504 val_loss=0.091906 train_acc=0.987536 val_acc=0.986330 lr=0.0010 time=0.67s best_val=0.042694 patience_left=6

[ARCH ABLATION COMPLETE] Summary saved to E:\HLC\data\outputs\cnn_lstm_fusion\Apose-IoT-23_multiclass\arch_ablation\architectural_ablation_summary.json
[DONE] Architectural ablation results saved to E:\HLC\data\outputs\cnn_lstm_fusion\Apose-IoT-23_multiclass\arch_ablation

==================== IDS EXPERIMENT CLI ====================
(1) Load & split dataset (persist)
(2) Load existing split (validate)
(3) Visualize features (EPS)
(4) Train model (save ckpt + curves + history CSV)
(5) Evaluate & plot performance (EPS + CSV/JSON)
(6) XAI (SHAP/LIME/ANOVA)
(7) Feature Ablation (user-selected feature subset)
(8) Architectural Ablation (CNN, BiLSTM, Fusion w/o Gating, Full)
(9) Evaluate (explicit)
(10) Inference (load_model → predict live CSV)
(q) Quit
============================================================

Select option: 8

[8] Architectural Ablation Study (CNN, BiLSTM, Fusion w/o Gating, Full Proposed Model)
Available splits: ['Apose-IoT-23_binary', 'Apose-IoT-23_multiclass', 'BoT-IoT_binary', 'BoT-IoT_multiclass', 'CIC-IoMT-2024_binary', 'CIC-IoMT-2024_multiclass', 'CIC-IoT-2025_binary', 'CIC-IoT-2025_multiclass']
Split key: CIC-IoT-2025_binary

[ARCH ABLATION] Evaluating Variant: CNN Branch Only
[TRAIN] Dataset=CIC-IoT-2025_binary | Classes=2 | InputDim=84 | Seed=42
[TRAIN] Model=Fusion (CNN+LSTM) | Params=187,266 | Device=cuda | Batch=256 | LR=0.001
[TRAIN] Epochs=20 | EarlyStop=8 | Optim=AdamW | Loss=CrossEntropy
[EPOCH 1/20] train_loss=0.135185 val_loss=0.078042 train_acc=0.947593 val_acc=0.973204 lr=0.0010 time=6.59s best_val=inf patience_left=8
[CHECKPOINT] Saved best model at epoch 1 -> E:\HLC\data\outputs\cnn_lstm_fusion\CIC-IoT-2025_binary\arch_ablation\cnn_lstm_fusion\CIC-IoT-2025_binary\checks\best_ep1_fusion_cnn_only_seed42.pt
[EPOCH 2/20] train_loss=0.073147 val_loss=0.057802 train_acc=0.975315 val_acc=0.980397 lr=0.0010 time=6.49s best_val=0.078042 patience_left=8
[CHECKPOINT] Saved best model at epoch 2 -> E:\HLC\data\outputs\cnn_lstm_fusion\CIC-IoT-2025_binary\arch_ablation\cnn_lstm_fusion\CIC-IoT-2025_binary\checks\best_ep2_fusion_cnn_only_seed42.pt
[EPOCH 3/20] train_loss=0.060457 val_loss=0.056051 train_acc=0.980068 val_acc=0.981292 lr=0.0010 time=6.48s best_val=0.057802 patience_left=8
[CHECKPOINT] Saved best model at epoch 3 -> E:\HLC\data\outputs\cnn_lstm_fusion\CIC-IoT-2025_binary\arch_ablation\cnn_lstm_fusion\CIC-IoT-2025_binary\checks\best_ep3_fusion_cnn_only_seed42.pt
[EPOCH 4/20] train_loss=0.057124 val_loss=0.051930 train_acc=0.981054 val_acc=0.982141 lr=0.0010 time=6.94s best_val=0.056051 patience_left=8
[CHECKPOINT] Saved best model at epoch 4 -> E:\HLC\data\outputs\cnn_lstm_fusion\CIC-IoT-2025_binary\arch_ablation\cnn_lstm_fusion\CIC-IoT-2025_binary\checks\best_ep4_fusion_cnn_only_seed42.pt
[EPOCH 5/20] train_loss=0.053078 val_loss=0.048185 train_acc=0.982337 val_acc=0.983546 lr=0.0010 time=7.28s best_val=0.051930 patience_left=8
[CHECKPOINT] Saved best model at epoch 5 -> E:\HLC\data\outputs\cnn_lstm_fusion\CIC-IoT-2025_binary\arch_ablation\cnn_lstm_fusion\CIC-IoT-2025_binary\checks\best_ep5_fusion_cnn_only_seed42.pt
[EPOCH 6/20] train_loss=0.051193 val_loss=0.049414 train_acc=0.982926 val_acc=0.983191 lr=0.0010 time=7.28s best_val=0.048185 patience_left=8
[EPOCH 7/20] train_loss=0.047887 val_loss=0.045802 train_acc=0.983640 val_acc=0.984503 lr=0.0010 time=6.79s best_val=0.048185 patience_left=8
[CHECKPOINT] Saved best model at epoch 7 -> E:\HLC\data\outputs\cnn_lstm_fusion\CIC-IoT-2025_binary\arch_ablation\cnn_lstm_fusion\CIC-IoT-2025_binary\checks\best_ep7_fusion_cnn_only_seed42.pt
[EPOCH 8/20] train_loss=0.045551 val_loss=0.045458 train_acc=0.984394 val_acc=0.984148 lr=0.0010 time=7.05s best_val=0.045802 patience_left=8
[CHECKPOINT] Saved best model at epoch 8 -> E:\HLC\data\outputs\cnn_lstm_fusion\CIC-IoT-2025_binary\arch_ablation\cnn_lstm_fusion\CIC-IoT-2025_binary\checks\best_ep8_fusion_cnn_only_seed42.pt
[EPOCH 9/20] train_loss=0.046005 val_loss=0.045329 train_acc=0.984527 val_acc=0.984827 lr=0.0010 time=7.17s best_val=0.045458 patience_left=8
[CHECKPOINT] Saved best model at epoch 9 -> E:\HLC\data\outputs\cnn_lstm_fusion\CIC-IoT-2025_binary\arch_ablation\cnn_lstm_fusion\CIC-IoT-2025_binary\checks\best_ep9_fusion_cnn_only_seed42.pt
[EPOCH 10/20] train_loss=0.043654 val_loss=0.043261 train_acc=0.985149 val_acc=0.985120 lr=0.0010 time=6.74s best_val=0.045329 patience_left=8
[CHECKPOINT] Saved best model at epoch 10 -> E:\HLC\data\outputs\cnn_lstm_fusion\CIC-IoT-2025_binary\arch_ablation\cnn_lstm_fusion\CIC-IoT-2025_binary\checks\best_ep10_fusion_cnn_only_seed42.pt
[EPOCH 11/20] train_loss=0.042744 val_loss=0.045838 train_acc=0.985423 val_acc=0.984595 lr=0.0010 time=6.82s best_val=0.043261 patience_left=8
[EPOCH 12/20] train_loss=0.041846 val_loss=0.041962 train_acc=0.985688 val_acc=0.985552 lr=0.0010 time=6.93s best_val=0.043261 patience_left=8
[CHECKPOINT] Saved best model at epoch 12 -> E:\HLC\data\outputs\cnn_lstm_fusion\CIC-IoT-2025_binary\arch_ablation\cnn_lstm_fusion\CIC-IoT-2025_binary\checks\best_ep12_fusion_cnn_only_seed42.pt
[EPOCH 13/20] train_loss=0.040897 val_loss=0.041049 train_acc=0.985906 val_acc=0.985398 lr=0.0010 time=6.99s best_val=0.041962 patience_left=8
[CHECKPOINT] Saved best model at epoch 13 -> E:\HLC\data\outputs\cnn_lstm_fusion\CIC-IoT-2025_binary\arch_ablation\cnn_lstm_fusion\CIC-IoT-2025_binary\checks\best_ep13_fusion_cnn_only_seed42.pt
[EPOCH 14/20] train_loss=0.042453 val_loss=0.042780 train_acc=0.985658 val_acc=0.985197 lr=0.0010 time=7.00s best_val=0.041049 patience_left=8
[EPOCH 15/20] train_loss=0.041521 val_loss=0.070550 train_acc=0.985906 val_acc=0.971135 lr=0.0010 time=7.20s best_val=0.041049 patience_left=7
[EPOCH 16/20] train_loss=0.040364 val_loss=0.042243 train_acc=0.986283 val_acc=0.985861 lr=0.0010 time=6.91s best_val=0.041049 patience_left=6
[EPOCH 17/20] train_loss=0.040335 val_loss=0.042901 train_acc=0.986372 val_acc=0.985027 lr=0.0010 time=7.05s best_val=0.041049 patience_left=5
[EPOCH 18/20] train_loss=0.039216 val_loss=0.039108 train_acc=0.986472 val_acc=0.986556 lr=0.0010 time=6.90s best_val=0.041049 patience_left=8
[CHECKPOINT] Saved best model at epoch 18 -> E:\HLC\data\outputs\cnn_lstm_fusion\CIC-IoT-2025_binary\arch_ablation\cnn_lstm_fusion\CIC-IoT-2025_binary\checks\best_ep18_fusion_cnn_only_seed42.pt
[EPOCH 19/20] train_loss=0.039367 val_loss=0.039980 train_acc=0.986637 val_acc=0.986648 lr=0.0010 time=6.90s best_val=0.039108 patience_left=8
[EPOCH 20/20] train_loss=0.038832 val_loss=0.039380 train_acc=0.986690 val_acc=0.986386 lr=0.0010 time=7.04s best_val=0.039108 patience_left=7

[ARCH ABLATION] Evaluating Variant: BiLSTM Branch Only
[TRAIN] Dataset=CIC-IoT-2025_binary | Classes=2 | InputDim=84 | Seed=42
[TRAIN] Model=Fusion (CNN+LSTM) | Params=187,266 | Device=cuda | Batch=256 | LR=0.001
[TRAIN] Epochs=20 | EarlyStop=8 | Optim=AdamW | Loss=CrossEntropy
[EPOCH 1/20] train_loss=0.159207 val_loss=0.081103 train_acc=0.938990 val_acc=0.971089 lr=0.0010 time=7.55s best_val=inf patience_left=8
[CHECKPOINT] Saved best model at epoch 1 -> E:\HLC\data\outputs\cnn_lstm_fusion\CIC-IoT-2025_binary\arch_ablation\cnn_lstm_fusion\CIC-IoT-2025_binary\checks\best_ep1_fusion_lstm_only_seed42.pt
[EPOCH 2/20] train_loss=0.073882 val_loss=0.059683 train_acc=0.975159 val_acc=0.979594 lr=0.0010 time=7.29s best_val=0.081103 patience_left=8
[CHECKPOINT] Saved best model at epoch 2 -> E:\HLC\data\outputs\cnn_lstm_fusion\CIC-IoT-2025_binary\arch_ablation\cnn_lstm_fusion\CIC-IoT-2025_binary\checks\best_ep2_fusion_lstm_only_seed42.pt
[EPOCH 3/20] train_loss=0.069983 val_loss=0.077914 train_acc=0.977041 val_acc=0.974994 lr=0.0010 time=7.51s best_val=0.059683 patience_left=8
[EPOCH 4/20] train_loss=0.057427 val_loss=0.052945 train_acc=0.980855 val_acc=0.982079 lr=0.0010 time=7.54s best_val=0.059683 patience_left=8
[CHECKPOINT] Saved best model at epoch 4 -> E:\HLC\data\outputs\cnn_lstm_fusion\CIC-IoT-2025_binary\arch_ablation\cnn_lstm_fusion\CIC-IoT-2025_binary\checks\best_ep4_fusion_lstm_only_seed42.pt
[EPOCH 5/20] train_loss=0.051598 val_loss=0.049280 train_acc=0.982321 val_acc=0.982959 lr=0.0010 time=7.60s best_val=0.052945 patience_left=8
[CHECKPOINT] Saved best model at epoch 5 -> E:\HLC\data\outputs\cnn_lstm_fusion\CIC-IoT-2025_binary\arch_ablation\cnn_lstm_fusion\CIC-IoT-2025_binary\checks\best_ep5_fusion_lstm_only_seed42.pt
[EPOCH 6/20] train_loss=0.048949 val_loss=0.048232 train_acc=0.983336 val_acc=0.983345 lr=0.0010 time=7.30s best_val=0.049280 patience_left=8
[CHECKPOINT] Saved best model at epoch 6 -> E:\HLC\data\outputs\cnn_lstm_fusion\CIC-IoT-2025_binary\arch_ablation\cnn_lstm_fusion\CIC-IoT-2025_binary\checks\best_ep6_fusion_lstm_only_seed42.pt
[EPOCH 7/20] train_loss=0.048790 val_loss=0.045363 train_acc=0.983773 val_acc=0.984611 lr=0.0010 time=7.38s best_val=0.048232 patience_left=8
[CHECKPOINT] Saved best model at epoch 7 -> E:\HLC\data\outputs\cnn_lstm_fusion\CIC-IoT-2025_binary\arch_ablation\cnn_lstm_fusion\CIC-IoT-2025_binary\checks\best_ep7_fusion_lstm_only_seed42.pt
[EPOCH 8/20] train_loss=0.044428 val_loss=0.047884 train_acc=0.984881 val_acc=0.983283 lr=0.0010 time=7.36s best_val=0.045363 patience_left=8
[EPOCH 9/20] train_loss=0.043042 val_loss=0.043043 train_acc=0.985066 val_acc=0.985367 lr=0.0010 time=7.66s best_val=0.045363 patience_left=8
[CHECKPOINT] Saved best model at epoch 9 -> E:\HLC\data\outputs\cnn_lstm_fusion\CIC-IoT-2025_binary\arch_ablation\cnn_lstm_fusion\CIC-IoT-2025_binary\checks\best_ep9_fusion_lstm_only_seed42.pt
[EPOCH 10/20] train_loss=0.044746 val_loss=0.042574 train_acc=0.985069 val_acc=0.985938 lr=0.0010 time=7.57s best_val=0.043043 patience_left=8
[CHECKPOINT] Saved best model at epoch 10 -> E:\HLC\data\outputs\cnn_lstm_fusion\CIC-IoT-2025_binary\arch_ablation\cnn_lstm_fusion\CIC-IoT-2025_binary\checks\best_ep10_fusion_lstm_only_seed42.pt
[EPOCH 11/20] train_loss=0.042666 val_loss=0.040670 train_acc=0.985499 val_acc=0.985876 lr=0.0010 time=7.47s best_val=0.042574 patience_left=8
[CHECKPOINT] Saved best model at epoch 11 -> E:\HLC\data\outputs\cnn_lstm_fusion\CIC-IoT-2025_binary\arch_ablation\cnn_lstm_fusion\CIC-IoT-2025_binary\checks\best_ep11_fusion_lstm_only_seed42.pt
[EPOCH 12/20] train_loss=0.040992 val_loss=0.041534 train_acc=0.986032 val_acc=0.985583 lr=0.0010 time=7.21s best_val=0.040670 patience_left=8
[EPOCH 13/20] train_loss=0.040463 val_loss=0.042140 train_acc=0.986164 val_acc=0.985058 lr=0.0010 time=7.37s best_val=0.040670 patience_left=7
[EPOCH 14/20] train_loss=0.040488 val_loss=0.044033 train_acc=0.986164 val_acc=0.984935 lr=0.0010 time=7.27s best_val=0.040670 patience_left=6
[EPOCH 15/20] train_loss=0.041093 val_loss=0.039714 train_acc=0.986343 val_acc=0.986432 lr=0.0010 time=7.26s best_val=0.040670 patience_left=8
[CHECKPOINT] Saved best model at epoch 15 -> E:\HLC\data\outputs\cnn_lstm_fusion\CIC-IoT-2025_binary\arch_ablation\cnn_lstm_fusion\CIC-IoT-2025_binary\checks\best_ep15_fusion_lstm_only_seed42.pt
[EPOCH 16/20] train_loss=0.039869 val_loss=0.041488 train_acc=0.986617 val_acc=0.986108 lr=0.0010 time=7.23s best_val=0.039714 patience_left=8
[EPOCH 17/20] train_loss=0.039459 val_loss=0.040395 train_acc=0.986472 val_acc=0.985954 lr=0.0010 time=7.54s best_val=0.039714 patience_left=7
[EPOCH 18/20] train_loss=0.038742 val_loss=0.046954 train_acc=0.986806 val_acc=0.983700 lr=0.0010 time=8.07s best_val=0.039714 patience_left=6
[EPOCH 19/20] train_loss=0.039597 val_loss=0.041708 train_acc=0.986617 val_acc=0.986077 lr=0.0010 time=7.30s best_val=0.039714 patience_left=5
[EPOCH 20/20] train_loss=0.038022 val_loss=0.039151 train_acc=0.986918 val_acc=0.986571 lr=0.0010 time=7.94s best_val=0.039714 patience_left=8
[CHECKPOINT] Saved best model at epoch 20 -> E:\HLC\data\outputs\cnn_lstm_fusion\CIC-IoT-2025_binary\arch_ablation\cnn_lstm_fusion\CIC-IoT-2025_binary\checks\best_ep20_fusion_lstm_only_seed42.pt

[ARCH ABLATION] Evaluating Variant: Fusion (w/o Attention Gating)
[TRAIN] Dataset=CIC-IoT-2025_binary | Classes=2 | InputDim=84 | Seed=42
[TRAIN] Model=Fusion (CNN+LSTM) | Params=187,266 | Device=cuda | Batch=256 | LR=0.001
[TRAIN] Epochs=20 | EarlyStop=8 | Optim=AdamW | Loss=CrossEntropy
[EPOCH 1/20] train_loss=0.113471 val_loss=0.085369 train_acc=0.959484 val_acc=0.966397 lr=0.0010 time=8.36s best_val=inf patience_left=8
[CHECKPOINT] Saved best model at epoch 1 -> E:\HLC\data\outputs\cnn_lstm_fusion\CIC-IoT-2025_binary\arch_ablation\cnn_lstm_fusion\CIC-IoT-2025_binary\checks\best_ep1_fusion_no_gating_seed42.pt
[EPOCH 2/20] train_loss=0.062174 val_loss=0.053707 train_acc=0.978993 val_acc=0.981091 lr=0.0010 time=8.28s best_val=0.085369 patience_left=8
[CHECKPOINT] Saved best model at epoch 2 -> E:\HLC\data\outputs\cnn_lstm_fusion\CIC-IoT-2025_binary\arch_ablation\cnn_lstm_fusion\CIC-IoT-2025_binary\checks\best_ep2_fusion_no_gating_seed42.pt
[EPOCH 3/20] train_loss=0.054877 val_loss=0.050449 train_acc=0.981368 val_acc=0.982774 lr=0.0010 time=8.47s best_val=0.053707 patience_left=8
[CHECKPOINT] Saved best model at epoch 3 -> E:\HLC\data\outputs\cnn_lstm_fusion\CIC-IoT-2025_binary\arch_ablation\cnn_lstm_fusion\CIC-IoT-2025_binary\checks\best_ep3_fusion_no_gating_seed42.pt
[EPOCH 4/20] train_loss=0.049907 val_loss=0.047311 train_acc=0.982787 val_acc=0.983407 lr=0.0010 time=8.75s best_val=0.050449 patience_left=8
[CHECKPOINT] Saved best model at epoch 4 -> E:\HLC\data\outputs\cnn_lstm_fusion\CIC-IoT-2025_binary\arch_ablation\cnn_lstm_fusion\CIC-IoT-2025_binary\checks\best_ep4_fusion_no_gating_seed42.pt
[EPOCH 5/20] train_loss=0.046493 val_loss=0.045358 train_acc=0.983951 val_acc=0.984148 lr=0.0010 time=8.42s best_val=0.047311 patience_left=8
[CHECKPOINT] Saved best model at epoch 5 -> E:\HLC\data\outputs\cnn_lstm_fusion\CIC-IoT-2025_binary\arch_ablation\cnn_lstm_fusion\CIC-IoT-2025_binary\checks\best_ep5_fusion_no_gating_seed42.pt
[EPOCH 6/20] train_loss=0.044064 val_loss=0.043622 train_acc=0.984940 val_acc=0.984333 lr=0.0010 time=8.41s best_val=0.045358 patience_left=8
[CHECKPOINT] Saved best model at epoch 6 -> E:\HLC\data\outputs\cnn_lstm_fusion\CIC-IoT-2025_binary\arch_ablation\cnn_lstm_fusion\CIC-IoT-2025_binary\checks\best_ep6_fusion_no_gating_seed42.pt
[EPOCH 7/20] train_loss=0.043560 val_loss=0.042327 train_acc=0.985149 val_acc=0.985614 lr=0.0010 time=8.50s best_val=0.043622 patience_left=8
[CHECKPOINT] Saved best model at epoch 7 -> E:\HLC\data\outputs\cnn_lstm_fusion\CIC-IoT-2025_binary\arch_ablation\cnn_lstm_fusion\CIC-IoT-2025_binary\checks\best_ep7_fusion_no_gating_seed42.pt
[EPOCH 8/20] train_loss=0.041956 val_loss=0.043345 train_acc=0.985625 val_acc=0.984703 lr=0.0010 time=8.58s best_val=0.042327 patience_left=8
[EPOCH 9/20] train_loss=0.041359 val_loss=0.213080 train_acc=0.985754 val_acc=0.958648 lr=0.0010 time=8.43s best_val=0.042327 patience_left=7
[EPOCH 10/20] train_loss=0.041180 val_loss=0.040427 train_acc=0.985956 val_acc=0.986401 lr=0.0010 time=8.99s best_val=0.042327 patience_left=8
[CHECKPOINT] Saved best model at epoch 10 -> E:\HLC\data\outputs\cnn_lstm_fusion\CIC-IoT-2025_binary\arch_ablation\cnn_lstm_fusion\CIC-IoT-2025_binary\checks\best_ep10_fusion_no_gating_seed42.pt
[EPOCH 11/20] train_loss=0.039434 val_loss=0.040521 train_acc=0.986488 val_acc=0.985876 lr=0.0010 time=9.44s best_val=0.040427 patience_left=8
[EPOCH 12/20] train_loss=0.040613 val_loss=0.038973 train_acc=0.986243 val_acc=0.986370 lr=0.0010 time=9.07s best_val=0.040427 patience_left=8
[CHECKPOINT] Saved best model at epoch 12 -> E:\HLC\data\outputs\cnn_lstm_fusion\CIC-IoT-2025_binary\arch_ablation\cnn_lstm_fusion\CIC-IoT-2025_binary\checks\best_ep12_fusion_no_gating_seed42.pt
[EPOCH 13/20] train_loss=0.039092 val_loss=0.038043 train_acc=0.986611 val_acc=0.986694 lr=0.0010 time=8.29s best_val=0.038973 patience_left=8
[CHECKPOINT] Saved best model at epoch 13 -> E:\HLC\data\outputs\cnn_lstm_fusion\CIC-IoT-2025_binary\arch_ablation\cnn_lstm_fusion\CIC-IoT-2025_binary\checks\best_ep13_fusion_no_gating_seed42.pt
[EPOCH 14/20] train_loss=0.038363 val_loss=0.040432 train_acc=0.986902 val_acc=0.985954 lr=0.0010 time=8.31s best_val=0.038043 patience_left=8
[EPOCH 15/20] train_loss=0.038391 val_loss=0.068930 train_acc=0.986971 val_acc=0.978869 lr=0.0010 time=8.43s best_val=0.038043 patience_left=7
[EPOCH 16/20] train_loss=0.038766 val_loss=0.039482 train_acc=0.986878 val_acc=0.986617 lr=0.0010 time=8.35s best_val=0.038043 patience_left=6
[EPOCH 17/20] train_loss=0.037785 val_loss=0.038068 train_acc=0.986988 val_acc=0.987049 lr=0.0010 time=8.29s best_val=0.038043 patience_left=5
[EPOCH 18/20] train_loss=0.037209 val_loss=0.037504 train_acc=0.987381 val_acc=0.987404 lr=0.0010 time=8.77s best_val=0.038043 patience_left=8
[CHECKPOINT] Saved best model at epoch 18 -> E:\HLC\data\outputs\cnn_lstm_fusion\CIC-IoT-2025_binary\arch_ablation\cnn_lstm_fusion\CIC-IoT-2025_binary\checks\best_ep18_fusion_no_gating_seed42.pt
[EPOCH 19/20] train_loss=0.038014 val_loss=0.040632 train_acc=0.987067 val_acc=0.986324 lr=0.0010 time=8.28s best_val=0.037504 patience_left=8
[EPOCH 20/20] train_loss=0.037167 val_loss=0.038154 train_acc=0.987203 val_acc=0.987219 lr=0.0010 time=8.26s best_val=0.037504 patience_left=7

[ARCH ABLATION] Evaluating Variant: Full Proposed Framework
[TRAIN] Dataset=CIC-IoT-2025_binary | Classes=2 | InputDim=84 | Seed=42
[TRAIN] Model=Fusion (CNN+LSTM) | Params=187,266 | Device=cuda | Batch=256 | LR=0.001
[TRAIN] Epochs=20 | EarlyStop=8 | Optim=AdamW | Loss=CrossEntropy
[EPOCH 1/20] train_loss=0.137691 val_loss=0.084390 train_acc=0.946922 val_acc=0.969592 lr=0.0010 time=8.91s best_val=inf patience_left=8
[CHECKPOINT] Saved best model at epoch 1 -> E:\HLC\data\outputs\cnn_lstm_fusion\CIC-IoT-2025_binary\arch_ablation\cnn_lstm_fusion\CIC-IoT-2025_binary\checks\best_ep1_fusion_seed42.pt
[EPOCH 2/20] train_loss=0.075907 val_loss=0.060502 train_acc=0.974779 val_acc=0.979872 lr=0.0010 time=9.02s best_val=0.084390 patience_left=8
[CHECKPOINT] Saved best model at epoch 2 -> E:\HLC\data\outputs\cnn_lstm_fusion\CIC-IoT-2025_binary\arch_ablation\cnn_lstm_fusion\CIC-IoT-2025_binary\checks\best_ep2_fusion_seed42.pt
[EPOCH 3/20] train_loss=0.061636 val_loss=0.060084 train_acc=0.979843 val_acc=0.979702 lr=0.0010 time=9.17s best_val=0.060502 patience_left=8
[CHECKPOINT] Saved best model at epoch 3 -> E:\HLC\data\outputs\cnn_lstm_fusion\CIC-IoT-2025_binary\arch_ablation\cnn_lstm_fusion\CIC-IoT-2025_binary\checks\best_ep3_fusion_seed42.pt
[EPOCH 4/20] train_loss=0.055935 val_loss=0.051780 train_acc=0.981517 val_acc=0.982450 lr=0.0010 time=9.74s best_val=0.060084 patience_left=8
[CHECKPOINT] Saved best model at epoch 4 -> E:\HLC\data\outputs\cnn_lstm_fusion\CIC-IoT-2025_binary\arch_ablation\cnn_lstm_fusion\CIC-IoT-2025_binary\checks\best_ep4_fusion_seed42.pt
[EPOCH 5/20] train_loss=0.053741 val_loss=0.050943 train_acc=0.982185 val_acc=0.982403 lr=0.0010 time=9.21s best_val=0.051780 patience_left=8
[CHECKPOINT] Saved best model at epoch 5 -> E:\HLC\data\outputs\cnn_lstm_fusion\CIC-IoT-2025_binary\arch_ablation\cnn_lstm_fusion\CIC-IoT-2025_binary\checks\best_ep5_fusion_seed42.pt
[EPOCH 6/20] train_loss=0.050527 val_loss=0.048543 train_acc=0.983088 val_acc=0.983453 lr=0.0010 time=9.16s best_val=0.050943 patience_left=8
[CHECKPOINT] Saved best model at epoch 6 -> E:\HLC\data\outputs\cnn_lstm_fusion\CIC-IoT-2025_binary\arch_ablation\cnn_lstm_fusion\CIC-IoT-2025_binary\checks\best_ep6_fusion_seed42.pt
[EPOCH 7/20] train_loss=0.048821 val_loss=0.045433 train_acc=0.983445 val_acc=0.984503 lr=0.0010 time=8.93s best_val=0.048543 patience_left=8
[CHECKPOINT] Saved best model at epoch 7 -> E:\HLC\data\outputs\cnn_lstm_fusion\CIC-IoT-2025_binary\arch_ablation\cnn_lstm_fusion\CIC-IoT-2025_binary\checks\best_ep7_fusion_seed42.pt
[EPOCH 8/20] train_loss=0.046710 val_loss=0.046388 train_acc=0.984385 val_acc=0.983762 lr=0.0010 time=8.90s best_val=0.045433 patience_left=8
[EPOCH 9/20] train_loss=0.044991 val_loss=0.046272 train_acc=0.984834 val_acc=0.984441 lr=0.0010 time=8.93s best_val=0.045433 patience_left=7
[EPOCH 10/20] train_loss=0.044009 val_loss=0.042458 train_acc=0.985119 val_acc=0.984827 lr=0.0010 time=8.76s best_val=0.045433 patience_left=8
[CHECKPOINT] Saved best model at epoch 10 -> E:\HLC\data\outputs\cnn_lstm_fusion\CIC-IoT-2025_binary\arch_ablation\cnn_lstm_fusion\CIC-IoT-2025_binary\checks\best_ep10_fusion_seed42.pt
[EPOCH 11/20] train_loss=0.044493 val_loss=0.042430 train_acc=0.985000 val_acc=0.985182 lr=0.0010 time=9.04s best_val=0.042458 patience_left=8
[CHECKPOINT] Saved best model at epoch 11 -> E:\HLC\data\outputs\cnn_lstm_fusion\CIC-IoT-2025_binary\arch_ablation\cnn_lstm_fusion\CIC-IoT-2025_binary\checks\best_ep11_fusion_seed42.pt
[EPOCH 12/20] train_loss=0.044275 val_loss=0.041303 train_acc=0.985374 val_acc=0.985830 lr=0.0010 time=8.89s best_val=0.042430 patience_left=8
[CHECKPOINT] Saved best model at epoch 12 -> E:\HLC\data\outputs\cnn_lstm_fusion\CIC-IoT-2025_binary\arch_ablation\cnn_lstm_fusion\CIC-IoT-2025_binary\checks\best_ep12_fusion_seed42.pt
[EPOCH 13/20] train_loss=0.044402 val_loss=0.074212 train_acc=0.985393 val_acc=0.980397 lr=0.0010 time=9.46s best_val=0.041303 patience_left=8
[EPOCH 14/20] train_loss=0.040717 val_loss=0.043646 train_acc=0.986157 val_acc=0.985321 lr=0.0010 time=9.39s best_val=0.041303 patience_left=7
[EPOCH 15/20] train_loss=0.041867 val_loss=0.043668 train_acc=0.985979 val_acc=0.985166 lr=0.0010 time=9.43s best_val=0.041303 patience_left=6
[EPOCH 16/20] train_loss=0.040356 val_loss=0.042155 train_acc=0.986491 val_acc=0.985676 lr=0.0010 time=9.27s best_val=0.041303 patience_left=5
[EPOCH 17/20] train_loss=0.040014 val_loss=0.039779 train_acc=0.986392 val_acc=0.986062 lr=0.0010 time=9.33s best_val=0.041303 patience_left=8
[CHECKPOINT] Saved best model at epoch 17 -> E:\HLC\data\outputs\cnn_lstm_fusion\CIC-IoT-2025_binary\arch_ablation\cnn_lstm_fusion\CIC-IoT-2025_binary\checks\best_ep17_fusion_seed42.pt
[EPOCH 18/20] train_loss=0.039482 val_loss=0.042605 train_acc=0.986637 val_acc=0.985954 lr=0.0010 time=9.47s best_val=0.039779 patience_left=8
[EPOCH 19/20] train_loss=0.039825 val_loss=0.041889 train_acc=0.986475 val_acc=0.985768 lr=0.0010 time=9.31s best_val=0.039779 patience_left=7
[EPOCH 20/20] train_loss=0.039767 val_loss=0.127280 train_acc=0.986607 val_acc=0.971475 lr=0.0010 time=9.18s best_val=0.039779 patience_left=6

[ARCH ABLATION COMPLETE] Summary saved to E:\HLC\data\outputs\cnn_lstm_fusion\CIC-IoT-2025_binary\arch_ablation\architectural_ablation_summary.json
[DONE] Architectural ablation results saved to E:\HLC\data\outputs\cnn_lstm_fusion\CIC-IoT-2025_binary\arch_ablation

==================== IDS EXPERIMENT CLI ====================
(1) Load & split dataset (persist)
(2) Load existing split (validate)
(3) Visualize features (EPS)
(4) Train model (save ckpt + curves + history CSV)
(5) Evaluate & plot performance (EPS + CSV/JSON)
(6) XAI (SHAP/LIME/ANOVA)
(7) Feature Ablation (user-selected feature subset)
(8) Architectural Ablation (CNN, BiLSTM, Fusion w/o Gating, Full)
(9) Evaluate (explicit)
(10) Inference (load_model → predict live CSV)
(q) Quit
============================================================

Select option: 8

[8] Architectural Ablation Study (CNN, BiLSTM, Fusion w/o Gating, Full Proposed Model)
Available splits: ['Apose-IoT-23_binary', 'Apose-IoT-23_multiclass', 'BoT-IoT_binary', 'BoT-IoT_multiclass', 'CIC-IoMT-2024_binary', 'CIC-IoMT-2024_multiclass', 'CIC-IoT-2025_binary', 'CIC-IoT-2025_multiclass']
Split key: CIC-IoT-2025_multiclass

[ARCH ABLATION] Evaluating Variant: CNN Branch Only
[TRAIN] Dataset=CIC-IoT-2025_multiclass | Classes=8 | InputDim=84 | Seed=42
[TRAIN] Model=Fusion (CNN+LSTM) | Params=187,656 | Device=cuda | Batch=256 | LR=0.001
[TRAIN] Epochs=20 | EarlyStop=8 | Optim=AdamW | Loss=CrossEntropy
[EPOCH 1/20] train_loss=0.511382 val_loss=0.238441 train_acc=0.828802 val_acc=0.934182 lr=0.0010 time=6.60s best_val=inf patience_left=8
[CHECKPOINT] Saved best model at epoch 1 -> E:\HLC\data\outputs\cnn_lstm_fusion\CIC-IoT-2025_multiclass\arch_ablation\cnn_lstm_fusion\CIC-IoT-2025_multiclass\checks\best_ep1_fusion_cnn_only_seed42.pt
[EPOCH 2/20] train_loss=0.210926 val_loss=0.175842 train_acc=0.942675 val_acc=0.950714 lr=0.0010 time=6.58s best_val=0.238441 patience_left=8
[CHECKPOINT] Saved best model at epoch 2 -> E:\HLC\data\outputs\cnn_lstm_fusion\CIC-IoT-2025_multiclass\arch_ablation\cnn_lstm_fusion\CIC-IoT-2025_multiclass\checks\best_ep2_fusion_cnn_only_seed42.pt
[EPOCH 3/20] train_loss=0.165183 val_loss=0.138794 train_acc=0.954725 val_acc=0.960346 lr=0.0010 time=6.55s best_val=0.175842 patience_left=8
[CHECKPOINT] Saved best model at epoch 3 -> E:\HLC\data\outputs\cnn_lstm_fusion\CIC-IoT-2025_multiclass\arch_ablation\cnn_lstm_fusion\CIC-IoT-2025_multiclass\checks\best_ep3_fusion_cnn_only_seed42.pt
[EPOCH 4/20] train_loss=0.144165 val_loss=0.132933 train_acc=0.960351 val_acc=0.963896 lr=0.0010 time=6.65s best_val=0.138794 patience_left=8
[CHECKPOINT] Saved best model at epoch 4 -> E:\HLC\data\outputs\cnn_lstm_fusion\CIC-IoT-2025_multiclass\arch_ablation\cnn_lstm_fusion\CIC-IoT-2025_multiclass\checks\best_ep4_fusion_cnn_only_seed42.pt
[EPOCH 5/20] train_loss=0.132666 val_loss=0.122515 train_acc=0.962964 val_acc=0.964961 lr=0.0010 time=6.71s best_val=0.132933 patience_left=8
[CHECKPOINT] Saved best model at epoch 5 -> E:\HLC\data\outputs\cnn_lstm_fusion\CIC-IoT-2025_multiclass\arch_ablation\cnn_lstm_fusion\CIC-IoT-2025_multiclass\checks\best_ep5_fusion_cnn_only_seed42.pt
[EPOCH 6/20] train_loss=0.125481 val_loss=0.123454 train_acc=0.964727 val_acc=0.964529 lr=0.0010 time=6.89s best_val=0.122515 patience_left=8
[EPOCH 7/20] train_loss=0.118353 val_loss=0.111238 train_acc=0.966563 val_acc=0.967817 lr=0.0010 time=7.36s best_val=0.122515 patience_left=8
[CHECKPOINT] Saved best model at epoch 7 -> E:\HLC\data\outputs\cnn_lstm_fusion\CIC-IoT-2025_multiclass\arch_ablation\cnn_lstm_fusion\CIC-IoT-2025_multiclass\checks\best_ep7_fusion_cnn_only_seed42.pt
[EPOCH 8/20] train_loss=0.115045 val_loss=0.112464 train_acc=0.967367 val_acc=0.966829 lr=0.0010 time=7.04s best_val=0.111238 patience_left=8
[EPOCH 9/20] train_loss=0.111574 val_loss=0.106766 train_acc=0.968220 val_acc=0.968187 lr=0.0010 time=7.10s best_val=0.111238 patience_left=8
[CHECKPOINT] Saved best model at epoch 9 -> E:\HLC\data\outputs\cnn_lstm_fusion\CIC-IoT-2025_multiclass\arch_ablation\cnn_lstm_fusion\CIC-IoT-2025_multiclass\checks\best_ep9_fusion_cnn_only_seed42.pt
[EPOCH 10/20] train_loss=0.108540 val_loss=0.101847 train_acc=0.969087 val_acc=0.970441 lr=0.0010 time=7.06s best_val=0.106766 patience_left=8
[CHECKPOINT] Saved best model at epoch 10 -> E:\HLC\data\outputs\cnn_lstm_fusion\CIC-IoT-2025_multiclass\arch_ablation\cnn_lstm_fusion\CIC-IoT-2025_multiclass\checks\best_ep10_fusion_cnn_only_seed42.pt
[EPOCH 11/20] train_loss=0.105592 val_loss=0.103102 train_acc=0.969682 val_acc=0.969854 lr=0.0010 time=7.13s best_val=0.101847 patience_left=8
[EPOCH 12/20] train_loss=0.103328 val_loss=0.106848 train_acc=0.970307 val_acc=0.969545 lr=0.0010 time=7.15s best_val=0.101847 patience_left=7
[EPOCH 13/20] train_loss=0.100958 val_loss=0.104480 train_acc=0.970721 val_acc=0.969082 lr=0.0010 time=7.30s best_val=0.101847 patience_left=6
[EPOCH 14/20] train_loss=0.098765 val_loss=0.100736 train_acc=0.971356 val_acc=0.971753 lr=0.0010 time=7.10s best_val=0.101847 patience_left=8
[CHECKPOINT] Saved best model at epoch 14 -> E:\HLC\data\outputs\cnn_lstm_fusion\CIC-IoT-2025_multiclass\arch_ablation\cnn_lstm_fusion\CIC-IoT-2025_multiclass\checks\best_ep14_fusion_cnn_only_seed42.pt
[EPOCH 15/20] train_loss=0.098174 val_loss=0.096296 train_acc=0.971743 val_acc=0.971753 lr=0.0010 time=7.11s best_val=0.100736 patience_left=8
[CHECKPOINT] Saved best model at epoch 15 -> E:\HLC\data\outputs\cnn_lstm_fusion\CIC-IoT-2025_multiclass\arch_ablation\cnn_lstm_fusion\CIC-IoT-2025_multiclass\checks\best_ep15_fusion_cnn_only_seed42.pt
[EPOCH 16/20] train_loss=0.095987 val_loss=0.107886 train_acc=0.972113 val_acc=0.968588 lr=0.0010 time=7.35s best_val=0.096296 patience_left=8
[EPOCH 17/20] train_loss=0.095057 val_loss=0.093523 train_acc=0.972566 val_acc=0.972432 lr=0.0010 time=7.03s best_val=0.096296 patience_left=8
[CHECKPOINT] Saved best model at epoch 17 -> E:\HLC\data\outputs\cnn_lstm_fusion\CIC-IoT-2025_multiclass\arch_ablation\cnn_lstm_fusion\CIC-IoT-2025_multiclass\checks\best_ep17_fusion_cnn_only_seed42.pt
[EPOCH 18/20] train_loss=0.093348 val_loss=0.097453 train_acc=0.972702 val_acc=0.971151 lr=0.0010 time=6.97s best_val=0.093523 patience_left=8
[EPOCH 19/20] train_loss=0.093204 val_loss=0.092230 train_acc=0.972768 val_acc=0.972555 lr=0.0010 time=7.10s best_val=0.093523 patience_left=8
[CHECKPOINT] Saved best model at epoch 19 -> E:\HLC\data\outputs\cnn_lstm_fusion\CIC-IoT-2025_multiclass\arch_ablation\cnn_lstm_fusion\CIC-IoT-2025_multiclass\checks\best_ep19_fusion_cnn_only_seed42.pt
[EPOCH 20/20] train_loss=0.090180 val_loss=0.088165 train_acc=0.973602 val_acc=0.974855 lr=0.0010 time=7.04s best_val=0.092230 patience_left=8
[CHECKPOINT] Saved best model at epoch 20 -> E:\HLC\data\outputs\cnn_lstm_fusion\CIC-IoT-2025_multiclass\arch_ablation\cnn_lstm_fusion\CIC-IoT-2025_multiclass\checks\best_ep20_fusion_cnn_only_seed42.pt

[ARCH ABLATION] Evaluating Variant: BiLSTM Branch Only
[TRAIN] Dataset=CIC-IoT-2025_multiclass | Classes=8 | InputDim=84 | Seed=42
[TRAIN] Model=Fusion (CNN+LSTM) | Params=187,656 | Device=cuda | Batch=256 | LR=0.001
[TRAIN] Epochs=20 | EarlyStop=8 | Optim=AdamW | Loss=CrossEntropy
[EPOCH 1/20] train_loss=0.610591 val_loss=0.242620 train_acc=0.781439 val_acc=0.930123 lr=0.0010 time=7.75s best_val=inf patience_left=8
[CHECKPOINT] Saved best model at epoch 1 -> E:\HLC\data\outputs\cnn_lstm_fusion\CIC-IoT-2025_multiclass\arch_ablation\cnn_lstm_fusion\CIC-IoT-2025_multiclass\checks\best_ep1_fusion_lstm_only_seed42.pt
[EPOCH 2/20] train_loss=0.204682 val_loss=0.163097 train_acc=0.941649 val_acc=0.952149 lr=0.0010 time=7.77s best_val=0.242620 patience_left=8
[CHECKPOINT] Saved best model at epoch 2 -> E:\HLC\data\outputs\cnn_lstm_fusion\CIC-IoT-2025_multiclass\arch_ablation\cnn_lstm_fusion\CIC-IoT-2025_multiclass\checks\best_ep2_fusion_lstm_only_seed42.pt
[EPOCH 3/20] train_loss=0.154402 val_loss=0.133651 train_acc=0.956005 val_acc=0.960546 lr=0.0010 time=7.59s best_val=0.163097 patience_left=8
[CHECKPOINT] Saved best model at epoch 3 -> E:\HLC\data\outputs\cnn_lstm_fusion\CIC-IoT-2025_multiclass\arch_ablation\cnn_lstm_fusion\CIC-IoT-2025_multiclass\checks\best_ep3_fusion_lstm_only_seed42.pt
[EPOCH 4/20] train_loss=0.135276 val_loss=0.125351 train_acc=0.961373 val_acc=0.964745 lr=0.0010 time=7.49s best_val=0.133651 patience_left=8
[CHECKPOINT] Saved best model at epoch 4 -> E:\HLC\data\outputs\cnn_lstm_fusion\CIC-IoT-2025_multiclass\arch_ablation\cnn_lstm_fusion\CIC-IoT-2025_multiclass\checks\best_ep4_fusion_lstm_only_seed42.pt
[EPOCH 5/20] train_loss=0.124389 val_loss=0.118973 train_acc=0.963877 val_acc=0.965378 lr=0.0010 time=7.21s best_val=0.125351 patience_left=8
[CHECKPOINT] Saved best model at epoch 5 -> E:\HLC\data\outputs\cnn_lstm_fusion\CIC-IoT-2025_multiclass\arch_ablation\cnn_lstm_fusion\CIC-IoT-2025_multiclass\checks\best_ep5_fusion_lstm_only_seed42.pt
[EPOCH 6/20] train_loss=0.119026 val_loss=0.111502 train_acc=0.965422 val_acc=0.966397 lr=0.0010 time=7.40s best_val=0.118973 patience_left=8
[CHECKPOINT] Saved best model at epoch 6 -> E:\HLC\data\outputs\cnn_lstm_fusion\CIC-IoT-2025_multiclass\arch_ablation\cnn_lstm_fusion\CIC-IoT-2025_multiclass\checks\best_ep6_fusion_lstm_only_seed42.pt
[EPOCH 7/20] train_loss=0.110962 val_loss=0.110959 train_acc=0.967568 val_acc=0.965949 lr=0.0010 time=7.55s best_val=0.111502 patience_left=8
[CHECKPOINT] Saved best model at epoch 7 -> E:\HLC\data\outputs\cnn_lstm_fusion\CIC-IoT-2025_multiclass\arch_ablation\cnn_lstm_fusion\CIC-IoT-2025_multiclass\checks\best_ep7_fusion_lstm_only_seed42.pt
[EPOCH 8/20] train_loss=0.107613 val_loss=0.117252 train_acc=0.968709 val_acc=0.965362 lr=0.0010 time=7.42s best_val=0.110959 patience_left=8
[EPOCH 9/20] train_loss=0.103720 val_loss=0.103885 train_acc=0.969854 val_acc=0.969653 lr=0.0010 time=7.28s best_val=0.110959 patience_left=8
[CHECKPOINT] Saved best model at epoch 9 -> E:\HLC\data\outputs\cnn_lstm_fusion\CIC-IoT-2025_multiclass\arch_ablation\cnn_lstm_fusion\CIC-IoT-2025_multiclass\checks\best_ep9_fusion_lstm_only_seed42.pt
[EPOCH 10/20] train_loss=0.099309 val_loss=0.100158 train_acc=0.970704 val_acc=0.971166 lr=0.0010 time=7.32s best_val=0.103885 patience_left=8
[CHECKPOINT] Saved best model at epoch 10 -> E:\HLC\data\outputs\cnn_lstm_fusion\CIC-IoT-2025_multiclass\arch_ablation\cnn_lstm_fusion\CIC-IoT-2025_multiclass\checks\best_ep10_fusion_lstm_only_seed42.pt
[EPOCH 11/20] train_loss=0.095581 val_loss=0.099470 train_acc=0.972133 val_acc=0.971537 lr=0.0010 time=7.98s best_val=0.100158 patience_left=8
[CHECKPOINT] Saved best model at epoch 11 -> E:\HLC\data\outputs\cnn_lstm_fusion\CIC-IoT-2025_multiclass\arch_ablation\cnn_lstm_fusion\CIC-IoT-2025_multiclass\checks\best_ep11_fusion_lstm_only_seed42.pt
[EPOCH 12/20] train_loss=0.093300 val_loss=0.095197 train_acc=0.972930 val_acc=0.971614 lr=0.0010 time=7.12s best_val=0.099470 patience_left=8
[CHECKPOINT] Saved best model at epoch 12 -> E:\HLC\data\outputs\cnn_lstm_fusion\CIC-IoT-2025_multiclass\arch_ablation\cnn_lstm_fusion\CIC-IoT-2025_multiclass\checks\best_ep12_fusion_lstm_only_seed42.pt
[EPOCH 13/20] train_loss=0.090993 val_loss=0.090754 train_acc=0.973545 val_acc=0.973713 lr=0.0010 time=7.36s best_val=0.095197 patience_left=8
[CHECKPOINT] Saved best model at epoch 13 -> E:\HLC\data\outputs\cnn_lstm_fusion\CIC-IoT-2025_multiclass\arch_ablation\cnn_lstm_fusion\CIC-IoT-2025_multiclass\checks\best_ep13_fusion_lstm_only_seed42.pt
[EPOCH 14/20] train_loss=0.087818 val_loss=0.089153 train_acc=0.974323 val_acc=0.974655 lr=0.0010 time=7.31s best_val=0.090754 patience_left=8
[CHECKPOINT] Saved best model at epoch 14 -> E:\HLC\data\outputs\cnn_lstm_fusion\CIC-IoT-2025_multiclass\arch_ablation\cnn_lstm_fusion\CIC-IoT-2025_multiclass\checks\best_ep14_fusion_lstm_only_seed42.pt
[EPOCH 15/20] train_loss=0.086452 val_loss=0.089776 train_acc=0.974782 val_acc=0.973142 lr=0.0010 time=7.66s best_val=0.089153 patience_left=8
[EPOCH 16/20] train_loss=0.084569 val_loss=0.091321 train_acc=0.975322 val_acc=0.972864 lr=0.0010 time=7.89s best_val=0.089153 patience_left=7
[EPOCH 17/20] train_loss=0.082918 val_loss=0.086472 train_acc=0.975920 val_acc=0.975071 lr=0.0010 time=7.56s best_val=0.089153 patience_left=8
[CHECKPOINT] Saved best model at epoch 17 -> E:\HLC\data\outputs\cnn_lstm_fusion\CIC-IoT-2025_multiclass\arch_ablation\cnn_lstm_fusion\CIC-IoT-2025_multiclass\checks\best_ep17_fusion_lstm_only_seed42.pt
[EPOCH 18/20] train_loss=0.081218 val_loss=0.086941 train_acc=0.976387 val_acc=0.975426 lr=0.0010 time=7.27s best_val=0.086472 patience_left=8
[EPOCH 19/20] train_loss=0.079042 val_loss=0.080593 train_acc=0.976922 val_acc=0.976461 lr=0.0010 time=7.61s best_val=0.086472 patience_left=8
[CHECKPOINT] Saved best model at epoch 19 -> E:\HLC\data\outputs\cnn_lstm_fusion\CIC-IoT-2025_multiclass\arch_ablation\cnn_lstm_fusion\CIC-IoT-2025_multiclass\checks\best_ep19_fusion_lstm_only_seed42.pt
[EPOCH 20/20] train_loss=0.078710 val_loss=0.085858 train_acc=0.977088 val_acc=0.975210 lr=0.0010 time=7.93s best_val=0.080593 patience_left=8

[ARCH ABLATION] Evaluating Variant: Fusion (w/o Attention Gating)
[TRAIN] Dataset=CIC-IoT-2025_multiclass | Classes=8 | InputDim=84 | Seed=42
[TRAIN] Model=Fusion (CNN+LSTM) | Params=187,656 | Device=cuda | Batch=256 | LR=0.001
[TRAIN] Epochs=20 | EarlyStop=8 | Optim=AdamW | Loss=CrossEntropy
[EPOCH 1/20] train_loss=0.291563 val_loss=0.154512 train_acc=0.914193 val_acc=0.954619 lr=0.0010 time=8.98s best_val=inf patience_left=8
[CHECKPOINT] Saved best model at epoch 1 -> E:\HLC\data\outputs\cnn_lstm_fusion\CIC-IoT-2025_multiclass\arch_ablation\cnn_lstm_fusion\CIC-IoT-2025_multiclass\checks\best_ep1_fusion_no_gating_seed42.pt
[EPOCH 2/20] train_loss=0.143876 val_loss=0.117893 train_acc=0.959607 val_acc=0.965933 lr=0.0010 time=8.89s best_val=0.154512 patience_left=8
[CHECKPOINT] Saved best model at epoch 2 -> E:\HLC\data\outputs\cnn_lstm_fusion\CIC-IoT-2025_multiclass\arch_ablation\cnn_lstm_fusion\CIC-IoT-2025_multiclass\checks\best_ep2_fusion_no_gating_seed42.pt
[EPOCH 3/20] train_loss=0.123015 val_loss=0.115949 train_acc=0.964763 val_acc=0.965717 lr=0.0010 time=8.70s best_val=0.117893 patience_left=8
[CHECKPOINT] Saved best model at epoch 3 -> E:\HLC\data\outputs\cnn_lstm_fusion\CIC-IoT-2025_multiclass\arch_ablation\cnn_lstm_fusion\CIC-IoT-2025_multiclass\checks\best_ep3_fusion_no_gating_seed42.pt
[EPOCH 4/20] train_loss=0.112691 val_loss=0.108372 train_acc=0.967552 val_acc=0.968388 lr=0.0010 time=8.83s best_val=0.115949 patience_left=8
[CHECKPOINT] Saved best model at epoch 4 -> E:\HLC\data\outputs\cnn_lstm_fusion\CIC-IoT-2025_multiclass\arch_ablation\cnn_lstm_fusion\CIC-IoT-2025_multiclass\checks\best_ep4_fusion_no_gating_seed42.pt
[EPOCH 5/20] train_loss=0.106338 val_loss=0.096334 train_acc=0.969275 val_acc=0.971676 lr=0.0010 time=8.83s best_val=0.108372 patience_left=8
[CHECKPOINT] Saved best model at epoch 5 -> E:\HLC\data\outputs\cnn_lstm_fusion\CIC-IoT-2025_multiclass\arch_ablation\cnn_lstm_fusion\CIC-IoT-2025_multiclass\checks\best_ep5_fusion_no_gating_seed42.pt
[EPOCH 6/20] train_loss=0.101095 val_loss=0.096850 train_acc=0.970449 val_acc=0.971691 lr=0.0010 time=8.93s best_val=0.096334 patience_left=8
[EPOCH 7/20] train_loss=0.096445 val_loss=0.094881 train_acc=0.971792 val_acc=0.971398 lr=0.0010 time=8.89s best_val=0.096334 patience_left=8
[CHECKPOINT] Saved best model at epoch 7 -> E:\HLC\data\outputs\cnn_lstm_fusion\CIC-IoT-2025_multiclass\arch_ablation\cnn_lstm_fusion\CIC-IoT-2025_multiclass\checks\best_ep7_fusion_no_gating_seed42.pt
[EPOCH 8/20] train_loss=0.093089 val_loss=0.094535 train_acc=0.972798 val_acc=0.972972 lr=0.0010 time=8.93s best_val=0.094881 patience_left=8
[CHECKPOINT] Saved best model at epoch 8 -> E:\HLC\data\outputs\cnn_lstm_fusion\CIC-IoT-2025_multiclass\arch_ablation\cnn_lstm_fusion\CIC-IoT-2025_multiclass\checks\best_ep8_fusion_no_gating_seed42.pt
[EPOCH 9/20] train_loss=0.089393 val_loss=0.101214 train_acc=0.973783 val_acc=0.969839 lr=0.0010 time=8.68s best_val=0.094535 patience_left=8
[EPOCH 10/20] train_loss=0.087754 val_loss=0.090927 train_acc=0.974256 val_acc=0.973821 lr=0.0010 time=9.11s best_val=0.094535 patience_left=8
[CHECKPOINT] Saved best model at epoch 10 -> E:\HLC\data\outputs\cnn_lstm_fusion\CIC-IoT-2025_multiclass\arch_ablation\cnn_lstm_fusion\CIC-IoT-2025_multiclass\checks\best_ep10_fusion_no_gating_seed42.pt
[EPOCH 11/20] train_loss=0.083733 val_loss=0.086602 train_acc=0.975060 val_acc=0.974624 lr=0.0010 time=8.63s best_val=0.090927 patience_left=8
[CHECKPOINT] Saved best model at epoch 11 -> E:\HLC\data\outputs\cnn_lstm_fusion\CIC-IoT-2025_multiclass\arch_ablation\cnn_lstm_fusion\CIC-IoT-2025_multiclass\checks\best_ep11_fusion_no_gating_seed42.pt
[EPOCH 12/20] train_loss=0.082519 val_loss=0.079974 train_acc=0.975838 val_acc=0.976615 lr=0.0010 time=9.29s best_val=0.086602 patience_left=8
[CHECKPOINT] Saved best model at epoch 12 -> E:\HLC\data\outputs\cnn_lstm_fusion\CIC-IoT-2025_multiclass\arch_ablation\cnn_lstm_fusion\CIC-IoT-2025_multiclass\checks\best_ep12_fusion_no_gating_seed42.pt
[EPOCH 13/20] train_loss=0.082280 val_loss=0.080814 train_acc=0.975937 val_acc=0.976476 lr=0.0010 time=8.56s best_val=0.079974 patience_left=8
[EPOCH 14/20] train_loss=0.079024 val_loss=0.082294 train_acc=0.976817 val_acc=0.975951 lr=0.0010 time=8.68s best_val=0.079974 patience_left=7
[EPOCH 15/20] train_loss=0.077646 val_loss=0.079393 train_acc=0.977161 val_acc=0.976353 lr=0.0010 time=8.95s best_val=0.079974 patience_left=8
[CHECKPOINT] Saved best model at epoch 15 -> E:\HLC\data\outputs\cnn_lstm_fusion\CIC-IoT-2025_multiclass\arch_ablation\cnn_lstm_fusion\CIC-IoT-2025_multiclass\checks\best_ep15_fusion_no_gating_seed42.pt
[EPOCH 16/20] train_loss=0.076178 val_loss=0.085468 train_acc=0.977498 val_acc=0.974485 lr=0.0010 time=9.02s best_val=0.079393 patience_left=8
[EPOCH 17/20] train_loss=0.074881 val_loss=0.079441 train_acc=0.977842 val_acc=0.977047 lr=0.0010 time=8.37s best_val=0.079393 patience_left=7
[EPOCH 18/20] train_loss=0.073728 val_loss=0.079750 train_acc=0.978021 val_acc=0.976245 lr=0.0010 time=8.60s best_val=0.079393 patience_left=6
[EPOCH 19/20] train_loss=0.072533 val_loss=0.075316 train_acc=0.978788 val_acc=0.977788 lr=0.0010 time=8.70s best_val=0.079393 patience_left=8
[CHECKPOINT] Saved best model at epoch 19 -> E:\HLC\data\outputs\cnn_lstm_fusion\CIC-IoT-2025_multiclass\arch_ablation\cnn_lstm_fusion\CIC-IoT-2025_multiclass\checks\best_ep19_fusion_no_gating_seed42.pt
[EPOCH 20/20] train_loss=0.072315 val_loss=0.073122 train_acc=0.978490 val_acc=0.979085 lr=0.0010 time=8.73s best_val=0.075316 patience_left=8
[CHECKPOINT] Saved best model at epoch 20 -> E:\HLC\data\outputs\cnn_lstm_fusion\CIC-IoT-2025_multiclass\arch_ablation\cnn_lstm_fusion\CIC-IoT-2025_multiclass\checks\best_ep20_fusion_no_gating_seed42.pt

[ARCH ABLATION] Evaluating Variant: Full Proposed Framework
[TRAIN] Dataset=CIC-IoT-2025_multiclass | Classes=8 | InputDim=84 | Seed=42
[TRAIN] Model=Fusion (CNN+LSTM) | Params=187,656 | Device=cuda | Batch=256 | LR=0.001
[TRAIN] Epochs=20 | EarlyStop=8 | Optim=AdamW | Loss=CrossEntropy
[EPOCH 1/20] train_loss=0.465629 val_loss=0.236831 train_acc=0.849716 val_acc=0.931311 lr=0.0010 time=9.97s best_val=inf patience_left=8
[CHECKPOINT] Saved best model at epoch 1 -> E:\HLC\data\outputs\cnn_lstm_fusion\CIC-IoT-2025_multiclass\arch_ablation\cnn_lstm_fusion\CIC-IoT-2025_multiclass\checks\best_ep1_fusion_seed42.pt
[EPOCH 2/20] train_loss=0.206676 val_loss=0.164060 train_acc=0.942162 val_acc=0.953925 lr=0.0010 time=9.67s best_val=0.236831 patience_left=8
[CHECKPOINT] Saved best model at epoch 2 -> E:\HLC\data\outputs\cnn_lstm_fusion\CIC-IoT-2025_multiclass\arch_ablation\cnn_lstm_fusion\CIC-IoT-2025_multiclass\checks\best_ep2_fusion_seed42.pt
[EPOCH 3/20] train_loss=0.155526 val_loss=0.137477 train_acc=0.956306 val_acc=0.960485 lr=0.0010 time=9.84s best_val=0.164060 patience_left=8
[CHECKPOINT] Saved best model at epoch 3 -> E:\HLC\data\outputs\cnn_lstm_fusion\CIC-IoT-2025_multiclass\arch_ablation\cnn_lstm_fusion\CIC-IoT-2025_multiclass\checks\best_ep3_fusion_seed42.pt
[EPOCH 4/20] train_loss=0.135252 val_loss=0.124884 train_acc=0.962048 val_acc=0.964282 lr=0.0010 time=9.86s best_val=0.137477 patience_left=8
[CHECKPOINT] Saved best model at epoch 4 -> E:\HLC\data\outputs\cnn_lstm_fusion\CIC-IoT-2025_multiclass\arch_ablation\cnn_lstm_fusion\CIC-IoT-2025_multiclass\checks\best_ep4_fusion_seed42.pt
[EPOCH 5/20] train_loss=0.125870 val_loss=0.120961 train_acc=0.964793 val_acc=0.964961 lr=0.0010 time=9.97s best_val=0.124884 patience_left=8
[CHECKPOINT] Saved best model at epoch 5 -> E:\HLC\data\outputs\cnn_lstm_fusion\CIC-IoT-2025_multiclass\arch_ablation\cnn_lstm_fusion\CIC-IoT-2025_multiclass\checks\best_ep5_fusion_seed42.pt
[EPOCH 6/20] train_loss=0.125553 val_loss=0.113691 train_acc=0.964333 val_acc=0.967539 lr=0.0010 time=10.46s best_val=0.120961 patience_left=8
[CHECKPOINT] Saved best model at epoch 6 -> E:\HLC\data\outputs\cnn_lstm_fusion\CIC-IoT-2025_multiclass\arch_ablation\cnn_lstm_fusion\CIC-IoT-2025_multiclass\checks\best_ep6_fusion_seed42.pt
[EPOCH 7/20] train_loss=0.112759 val_loss=0.111252 train_acc=0.968035 val_acc=0.967770 lr=0.0010 time=11.03s best_val=0.113691 patience_left=8
[CHECKPOINT] Saved best model at epoch 7 -> E:\HLC\data\outputs\cnn_lstm_fusion\CIC-IoT-2025_multiclass\arch_ablation\cnn_lstm_fusion\CIC-IoT-2025_multiclass\checks\best_ep7_fusion_seed42.pt
[EPOCH 8/20] train_loss=0.108316 val_loss=0.115054 train_acc=0.968954 val_acc=0.967971 lr=0.0010 time=11.50s best_val=0.111252 patience_left=8
[EPOCH 9/20] train_loss=0.103369 val_loss=0.106855 train_acc=0.970479 val_acc=0.969206 lr=0.0010 time=11.30s best_val=0.111252 patience_left=8
[CHECKPOINT] Saved best model at epoch 9 -> E:\HLC\data\outputs\cnn_lstm_fusion\CIC-IoT-2025_multiclass\arch_ablation\cnn_lstm_fusion\CIC-IoT-2025_multiclass\checks\best_ep9_fusion_seed42.pt
[EPOCH 10/20] train_loss=0.101927 val_loss=0.100062 train_acc=0.970449 val_acc=0.969746 lr=0.0010 time=11.27s best_val=0.106855 patience_left=8
[CHECKPOINT] Saved best model at epoch 10 -> E:\HLC\data\outputs\cnn_lstm_fusion\CIC-IoT-2025_multiclass\arch_ablation\cnn_lstm_fusion\CIC-IoT-2025_multiclass\checks\best_ep10_fusion_seed42.pt
[EPOCH 11/20] train_loss=0.097648 val_loss=0.096650 train_acc=0.971845 val_acc=0.972031 lr=0.0010 time=11.23s best_val=0.100062 patience_left=8
[CHECKPOINT] Saved best model at epoch 11 -> E:\HLC\data\outputs\cnn_lstm_fusion\CIC-IoT-2025_multiclass\arch_ablation\cnn_lstm_fusion\CIC-IoT-2025_multiclass\checks\best_ep11_fusion_seed42.pt
[EPOCH 12/20] train_loss=0.094282 val_loss=0.094049 train_acc=0.972503 val_acc=0.972602 lr=0.0010 time=11.28s best_val=0.096650 patience_left=8
[CHECKPOINT] Saved best model at epoch 12 -> E:\HLC\data\outputs\cnn_lstm_fusion\CIC-IoT-2025_multiclass\arch_ablation\cnn_lstm_fusion\CIC-IoT-2025_multiclass\checks\best_ep12_fusion_seed42.pt
[EPOCH 13/20] train_loss=0.092478 val_loss=0.092914 train_acc=0.973086 val_acc=0.973049 lr=0.0010 time=11.36s best_val=0.094049 patience_left=8
[CHECKPOINT] Saved best model at epoch 13 -> E:\HLC\data\outputs\cnn_lstm_fusion\CIC-IoT-2025_multiclass\arch_ablation\cnn_lstm_fusion\CIC-IoT-2025_multiclass\checks\best_ep13_fusion_seed42.pt
[EPOCH 14/20] train_loss=0.090699 val_loss=0.091102 train_acc=0.973588 val_acc=0.973806 lr=0.0010 time=11.15s best_val=0.092914 patience_left=8
[CHECKPOINT] Saved best model at epoch 14 -> E:\HLC\data\outputs\cnn_lstm_fusion\CIC-IoT-2025_multiclass\arch_ablation\cnn_lstm_fusion\CIC-IoT-2025_multiclass\checks\best_ep14_fusion_seed42.pt
[EPOCH 15/20] train_loss=0.088671 val_loss=0.092936 train_acc=0.974071 val_acc=0.972586 lr=0.0010 time=11.03s best_val=0.091102 patience_left=8
[EPOCH 16/20] train_loss=0.088003 val_loss=0.092266 train_acc=0.974111 val_acc=0.972555 lr=0.0010 time=11.25s best_val=0.091102 patience_left=7
[EPOCH 17/20] train_loss=0.087753 val_loss=0.086737 train_acc=0.974736 val_acc=0.974886 lr=0.0010 time=10.96s best_val=0.091102 patience_left=8
[CHECKPOINT] Saved best model at epoch 17 -> E:\HLC\data\outputs\cnn_lstm_fusion\CIC-IoT-2025_multiclass\arch_ablation\cnn_lstm_fusion\CIC-IoT-2025_multiclass\checks\best_ep17_fusion_seed42.pt
[EPOCH 18/20] train_loss=0.084113 val_loss=0.088479 train_acc=0.975497 val_acc=0.974408 lr=0.0010 time=10.96s best_val=0.086737 patience_left=8
[EPOCH 19/20] train_loss=0.081737 val_loss=0.088321 train_acc=0.976198 val_acc=0.973667 lr=0.0010 time=11.11s best_val=0.086737 patience_left=7
[EPOCH 20/20] train_loss=0.081333 val_loss=0.081593 train_acc=0.976201 val_acc=0.976708 lr=0.0010 time=9.73s best_val=0.086737 patience_left=8
[CHECKPOINT] Saved best model at epoch 20 -> E:\HLC\data\outputs\cnn_lstm_fusion\CIC-IoT-2025_multiclass\arch_ablation\cnn_lstm_fusion\CIC-IoT-2025_multiclass\checks\best_ep20_fusion_seed42.pt

[ARCH ABLATION COMPLETE] Summary saved to E:\HLC\data\outputs\cnn_lstm_fusion\CIC-IoT-2025_multiclass\arch_ablation\architectural_ablation_summary.json
[DONE] Architectural ablation results saved to E:\HLC\data\outputs\cnn_lstm_fusion\CIC-IoT-2025_multiclass\arch_ablation

==================== IDS EXPERIMENT CLI ====================
(1) Load & split dataset (persist)
(2) Load existing split (validate)
(3) Visualize features (EPS)
(4) Train model (save ckpt + curves + history CSV)
(5) Evaluate & plot performance (EPS + CSV/JSON)
(6) XAI (SHAP/LIME/ANOVA)
(7) Feature Ablation (user-selected feature subset)
(8) Architectural Ablation (CNN, BiLSTM, Fusion w/o Gating, Full)
(9) Evaluate (explicit)
(10) Inference (load_model → predict live CSV)
(q) Quit
============================================================

Select option: 8

[8] Architectural Ablation Study (CNN, BiLSTM, Fusion w/o Gating, Full Proposed Model)
Available splits: ['Apose-IoT-23_binary', 'Apose-IoT-23_multiclass', 'BoT-IoT_binary', 'BoT-IoT_multiclass', 'CIC-IoMT-2024_binary', 'CIC-IoMT-2024_multiclass', 'CIC-IoT-2025_binary', 'CIC-IoT-2025_multiclass']
Split key: CIC-IoMT-2024_binary

[ARCH ABLATION] Evaluating Variant: CNN Branch Only
[TRAIN] Dataset=CIC-IoMT-2024_binary | Classes=2 | InputDim=45 | Seed=42
[TRAIN] Model=Fusion (CNN+LSTM) | Params=177,282 | Device=cuda | Batch=256 | LR=0.001
[TRAIN] Epochs=20 | EarlyStop=8 | Optim=AdamW | Loss=CrossEntropy
[EPOCH 1/20] train_loss=0.006376 val_loss=0.004690 train_acc=0.997354 val_acc=0.997950 lr=0.0010 time=140.29s best_val=inf patience_left=8
[CHECKPOINT] Saved best model at epoch 1 -> E:\HLC\data\outputs\cnn_lstm_fusion\CIC-IoMT-2024_binary\arch_ablation\cnn_lstm_fusion\CIC-IoMT-2024_binary\checks\best_ep1_fusion_cnn_only_seed42.pt
[EPOCH 2/20] train_loss=0.004416 val_loss=0.004269 train_acc=0.998123 val_acc=0.998152 lr=0.0010 time=136.74s best_val=0.004690 patience_left=8
[CHECKPOINT] Saved best model at epoch 2 -> E:\HLC\data\outputs\cnn_lstm_fusion\CIC-IoMT-2024_binary\arch_ablation\cnn_lstm_fusion\CIC-IoMT-2024_binary\checks\best_ep2_fusion_cnn_only_seed42.pt
[EPOCH 3/20] train_loss=0.004246 val_loss=0.004187 train_acc=0.998212 val_acc=0.998237 lr=0.0010 time=138.82s best_val=0.004269 patience_left=8
[CHECKPOINT] Saved best model at epoch 3 -> E:\HLC\data\outputs\cnn_lstm_fusion\CIC-IoMT-2024_binary\arch_ablation\cnn_lstm_fusion\CIC-IoMT-2024_binary\checks\best_ep3_fusion_cnn_only_seed42.pt
[EPOCH 4/20] train_loss=0.004159 val_loss=0.004239 train_acc=0.998239 val_acc=0.998199 lr=0.0010 time=140.91s best_val=0.004187 patience_left=8
[EPOCH 5/20] train_loss=0.004051 val_loss=0.004158 train_acc=0.998300 val_acc=0.998190 lr=0.0010 time=140.56s best_val=0.004187 patience_left=8
[CHECKPOINT] Saved best model at epoch 5 -> E:\HLC\data\outputs\cnn_lstm_fusion\CIC-IoMT-2024_binary\arch_ablation\cnn_lstm_fusion\CIC-IoMT-2024_binary\checks\best_ep5_fusion_cnn_only_seed42.pt
[EPOCH 6/20] train_loss=0.004047 val_loss=0.003978 train_acc=0.998292 val_acc=0.998267 lr=0.0010 time=136.94s best_val=0.004158 patience_left=8
[CHECKPOINT] Saved best model at epoch 6 -> E:\HLC\data\outputs\cnn_lstm_fusion\CIC-IoMT-2024_binary\arch_ablation\cnn_lstm_fusion\CIC-IoMT-2024_binary\checks\best_ep6_fusion_cnn_only_seed42.pt
[EPOCH 7/20] train_loss=0.003989 val_loss=0.004034 train_acc=0.998314 val_acc=0.998262 lr=0.0010 time=137.95s best_val=0.003978 patience_left=8
[EPOCH 8/20] train_loss=0.003961 val_loss=0.004004 train_acc=0.998311 val_acc=0.998187 lr=0.0010 time=139.67s best_val=0.003978 patience_left=7
[EPOCH 9/20] train_loss=0.003966 val_loss=0.003902 train_acc=0.998313 val_acc=0.998325 lr=0.0010 time=139.51s best_val=0.003978 patience_left=8
[CHECKPOINT] Saved best model at epoch 9 -> E:\HLC\data\outputs\cnn_lstm_fusion\CIC-IoMT-2024_binary\arch_ablation\cnn_lstm_fusion\CIC-IoMT-2024_binary\checks\best_ep9_fusion_cnn_only_seed42.pt
[EPOCH 10/20] train_loss=0.003947 val_loss=0.003886 train_acc=0.998315 val_acc=0.998275 lr=0.0010 time=137.84s best_val=0.003902 patience_left=8
[CHECKPOINT] Saved best model at epoch 10 -> E:\HLC\data\outputs\cnn_lstm_fusion\CIC-IoMT-2024_binary\arch_ablation\cnn_lstm_fusion\CIC-IoMT-2024_binary\checks\best_ep10_fusion_cnn_only_seed42.pt
[EPOCH 11/20] train_loss=0.003909 val_loss=0.003879 train_acc=0.998338 val_acc=0.998313 lr=0.0010 time=137.34s best_val=0.003886 patience_left=8
[CHECKPOINT] Saved best model at epoch 11 -> E:\HLC\data\outputs\cnn_lstm_fusion\CIC-IoMT-2024_binary\arch_ablation\cnn_lstm_fusion\CIC-IoMT-2024_binary\checks\best_ep11_fusion_cnn_only_seed42.pt
[EPOCH 12/20] train_loss=0.003925 val_loss=0.003887 train_acc=0.998321 val_acc=0.998335 lr=0.0010 time=136.49s best_val=0.003879 patience_left=8
[EPOCH 13/20] train_loss=0.003913 val_loss=0.003841 train_acc=0.998333 val_acc=0.998300 lr=0.0010 time=135.76s best_val=0.003879 patience_left=8
[CHECKPOINT] Saved best model at epoch 13 -> E:\HLC\data\outputs\cnn_lstm_fusion\CIC-IoMT-2024_binary\arch_ablation\cnn_lstm_fusion\CIC-IoMT-2024_binary\checks\best_ep13_fusion_cnn_only_seed42.pt
[EPOCH 14/20] train_loss=0.003903 val_loss=0.004036 train_acc=0.998341 val_acc=0.998268 lr=0.0010 time=137.09s best_val=0.003841 patience_left=8
[EPOCH 15/20] train_loss=0.003905 val_loss=0.003984 train_acc=0.998331 val_acc=0.998267 lr=0.0010 time=135.18s best_val=0.003841 patience_left=7
[EPOCH 16/20] train_loss=0.003918 val_loss=0.003906 train_acc=0.998339 val_acc=0.998271 lr=0.0010 time=136.01s best_val=0.003841 patience_left=6
[EPOCH 17/20] train_loss=0.003884 val_loss=0.003838 train_acc=0.998354 val_acc=0.998355 lr=0.0010 time=135.01s best_val=0.003841 patience_left=8
[CHECKPOINT] Saved best model at epoch 17 -> E:\HLC\data\outputs\cnn_lstm_fusion\CIC-IoMT-2024_binary\arch_ablation\cnn_lstm_fusion\CIC-IoMT-2024_binary\checks\best_ep17_fusion_cnn_only_seed42.pt
[EPOCH 18/20] train_loss=0.003876 val_loss=0.003819 train_acc=0.998355 val_acc=0.998352 lr=0.0010 time=134.51s best_val=0.003838 patience_left=8
[CHECKPOINT] Saved best model at epoch 18 -> E:\HLC\data\outputs\cnn_lstm_fusion\CIC-IoMT-2024_binary\arch_ablation\cnn_lstm_fusion\CIC-IoMT-2024_binary\checks\best_ep18_fusion_cnn_only_seed42.pt
[EPOCH 19/20] train_loss=0.003869 val_loss=0.003859 train_acc=0.998352 val_acc=0.998359 lr=0.0010 time=135.99s best_val=0.003819 patience_left=8
[EPOCH 20/20] train_loss=0.003875 val_loss=0.003836 train_acc=0.998367 val_acc=0.998342 lr=0.0010 time=135.60s best_val=0.003819 patience_left=7

[ARCH ABLATION] Evaluating Variant: BiLSTM Branch Only
[TRAIN] Dataset=CIC-IoMT-2024_binary | Classes=2 | InputDim=45 | Seed=42
[TRAIN] Model=Fusion (CNN+LSTM) | Params=177,282 | Device=cuda | Batch=256 | LR=0.001
[TRAIN] Epochs=20 | EarlyStop=8 | Optim=AdamW | Loss=CrossEntropy
[EPOCH 1/20] train_loss=0.006538 val_loss=0.004468 train_acc=0.997188 val_acc=0.998047 lr=0.0010 time=143.89s best_val=inf patience_left=8
[CHECKPOINT] Saved best model at epoch 1 -> E:\HLC\data\outputs\cnn_lstm_fusion\CIC-IoMT-2024_binary\arch_ablation\cnn_lstm_fusion\CIC-IoMT-2024_binary\checks\best_ep1_fusion_lstm_only_seed42.pt
[EPOCH 2/20] train_loss=0.004303 val_loss=0.004257 train_acc=0.998161 val_acc=0.998092 lr=0.0010 time=137.81s best_val=0.004468 patience_left=8
[CHECKPOINT] Saved best model at epoch 2 -> E:\HLC\data\outputs\cnn_lstm_fusion\CIC-IoMT-2024_binary\arch_ablation\cnn_lstm_fusion\CIC-IoMT-2024_binary\checks\best_ep2_fusion_lstm_only_seed42.pt
[EPOCH 3/20] train_loss=0.004165 val_loss=0.004153 train_acc=0.998229 val_acc=0.998189 lr=0.0010 time=138.43s best_val=0.004257 patience_left=8
[CHECKPOINT] Saved best model at epoch 3 -> E:\HLC\data\outputs\cnn_lstm_fusion\CIC-IoMT-2024_binary\arch_ablation\cnn_lstm_fusion\CIC-IoMT-2024_binary\checks\best_ep3_fusion_lstm_only_seed42.pt
[EPOCH 4/20] train_loss=0.004069 val_loss=0.004115 train_acc=0.998268 val_acc=0.998244 lr=0.0010 time=137.71s best_val=0.004153 patience_left=8
[CHECKPOINT] Saved best model at epoch 4 -> E:\HLC\data\outputs\cnn_lstm_fusion\CIC-IoMT-2024_binary\arch_ablation\cnn_lstm_fusion\CIC-IoMT-2024_binary\checks\best_ep4_fusion_lstm_only_seed42.pt
[EPOCH 5/20] train_loss=0.003995 val_loss=0.004013 train_acc=0.998307 val_acc=0.998285 lr=0.0010 time=136.38s best_val=0.004115 patience_left=8
[CHECKPOINT] Saved best model at epoch 5 -> E:\HLC\data\outputs\cnn_lstm_fusion\CIC-IoMT-2024_binary\arch_ablation\cnn_lstm_fusion\CIC-IoMT-2024_binary\checks\best_ep5_fusion_lstm_only_seed42.pt
[EPOCH 6/20] train_loss=0.003958 val_loss=0.003898 train_acc=0.998314 val_acc=0.998308 lr=0.0010 time=137.30s best_val=0.004013 patience_left=8
[CHECKPOINT] Saved best model at epoch 6 -> E:\HLC\data\outputs\cnn_lstm_fusion\CIC-IoMT-2024_binary\arch_ablation\cnn_lstm_fusion\CIC-IoMT-2024_binary\checks\best_ep6_fusion_lstm_only_seed42.pt
[EPOCH 7/20] train_loss=0.003909 val_loss=0.004043 train_acc=0.998341 val_acc=0.998280 lr=0.0010 time=137.55s best_val=0.003898 patience_left=8
[EPOCH 8/20] train_loss=0.003909 val_loss=0.003915 train_acc=0.998333 val_acc=0.998232 lr=0.0010 time=137.00s best_val=0.003898 patience_left=7
[EPOCH 9/20] train_loss=0.003920 val_loss=0.003881 train_acc=0.998325 val_acc=0.998338 lr=0.0010 time=140.02s best_val=0.003898 patience_left=8
[CHECKPOINT] Saved best model at epoch 9 -> E:\HLC\data\outputs\cnn_lstm_fusion\CIC-IoMT-2024_binary\arch_ablation\cnn_lstm_fusion\CIC-IoMT-2024_binary\checks\best_ep9_fusion_lstm_only_seed42.pt
[EPOCH 10/20] train_loss=0.003898 val_loss=0.003853 train_acc=0.998327 val_acc=0.998346 lr=0.0010 time=138.15s best_val=0.003881 patience_left=8
[CHECKPOINT] Saved best model at epoch 10 -> E:\HLC\data\outputs\cnn_lstm_fusion\CIC-IoMT-2024_binary\arch_ablation\cnn_lstm_fusion\CIC-IoMT-2024_binary\checks\best_ep10_fusion_lstm_only_seed42.pt
[EPOCH 11/20] train_loss=0.003886 val_loss=0.003981 train_acc=0.998355 val_acc=0.998339 lr=0.0010 time=139.12s best_val=0.003853 patience_left=8
[EPOCH 12/20] train_loss=0.003893 val_loss=0.003883 train_acc=0.998342 val_acc=0.998332 lr=0.0010 time=139.84s best_val=0.003853 patience_left=7
[EPOCH 13/20] train_loss=0.003867 val_loss=0.003876 train_acc=0.998349 val_acc=0.998325 lr=0.0010 time=137.22s best_val=0.003853 patience_left=6
[EPOCH 14/20] train_loss=0.003846 val_loss=0.003920 train_acc=0.998370 val_acc=0.998315 lr=0.0010 time=137.53s best_val=0.003853 patience_left=5
[EPOCH 15/20] train_loss=0.003884 val_loss=0.003990 train_acc=0.998347 val_acc=0.998306 lr=0.0010 time=139.37s best_val=0.003853 patience_left=4
[EPOCH 16/20] train_loss=0.003869 val_loss=0.003949 train_acc=0.998359 val_acc=0.998285 lr=0.0010 time=137.88s best_val=0.003853 patience_left=3
[EPOCH 17/20] train_loss=0.003853 val_loss=0.003861 train_acc=0.998359 val_acc=0.998340 lr=0.0010 time=138.63s best_val=0.003853 patience_left=2
[EPOCH 18/20] train_loss=0.003855 val_loss=0.003895 train_acc=0.998359 val_acc=0.998366 lr=0.0010 time=137.39s best_val=0.003853 patience_left=1
[EARLY-STOP] No improvement after 8 epochs. Stopping.

[ARCH ABLATION] Evaluating Variant: Fusion (w/o Attention Gating)
[TRAIN] Dataset=CIC-IoMT-2024_binary | Classes=2 | InputDim=45 | Seed=42
[TRAIN] Model=Fusion (CNN+LSTM) | Params=177,282 | Device=cuda | Batch=256 | LR=0.001
[TRAIN] Epochs=20 | EarlyStop=8 | Optim=AdamW | Loss=CrossEntropy
[EPOCH 1/20] train_loss=0.005261 val_loss=0.004800 train_acc=0.997754 val_acc=0.997957 lr=0.0010 time=157.25s best_val=inf patience_left=8
[CHECKPOINT] Saved best model at epoch 1 -> E:\HLC\data\outputs\cnn_lstm_fusion\CIC-IoMT-2024_binary\arch_ablation\cnn_lstm_fusion\CIC-IoMT-2024_binary\checks\best_ep1_fusion_no_gating_seed42.pt
[EPOCH 2/20] train_loss=0.004384 val_loss=0.004372 train_acc=0.998132 val_acc=0.998158 lr=0.0010 time=156.52s best_val=0.004800 patience_left=8
[CHECKPOINT] Saved best model at epoch 2 -> E:\HLC\data\outputs\cnn_lstm_fusion\CIC-IoMT-2024_binary\arch_ablation\cnn_lstm_fusion\CIC-IoMT-2024_binary\checks\best_ep2_fusion_no_gating_seed42.pt
[EPOCH 3/20] train_loss=0.004235 val_loss=0.004145 train_acc=0.998213 val_acc=0.998245 lr=0.0010 time=173.03s best_val=0.004372 patience_left=8
[CHECKPOINT] Saved best model at epoch 3 -> E:\HLC\data\outputs\cnn_lstm_fusion\CIC-IoMT-2024_binary\arch_ablation\cnn_lstm_fusion\CIC-IoMT-2024_binary\checks\best_ep3_fusion_no_gating_seed42.pt
[EPOCH 4/20] train_loss=0.004115 val_loss=0.004183 train_acc=0.998260 val_acc=0.998253 lr=0.0010 time=176.18s best_val=0.004145 patience_left=8
[EPOCH 5/20] train_loss=0.004047 val_loss=0.004036 train_acc=0.998297 val_acc=0.998251 lr=0.0010 time=164.15s best_val=0.004145 patience_left=8
[CHECKPOINT] Saved best model at epoch 5 -> E:\HLC\data\outputs\cnn_lstm_fusion\CIC-IoMT-2024_binary\arch_ablation\cnn_lstm_fusion\CIC-IoMT-2024_binary\checks\best_ep5_fusion_no_gating_seed42.pt
[EPOCH 6/20] train_loss=0.004023 val_loss=0.004053 train_acc=0.998293 val_acc=0.998247 lr=0.0010 time=158.26s best_val=0.004036 patience_left=8
[EPOCH 7/20] train_loss=0.003984 val_loss=0.004172 train_acc=0.998309 val_acc=0.998235 lr=0.0010 time=158.64s best_val=0.004036 patience_left=7
[EPOCH 8/20] train_loss=0.004003 val_loss=0.004620 train_acc=0.998311 val_acc=0.997994 lr=0.0010 time=159.20s best_val=0.004036 patience_left=6
[EPOCH 9/20] train_loss=0.003999 val_loss=0.003991 train_acc=0.998310 val_acc=0.998297 lr=0.0010 time=157.91s best_val=0.004036 patience_left=8
[CHECKPOINT] Saved best model at epoch 9 -> E:\HLC\data\outputs\cnn_lstm_fusion\CIC-IoMT-2024_binary\arch_ablation\cnn_lstm_fusion\CIC-IoMT-2024_binary\checks\best_ep9_fusion_no_gating_seed42.pt
[EPOCH 10/20] train_loss=0.003987 val_loss=0.003864 train_acc=0.998331 val_acc=0.998316 lr=0.0010 time=158.57s best_val=0.003991 patience_left=8
[CHECKPOINT] Saved best model at epoch 10 -> E:\HLC\data\outputs\cnn_lstm_fusion\CIC-IoMT-2024_binary\arch_ablation\cnn_lstm_fusion\CIC-IoMT-2024_binary\checks\best_ep10_fusion_no_gating_seed42.pt
[EPOCH 11/20] train_loss=0.003937 val_loss=0.004091 train_acc=0.998334 val_acc=0.998312 lr=0.0010 time=158.51s best_val=0.003864 patience_left=8
[EPOCH 12/20] train_loss=0.003970 val_loss=0.003817 train_acc=0.998324 val_acc=0.998340 lr=0.0010 time=157.43s best_val=0.003864 patience_left=8
[CHECKPOINT] Saved best model at epoch 12 -> E:\HLC\data\outputs\cnn_lstm_fusion\CIC-IoMT-2024_binary\arch_ablation\cnn_lstm_fusion\CIC-IoMT-2024_binary\checks\best_ep12_fusion_no_gating_seed42.pt
[EPOCH 13/20] train_loss=0.003937 val_loss=0.003868 train_acc=0.998331 val_acc=0.998319 lr=0.0010 time=160.50s best_val=0.003817 patience_left=8
[EPOCH 14/20] train_loss=0.003941 val_loss=0.003919 train_acc=0.998341 val_acc=0.998327 lr=0.0010 time=157.61s best_val=0.003817 patience_left=7
[EPOCH 15/20] train_loss=0.003957 val_loss=0.003861 train_acc=0.998335 val_acc=0.998317 lr=0.0010 time=157.48s best_val=0.003817 patience_left=6
[EPOCH 16/20] train_loss=0.003927 val_loss=0.004014 train_acc=0.998339 val_acc=0.998312 lr=0.0010 time=157.73s best_val=0.003817 patience_left=5
[EPOCH 17/20] train_loss=0.003916 val_loss=0.003950 train_acc=0.998350 val_acc=0.998335 lr=0.0010 time=156.08s best_val=0.003817 patience_left=4
[EPOCH 18/20] train_loss=0.003906 val_loss=0.003864 train_acc=0.998351 val_acc=0.998351 lr=0.0010 time=156.18s best_val=0.003817 patience_left=3
[EPOCH 19/20] train_loss=0.003910 val_loss=0.003740 train_acc=0.998345 val_acc=0.998384 lr=0.0010 time=157.09s best_val=0.003817 patience_left=8
[CHECKPOINT] Saved best model at epoch 19 -> E:\HLC\data\outputs\cnn_lstm_fusion\CIC-IoMT-2024_binary\arch_ablation\cnn_lstm_fusion\CIC-IoMT-2024_binary\checks\best_ep19_fusion_no_gating_seed42.pt
[EPOCH 20/20] train_loss=0.003891 val_loss=0.003940 train_acc=0.998363 val_acc=0.998267 lr=0.0010 time=162.90s best_val=0.003740 patience_left=8

[ARCH ABLATION] Evaluating Variant: Full Proposed Framework
[TRAIN] Dataset=CIC-IoMT-2024_binary | Classes=2 | InputDim=45 | Seed=42
[TRAIN] Model=Fusion (CNN+LSTM) | Params=177,282 | Device=cuda | Batch=256 | LR=0.001
[TRAIN] Epochs=20 | EarlyStop=8 | Optim=AdamW | Loss=CrossEntropy
[EPOCH 1/20] train_loss=0.005983 val_loss=0.004814 train_acc=0.997491 val_acc=0.997927 lr=0.0010 time=172.60s best_val=inf patience_left=8
[CHECKPOINT] Saved best model at epoch 1 -> E:\HLC\data\outputs\cnn_lstm_fusion\CIC-IoMT-2024_binary\arch_ablation\cnn_lstm_fusion\CIC-IoMT-2024_binary\checks\best_ep1_fusion_seed42.pt
[EPOCH 2/20] train_loss=0.004283 val_loss=0.004305 train_acc=0.998182 val_acc=0.998188 lr=0.0010 time=171.87s best_val=0.004814 patience_left=8
[CHECKPOINT] Saved best model at epoch 2 -> E:\HLC\data\outputs\cnn_lstm_fusion\CIC-IoMT-2024_binary\arch_ablation\cnn_lstm_fusion\CIC-IoMT-2024_binary\checks\best_ep2_fusion_seed42.pt
[EPOCH 3/20] train_loss=0.004159 val_loss=0.004040 train_acc=0.998239 val_acc=0.998294 lr=0.0010 time=172.09s best_val=0.004305 patience_left=8
[CHECKPOINT] Saved best model at epoch 3 -> E:\HLC\data\outputs\cnn_lstm_fusion\CIC-IoMT-2024_binary\arch_ablation\cnn_lstm_fusion\CIC-IoMT-2024_binary\checks\best_ep3_fusion_seed42.pt
[EPOCH 4/20] train_loss=0.004041 val_loss=0.004063 train_acc=0.998281 val_acc=0.998269 lr=0.0010 time=171.87s best_val=0.004040 patience_left=8
[EPOCH 5/20] train_loss=0.004007 val_loss=0.004038 train_acc=0.998285 val_acc=0.998252 lr=0.0010 time=172.04s best_val=0.004040 patience_left=8
[CHECKPOINT] Saved best model at epoch 5 -> E:\HLC\data\outputs\cnn_lstm_fusion\CIC-IoMT-2024_binary\arch_ablation\cnn_lstm_fusion\CIC-IoMT-2024_binary\checks\best_ep5_fusion_seed42.pt
[EPOCH 6/20] train_loss=0.003988 val_loss=0.003938 train_acc=0.998311 val_acc=0.998276 lr=0.0010 time=173.16s best_val=0.004038 patience_left=8
[CHECKPOINT] Saved best model at epoch 6 -> E:\HLC\data\outputs\cnn_lstm_fusion\CIC-IoMT-2024_binary\arch_ablation\cnn_lstm_fusion\CIC-IoMT-2024_binary\checks\best_ep6_fusion_seed42.pt
[EPOCH 7/20] train_loss=0.003934 val_loss=0.004014 train_acc=0.998327 val_acc=0.998290 lr=0.0010 time=173.01s best_val=0.003938 patience_left=8
[EPOCH 8/20] train_loss=0.003943 val_loss=0.003908 train_acc=0.998323 val_acc=0.998233 lr=0.0010 time=175.12s best_val=0.003938 patience_left=8
[CHECKPOINT] Saved best model at epoch 8 -> E:\HLC\data\outputs\cnn_lstm_fusion\CIC-IoMT-2024_binary\arch_ablation\cnn_lstm_fusion\CIC-IoMT-2024_binary\checks\best_ep8_fusion_seed42.pt
[EPOCH 9/20] train_loss=0.003926 val_loss=0.003971 train_acc=0.998324 val_acc=0.998328 lr=0.0010 time=196.28s best_val=0.003908 patience_left=8
[EPOCH 10/20] train_loss=0.003916 val_loss=0.003822 train_acc=0.998345 val_acc=0.998327 lr=0.0010 time=199.11s best_val=0.003908 patience_left=8
[CHECKPOINT] Saved best model at epoch 10 -> E:\HLC\data\outputs\cnn_lstm_fusion\CIC-IoMT-2024_binary\arch_ablation\cnn_lstm_fusion\CIC-IoMT-2024_binary\checks\best_ep10_fusion_seed42.pt
[EPOCH 11/20] train_loss=0.003931 val_loss=0.003877 train_acc=0.998334 val_acc=0.998299 lr=0.0010 time=202.69s best_val=0.003822 patience_left=8
[EPOCH 12/20] train_loss=0.003922 val_loss=0.003853 train_acc=0.998341 val_acc=0.998333 lr=0.0010 time=183.54s best_val=0.003822 patience_left=7
[EPOCH 13/20] train_loss=0.003903 val_loss=0.003937 train_acc=0.998345 val_acc=0.998296 lr=0.0010 time=170.89s best_val=0.003822 patience_left=6
[EPOCH 14/20] train_loss=0.003919 val_loss=0.003912 train_acc=0.998348 val_acc=0.998276 lr=0.0010 time=171.85s best_val=0.003822 patience_left=5
[EPOCH 15/20] train_loss=0.003903 val_loss=0.003903 train_acc=0.998351 val_acc=0.998319 lr=0.0010 time=172.95s best_val=0.003822 patience_left=4
[EPOCH 16/20] train_loss=0.003900 val_loss=0.003899 train_acc=0.998349 val_acc=0.998289 lr=0.0010 time=173.45s best_val=0.003822 patience_left=3
[EPOCH 17/20] train_loss=0.003864 val_loss=0.003850 train_acc=0.998348 val_acc=0.998300 lr=0.0010 time=174.74s best_val=0.003822 patience_left=2
[EPOCH 18/20] train_loss=0.003895 val_loss=0.003941 train_acc=0.998345 val_acc=0.998321 lr=0.0010 time=171.11s best_val=0.003822 patience_left=1
[EARLY-STOP] No improvement after 8 epochs. Stopping.

[ARCH ABLATION COMPLETE] Summary saved to E:\HLC\data\outputs\cnn_lstm_fusion\CIC-IoMT-2024_binary\arch_ablation\architectural_ablation_summary.json
[DONE] Architectural ablation results saved to E:\HLC\data\outputs\cnn_lstm_fusion\CIC-IoMT-2024_binary\arch_ablation

==================== IDS EXPERIMENT CLI ====================
(1) Load & split dataset (persist)
(2) Load existing split (validate)
(3) Visualize features (EPS)
(4) Train model (save ckpt + curves + history CSV)
(5) Evaluate & plot performance (EPS + CSV/JSON)
(6) XAI (SHAP/LIME/ANOVA)
(7) Feature Ablation (user-selected feature subset)
(8) Architectural Ablation (CNN, BiLSTM, Fusion w/o Gating, Full)
(9) Evaluate (explicit)
(10) Inference (load_model → predict live CSV)
(q) Quit
============================================================

Select option: 8

[8] Architectural Ablation Study (CNN, BiLSTM, Fusion w/o Gating, Full Proposed Model)
Available splits: ['Apose-IoT-23_binary', 'Apose-IoT-23_multiclass', 'BoT-IoT_binary', 'BoT-IoT_multiclass', 'CIC-IoMT-2024_binary', 'CIC-IoMT-2024_multiclass', 'CIC-IoT-2025_binary', 'CIC-IoT-2025_multiclass']
Split key: CIC-IoMT-2024_multiclass

[ARCH ABLATION] Evaluating Variant: CNN Branch Only
[TRAIN] Dataset=CIC-IoMT-2024_multiclass | Classes=19 | InputDim=45 | Seed=42
[TRAIN] Model=Fusion (CNN+LSTM) | Params=178,387 | Device=cuda | Batch=256 | LR=0.001
[TRAIN] Epochs=20 | EarlyStop=8 | Optim=AdamW | Loss=CrossEntropy
[EPOCH 1/20] train_loss=0.496243 val_loss=0.457913 train_acc=0.777896 val_acc=0.792545 lr=0.0010 time=137.11s best_val=inf patience_left=8
[CHECKPOINT] Saved best model at epoch 1 -> E:\HLC\data\outputs\cnn_lstm_fusion\CIC-IoMT-2024_multiclass\arch_ablation\cnn_lstm_fusion\CIC-IoMT-2024_multiclass\checks\best_ep1_fusion_cnn_only_seed42.pt
[EPOCH 2/20] train_loss=0.461368 val_loss=0.453497 train_acc=0.791038 val_acc=0.794160 lr=0.0010 time=137.37s best_val=0.457913 patience_left=8
[CHECKPOINT] Saved best model at epoch 2 -> E:\HLC\data\outputs\cnn_lstm_fusion\CIC-IoMT-2024_multiclass\arch_ablation\cnn_lstm_fusion\CIC-IoMT-2024_multiclass\checks\best_ep2_fusion_cnn_only_seed42.pt
[EPOCH 3/20] train_loss=0.456995 val_loss=0.450720 train_acc=0.793085 val_acc=0.794286 lr=0.0010 time=133.80s best_val=0.453497 patience_left=8
[CHECKPOINT] Saved best model at epoch 3 -> E:\HLC\data\outputs\cnn_lstm_fusion\CIC-IoMT-2024_multiclass\arch_ablation\cnn_lstm_fusion\CIC-IoMT-2024_multiclass\checks\best_ep3_fusion_cnn_only_seed42.pt
[EPOCH 4/20] train_loss=0.428811 val_loss=0.406150 train_acc=0.808646 val_acc=0.836060 lr=0.0010 time=132.76s best_val=0.450720 patience_left=8
[CHECKPOINT] Saved best model at epoch 4 -> E:\HLC\data\outputs\cnn_lstm_fusion\CIC-IoMT-2024_multiclass\arch_ablation\cnn_lstm_fusion\CIC-IoMT-2024_multiclass\checks\best_ep4_fusion_cnn_only_seed42.pt
[EPOCH 5/20] train_loss=0.359811 val_loss=0.252122 train_acc=0.848963 val_acc=0.924868 lr=0.0010 time=133.09s best_val=0.406150 patience_left=8
[CHECKPOINT] Saved best model at epoch 5 -> E:\HLC\data\outputs\cnn_lstm_fusion\CIC-IoMT-2024_multiclass\arch_ablation\cnn_lstm_fusion\CIC-IoMT-2024_multiclass\checks\best_ep5_fusion_cnn_only_seed42.pt
[EPOCH 6/20] train_loss=0.286936 val_loss=0.156765 train_acc=0.890215 val_acc=0.952687 lr=0.0010 time=135.30s best_val=0.252122 patience_left=8
[CHECKPOINT] Saved best model at epoch 6 -> E:\HLC\data\outputs\cnn_lstm_fusion\CIC-IoMT-2024_multiclass\arch_ablation\cnn_lstm_fusion\CIC-IoMT-2024_multiclass\checks\best_ep6_fusion_cnn_only_seed42.pt
[EPOCH 7/20] train_loss=0.110048 val_loss=0.038564 train_acc=0.963333 val_acc=0.987248 lr=0.0010 time=134.22s best_val=0.156765 patience_left=8
[CHECKPOINT] Saved best model at epoch 7 -> E:\HLC\data\outputs\cnn_lstm_fusion\CIC-IoMT-2024_multiclass\arch_ablation\cnn_lstm_fusion\CIC-IoMT-2024_multiclass\checks\best_ep7_fusion_cnn_only_seed42.pt
[EPOCH 8/20] train_loss=0.098486 val_loss=0.253765 train_acc=0.965678 val_acc=0.858716 lr=0.0010 time=136.10s best_val=0.038564 patience_left=8
[EPOCH 9/20] train_loss=0.207091 val_loss=0.183591 train_acc=0.920953 val_acc=0.922350 lr=0.0010 time=134.46s best_val=0.038564 patience_left=7
[EPOCH 10/20] train_loss=0.307326 val_loss=0.345793 train_acc=0.879776 val_acc=0.891577 lr=0.0010 time=134.42s best_val=0.038564 patience_left=6
[EPOCH 11/20] train_loss=0.327048 val_loss=0.218582 train_acc=0.873622 val_acc=0.923626 lr=0.0010 time=135.80s best_val=0.038564 patience_left=5
[EPOCH 12/20] train_loss=0.359624 val_loss=0.198234 train_acc=0.853503 val_acc=0.924886 lr=0.0010 time=135.59s best_val=0.038564 patience_left=4
[EPOCH 13/20] train_loss=0.326038 val_loss=0.174922 train_acc=0.867638 val_acc=0.926729 lr=0.0010 time=135.39s best_val=0.038564 patience_left=3
[EPOCH 14/20] train_loss=0.391703 val_loss=0.493392 train_acc=0.837020 val_acc=0.780187 lr=0.0010 time=135.45s best_val=0.038564 patience_left=2
[EPOCH 15/20] train_loss=0.455962 val_loss=0.526332 train_acc=0.808664 val_acc=0.772502 lr=0.0010 time=137.42s best_val=0.038564 patience_left=1
[EARLY-STOP] No improvement after 8 epochs. Stopping.

[ARCH ABLATION] Evaluating Variant: BiLSTM Branch Only
[TRAIN] Dataset=CIC-IoMT-2024_multiclass | Classes=19 | InputDim=45 | Seed=42
[TRAIN] Model=Fusion (CNN+LSTM) | Params=178,387 | Device=cuda | Batch=256 | LR=0.001
[TRAIN] Epochs=20 | EarlyStop=8 | Optim=AdamW | Loss=CrossEntropy
[EPOCH 1/20] train_loss=0.498798 val_loss=0.462259 train_acc=0.777306 val_acc=0.789573 lr=0.0010 time=138.24s best_val=inf patience_left=8
[CHECKPOINT] Saved best model at epoch 1 -> E:\HLC\data\outputs\cnn_lstm_fusion\CIC-IoMT-2024_multiclass\arch_ablation\cnn_lstm_fusion\CIC-IoMT-2024_multiclass\checks\best_ep1_fusion_lstm_only_seed42.pt
[EPOCH 2/20] train_loss=0.460127 val_loss=0.454753 train_acc=0.790933 val_acc=0.792209 lr=0.0010 time=137.55s best_val=0.462259 patience_left=8
[CHECKPOINT] Saved best model at epoch 2 -> E:\HLC\data\outputs\cnn_lstm_fusion\CIC-IoMT-2024_multiclass\arch_ablation\cnn_lstm_fusion\CIC-IoMT-2024_multiclass\checks\best_ep2_fusion_lstm_only_seed42.pt
[EPOCH 3/20] train_loss=0.455211 val_loss=0.453883 train_acc=0.792789 val_acc=0.792873 lr=0.0010 time=137.86s best_val=0.454753 patience_left=8
[CHECKPOINT] Saved best model at epoch 3 -> E:\HLC\data\outputs\cnn_lstm_fusion\CIC-IoMT-2024_multiclass\arch_ablation\cnn_lstm_fusion\CIC-IoMT-2024_multiclass\checks\best_ep3_fusion_lstm_only_seed42.pt
[EPOCH 4/20] train_loss=0.379296 val_loss=0.389216 train_acc=0.836117 val_acc=0.887496 lr=0.0010 time=138.28s best_val=0.453883 patience_left=8
[CHECKPOINT] Saved best model at epoch 4 -> E:\HLC\data\outputs\cnn_lstm_fusion\CIC-IoMT-2024_multiclass\arch_ablation\cnn_lstm_fusion\CIC-IoMT-2024_multiclass\checks\best_ep4_fusion_lstm_only_seed42.pt
[EPOCH 5/20] train_loss=0.104156 val_loss=0.060020 train_acc=0.968276 val_acc=0.979346 lr=0.0010 time=137.77s best_val=0.389216 patience_left=8
[CHECKPOINT] Saved best model at epoch 5 -> E:\HLC\data\outputs\cnn_lstm_fusion\CIC-IoMT-2024_multiclass\arch_ablation\cnn_lstm_fusion\CIC-IoMT-2024_multiclass\checks\best_ep5_fusion_lstm_only_seed42.pt
[EPOCH 6/20] train_loss=0.053309 val_loss=0.027631 train_acc=0.984262 val_acc=0.989565 lr=0.0010 time=137.50s best_val=0.060020 patience_left=8
[CHECKPOINT] Saved best model at epoch 6 -> E:\HLC\data\outputs\cnn_lstm_fusion\CIC-IoMT-2024_multiclass\arch_ablation\cnn_lstm_fusion\CIC-IoMT-2024_multiclass\checks\best_ep6_fusion_lstm_only_seed42.pt
[EPOCH 7/20] train_loss=0.049647 val_loss=0.026599 train_acc=0.984261 val_acc=0.990454 lr=0.0010 time=138.34s best_val=0.027631 patience_left=8
[CHECKPOINT] Saved best model at epoch 7 -> E:\HLC\data\outputs\cnn_lstm_fusion\CIC-IoMT-2024_multiclass\arch_ablation\cnn_lstm_fusion\CIC-IoMT-2024_multiclass\checks\best_ep7_fusion_lstm_only_seed42.pt
[EPOCH 8/20] train_loss=0.049847 val_loss=0.022878 train_acc=0.983628 val_acc=0.991425 lr=0.0010 time=140.88s best_val=0.026599 patience_left=8
[CHECKPOINT] Saved best model at epoch 8 -> E:\HLC\data\outputs\cnn_lstm_fusion\CIC-IoMT-2024_multiclass\arch_ablation\cnn_lstm_fusion\CIC-IoMT-2024_multiclass\checks\best_ep8_fusion_lstm_only_seed42.pt
[EPOCH 9/20] train_loss=0.044134 val_loss=0.023191 train_acc=0.987174 val_acc=0.991479 lr=0.0010 time=139.38s best_val=0.022878 patience_left=8
[EPOCH 10/20] train_loss=0.034040 val_loss=0.039221 train_acc=0.989640 val_acc=0.988006 lr=0.0010 time=138.95s best_val=0.022878 patience_left=7
[EPOCH 11/20] train_loss=0.051718 val_loss=0.022307 train_acc=0.982806 val_acc=0.991478 lr=0.0010 time=141.47s best_val=0.022878 patience_left=8
[CHECKPOINT] Saved best model at epoch 11 -> E:\HLC\data\outputs\cnn_lstm_fusion\CIC-IoMT-2024_multiclass\arch_ablation\cnn_lstm_fusion\CIC-IoMT-2024_multiclass\checks\best_ep11_fusion_lstm_only_seed42.pt
[EPOCH 12/20] train_loss=0.068087 val_loss=0.025684 train_acc=0.977108 val_acc=0.990893 lr=0.0010 time=140.14s best_val=0.022307 patience_left=8
[EPOCH 13/20] train_loss=0.069347 val_loss=0.178668 train_acc=0.976086 val_acc=0.911940 lr=0.0010 time=139.37s best_val=0.022307 patience_left=7
[EPOCH 14/20] train_loss=0.061253 val_loss=0.025392 train_acc=0.979610 val_acc=0.990723 lr=0.0010 time=138.66s best_val=0.022307 patience_left=6
[EPOCH 15/20] train_loss=0.067603 val_loss=0.032456 train_acc=0.976574 val_acc=0.988905 lr=0.0010 time=138.78s best_val=0.022307 patience_left=5
[EPOCH 16/20] train_loss=0.057883 val_loss=0.021592 train_acc=0.980385 val_acc=0.992196 lr=0.0010 time=138.20s best_val=0.022307 patience_left=8
[CHECKPOINT] Saved best model at epoch 16 -> E:\HLC\data\outputs\cnn_lstm_fusion\CIC-IoMT-2024_multiclass\arch_ablation\cnn_lstm_fusion\CIC-IoMT-2024_multiclass\checks\best_ep16_fusion_lstm_only_seed42.pt
[EPOCH 17/20] train_loss=0.050118 val_loss=0.023176 train_acc=0.983409 val_acc=0.990825 lr=0.0010 time=139.18s best_val=0.021592 patience_left=8
[EPOCH 18/20] train_loss=0.066853 val_loss=0.023373 train_acc=0.977934 val_acc=0.991404 lr=0.0010 time=138.02s best_val=0.021592 patience_left=7
[EPOCH 19/20] train_loss=0.050298 val_loss=0.022907 train_acc=0.983412 val_acc=0.991150 lr=0.0010 time=136.37s best_val=0.021592 patience_left=6
[EPOCH 20/20] train_loss=0.060052 val_loss=0.021295 train_acc=0.980294 val_acc=0.992296 lr=0.0010 time=136.91s best_val=0.021592 patience_left=8
[CHECKPOINT] Saved best model at epoch 20 -> E:\HLC\data\outputs\cnn_lstm_fusion\CIC-IoMT-2024_multiclass\arch_ablation\cnn_lstm_fusion\CIC-IoMT-2024_multiclass\checks\best_ep20_fusion_lstm_only_seed42.pt

[ARCH ABLATION] Evaluating Variant: Fusion (w/o Attention Gating)
[TRAIN] Dataset=CIC-IoMT-2024_multiclass | Classes=19 | InputDim=45 | Seed=42
[TRAIN] Model=Fusion (CNN+LSTM) | Params=178,387 | Device=cuda | Batch=256 | LR=0.001
[TRAIN] Epochs=20 | EarlyStop=8 | Optim=AdamW | Loss=CrossEntropy
[EPOCH 1/20] train_loss=0.474773 val_loss=0.451624 train_acc=0.785758 val_acc=0.793952 lr=0.0010 time=156.80s best_val=inf patience_left=8
[CHECKPOINT] Saved best model at epoch 1 -> E:\HLC\data\outputs\cnn_lstm_fusion\CIC-IoMT-2024_multiclass\arch_ablation\cnn_lstm_fusion\CIC-IoMT-2024_multiclass\checks\best_ep1_fusion_no_gating_seed42.pt
[EPOCH 2/20] train_loss=0.276770 val_loss=0.217949 train_acc=0.886639 val_acc=0.898706 lr=0.0010 time=155.81s best_val=0.451624 patience_left=8
[CHECKPOINT] Saved best model at epoch 2 -> E:\HLC\data\outputs\cnn_lstm_fusion\CIC-IoMT-2024_multiclass\arch_ablation\cnn_lstm_fusion\CIC-IoMT-2024_multiclass\checks\best_ep2_fusion_no_gating_seed42.pt
[EPOCH 3/20] train_loss=0.265350 val_loss=0.429873 train_acc=0.893566 val_acc=0.806074 lr=0.0010 time=157.30s best_val=0.217949 patience_left=8
[EPOCH 4/20] train_loss=0.407945 val_loss=0.403595 train_acc=0.819039 val_acc=0.816704 lr=0.0010 time=157.27s best_val=0.217949 patience_left=7
[EPOCH 5/20] train_loss=0.414770 val_loss=0.420268 train_acc=0.813241 val_acc=0.808968 lr=0.0010 time=157.15s best_val=0.217949 patience_left=6
[EPOCH 6/20] train_loss=0.248227 val_loss=0.268708 train_acc=0.896276 val_acc=0.839611 lr=0.0010 time=156.44s best_val=0.217949 patience_left=5
[EPOCH 7/20] train_loss=0.167932 val_loss=0.094861 train_acc=0.936132 val_acc=0.971043 lr=0.0010 time=157.16s best_val=0.217949 patience_left=8
[CHECKPOINT] Saved best model at epoch 7 -> E:\HLC\data\outputs\cnn_lstm_fusion\CIC-IoMT-2024_multiclass\arch_ablation\cnn_lstm_fusion\CIC-IoMT-2024_multiclass\checks\best_ep7_fusion_no_gating_seed42.pt
[EPOCH 8/20] train_loss=0.112448 val_loss=0.184463 train_acc=0.963766 val_acc=0.930372 lr=0.0010 time=156.54s best_val=0.094861 patience_left=8
[EPOCH 9/20] train_loss=0.135638 val_loss=0.087863 train_acc=0.952414 val_acc=0.931271 lr=0.0010 time=157.51s best_val=0.094861 patience_left=8
[CHECKPOINT] Saved best model at epoch 9 -> E:\HLC\data\outputs\cnn_lstm_fusion\CIC-IoMT-2024_multiclass\arch_ablation\cnn_lstm_fusion\CIC-IoMT-2024_multiclass\checks\best_ep9_fusion_no_gating_seed42.pt
[EPOCH 10/20] train_loss=0.096622 val_loss=0.023556 train_acc=0.960754 val_acc=0.991407 lr=0.0010 time=156.31s best_val=0.087863 patience_left=8
[CHECKPOINT] Saved best model at epoch 10 -> E:\HLC\data\outputs\cnn_lstm_fusion\CIC-IoMT-2024_multiclass\arch_ablation\cnn_lstm_fusion\CIC-IoMT-2024_multiclass\checks\best_ep10_fusion_no_gating_seed42.pt
[EPOCH 11/20] train_loss=0.048884 val_loss=0.022894 train_acc=0.984909 val_acc=0.991785 lr=0.0010 time=158.39s best_val=0.023556 patience_left=8
[CHECKPOINT] Saved best model at epoch 11 -> E:\HLC\data\outputs\cnn_lstm_fusion\CIC-IoMT-2024_multiclass\arch_ablation\cnn_lstm_fusion\CIC-IoMT-2024_multiclass\checks\best_ep11_fusion_no_gating_seed42.pt
[EPOCH 12/20] train_loss=0.042313 val_loss=0.111241 train_acc=0.987082 val_acc=0.978618 lr=0.0010 time=158.76s best_val=0.022894 patience_left=8
[EPOCH 13/20] train_loss=0.052145 val_loss=0.030933 train_acc=0.983565 val_acc=0.991288 lr=0.0010 time=158.31s best_val=0.022894 patience_left=7
[EPOCH 14/20] train_loss=0.050698 val_loss=0.022377 train_acc=0.984003 val_acc=0.991772 lr=0.0010 time=157.99s best_val=0.022894 patience_left=8
[CHECKPOINT] Saved best model at epoch 14 -> E:\HLC\data\outputs\cnn_lstm_fusion\CIC-IoMT-2024_multiclass\arch_ablation\cnn_lstm_fusion\CIC-IoMT-2024_multiclass\checks\best_ep14_fusion_no_gating_seed42.pt
[EPOCH 15/20] train_loss=0.043707 val_loss=0.019695 train_acc=0.986821 val_acc=0.992694 lr=0.0010 time=157.80s best_val=0.022377 patience_left=8
[CHECKPOINT] Saved best model at epoch 15 -> E:\HLC\data\outputs\cnn_lstm_fusion\CIC-IoMT-2024_multiclass\arch_ablation\cnn_lstm_fusion\CIC-IoMT-2024_multiclass\checks\best_ep15_fusion_no_gating_seed42.pt
[EPOCH 16/20] train_loss=0.050154 val_loss=0.021093 train_acc=0.984271 val_acc=0.992533 lr=0.0010 time=159.33s best_val=0.019695 patience_left=8
[EPOCH 17/20] train_loss=0.032164 val_loss=0.021203 train_acc=0.989713 val_acc=0.992027 lr=0.0010 time=159.49s best_val=0.019695 patience_left=7
[EPOCH 18/20] train_loss=0.043064 val_loss=0.020788 train_acc=0.986624 val_acc=0.992134 lr=0.0010 time=157.31s best_val=0.019695 patience_left=6
[EPOCH 19/20] train_loss=0.048497 val_loss=0.022305 train_acc=0.984042 val_acc=0.991780 lr=0.0010 time=156.85s best_val=0.019695 patience_left=5
[EPOCH 20/20] train_loss=0.039999 val_loss=0.023277 train_acc=0.987684 val_acc=0.991465 lr=0.0010 time=164.40s best_val=0.019695 patience_left=4

[ARCH ABLATION] Evaluating Variant: Full Proposed Framework
[TRAIN] Dataset=CIC-IoMT-2024_multiclass | Classes=19 | InputDim=45 | Seed=42
[TRAIN] Model=Fusion (CNN+LSTM) | Params=178,387 | Device=cuda | Batch=256 | LR=0.001
[TRAIN] Epochs=20 | EarlyStop=8 | Optim=AdamW | Loss=CrossEntropy
[EPOCH 1/20] train_loss=0.493017 val_loss=0.455616 train_acc=0.778761 val_acc=0.792660 lr=0.0010 time=175.75s best_val=inf patience_left=8
[CHECKPOINT] Saved best model at epoch 1 -> E:\HLC\data\outputs\cnn_lstm_fusion\CIC-IoMT-2024_multiclass\arch_ablation\cnn_lstm_fusion\CIC-IoMT-2024_multiclass\checks\best_ep1_fusion_seed42.pt
[EPOCH 2/20] train_loss=0.457518 val_loss=0.450676 train_acc=0.792321 val_acc=0.794239 lr=0.0010 time=183.30s best_val=0.455616 patience_left=8
[CHECKPOINT] Saved best model at epoch 2 -> E:\HLC\data\outputs\cnn_lstm_fusion\CIC-IoMT-2024_multiclass\arch_ablation\cnn_lstm_fusion\CIC-IoMT-2024_multiclass\checks\best_ep2_fusion_seed42.pt
[EPOCH 3/20] train_loss=0.452909 val_loss=0.448689 train_acc=0.794156 val_acc=0.793002 lr=0.0010 time=198.50s best_val=0.450676 patience_left=8
[CHECKPOINT] Saved best model at epoch 3 -> E:\HLC\data\outputs\cnn_lstm_fusion\CIC-IoMT-2024_multiclass\arch_ablation\cnn_lstm_fusion\CIC-IoMT-2024_multiclass\checks\best_ep3_fusion_seed42.pt
[EPOCH 4/20] train_loss=0.370353 val_loss=0.263190 train_acc=0.841234 val_acc=0.898751 lr=0.0010 time=199.04s best_val=0.448689 patience_left=8
[CHECKPOINT] Saved best model at epoch 4 -> E:\HLC\data\outputs\cnn_lstm_fusion\CIC-IoMT-2024_multiclass\arch_ablation\cnn_lstm_fusion\CIC-IoMT-2024_multiclass\checks\best_ep4_fusion_seed42.pt
[EPOCH 5/20] train_loss=0.244451 val_loss=0.165560 train_acc=0.908028 val_acc=0.951713 lr=0.0010 time=201.96s best_val=0.263190 patience_left=8
[CHECKPOINT] Saved best model at epoch 5 -> E:\HLC\data\outputs\cnn_lstm_fusion\CIC-IoMT-2024_multiclass\arch_ablation\cnn_lstm_fusion\CIC-IoMT-2024_multiclass\checks\best_ep5_fusion_seed42.pt
[EPOCH 6/20] train_loss=0.168289 val_loss=0.058576 train_acc=0.941677 val_acc=0.978388 lr=0.0010 time=174.71s best_val=0.165560 patience_left=8
[CHECKPOINT] Saved best model at epoch 6 -> E:\HLC\data\outputs\cnn_lstm_fusion\CIC-IoMT-2024_multiclass\arch_ablation\cnn_lstm_fusion\CIC-IoMT-2024_multiclass\checks\best_ep6_fusion_seed42.pt
[EPOCH 7/20] train_loss=0.115192 val_loss=0.057581 train_acc=0.962994 val_acc=0.980623 lr=0.0010 time=171.12s best_val=0.058576 patience_left=8
[CHECKPOINT] Saved best model at epoch 7 -> E:\HLC\data\outputs\cnn_lstm_fusion\CIC-IoMT-2024_multiclass\arch_ablation\cnn_lstm_fusion\CIC-IoMT-2024_multiclass\checks\best_ep7_fusion_seed42.pt
[EPOCH 8/20] train_loss=0.106252 val_loss=0.173767 train_acc=0.966440 val_acc=0.930503 lr=0.0010 time=174.67s best_val=0.057581 patience_left=8
[EPOCH 9/20] train_loss=0.239028 val_loss=0.297429 train_acc=0.901091 val_acc=0.861707 lr=0.0010 time=179.91s best_val=0.057581 patience_left=7
[EPOCH 10/20] train_loss=0.343496 val_loss=0.268949 train_acc=0.854150 val_acc=0.904855 lr=0.0010 time=173.43s best_val=0.057581 patience_left=6
[EPOCH 11/20] train_loss=0.308039 val_loss=0.322193 train_acc=0.876007 val_acc=0.869524 lr=0.0010 time=177.52s best_val=0.057581 patience_left=5
[EPOCH 12/20] train_loss=0.361478 val_loss=0.480952 train_acc=0.845838 val_acc=0.758009 lr=0.0010 time=173.52s best_val=0.057581 patience_left=4
[EPOCH 13/20] train_loss=0.354350 val_loss=0.420474 train_acc=0.848695 val_acc=0.797525 lr=0.0010 time=172.34s best_val=0.057581 patience_left=3
[EPOCH 14/20] train_loss=0.338855 val_loss=0.315895 train_acc=0.856486 val_acc=0.858597 lr=0.0010 time=170.96s best_val=0.057581 patience_left=2
[EPOCH 15/20] train_loss=0.365871 val_loss=0.522444 train_acc=0.841468 val_acc=0.751963 lr=0.0010 time=170.95s best_val=0.057581 patience_left=1
[EARLY-STOP] No improvement after 8 epochs. Stopping.
[ARCH ABLATION COMPLETE] Summary saved to E:\HLC\data\outputs\cnn_lstm_fusion\CIC-IoMT-2024_multiclass\arch_ablation\architectural_ablation_summary.json
[DONE] Architectural ablation results saved to E:\HLC\data\outputs\cnn_lstm_fusion\CIC-IoMT-2024_multiclass\arch_ablation

==================== IDS EXPERIMENT CLI ====================
(1) Load & split dataset (persist)
(2) Load existing split (validate)
(3) Visualize features (EPS)
(4) Train model (save ckpt + curves + history CSV)
(5) Evaluate & plot performance (EPS + CSV/JSON)
(6) XAI (SHAP/LIME/ANOVA)
(7) Feature Ablation (user-selected feature subset)
(8) Architectural Ablation (CNN, BiLSTM, Fusion w/o Gating, Full)
(9) Evaluate (explicit)
(10) Inference (load_model → predict live CSV)
(q) Quit
============================================================

Select option: 8

[8] Architectural Ablation Study (CNN, BiLSTM, Fusion w/o Gating, Full Proposed Model)
Available splits: ['Apose-IoT-23_binary', 'Apose-IoT-23_multiclass', 'BoT-IoT_binary', 'BoT-IoT_multiclass', 'CIC-IoMT-2024_binary', 'CIC-IoMT-2024_multiclass', 'CIC-IoT-2025_binary', 'CIC-IoT-2025_multiclass']
Split key: BoT-IoT_binary

[ARCH ABLATION] Evaluating Variant: CNN Branch Only
[TRAIN] Dataset=BoT-IoT_binary | Classes=2 | InputDim=28 | Seed=42
[TRAIN] Model=Fusion (CNN+LSTM) | Params=172,930 | Device=cuda | Batch=256 | LR=0.001
[TRAIN] Epochs=20 | EarlyStop=8 | Optim=AdamW | Loss=CrossEntropy
[EPOCH 1/20] train_loss=0.000893 val_loss=0.000103 train_acc=0.999944 val_acc=0.999963 lr=0.0010 time=164.40s best_val=inf patience_left=8
[CHECKPOINT] Saved best model at epoch 1 -> E:\HLC\data\outputs\cnn_lstm_fusion\BoT-IoT_binary\arch_ablation\cnn_lstm_fusion\BoT-IoT_binary\checks\best_ep1_fusion_cnn_only_seed42.pt
[EPOCH 2/20] train_loss=0.000168 val_loss=0.000097 train_acc=0.999965 val_acc=0.999953 lr=0.0010 time=154.95s best_val=0.000103 patience_left=8
[CHECKPOINT] Saved best model at epoch 2 -> E:\HLC\data\outputs\cnn_lstm_fusion\BoT-IoT_binary\arch_ablation\cnn_lstm_fusion\BoT-IoT_binary\checks\best_ep2_fusion_cnn_only_seed42.pt
[EPOCH 3/20] train_loss=0.000150 val_loss=0.000084 train_acc=0.999970 val_acc=0.999985 lr=0.0010 time=154.79s best_val=0.000097 patience_left=8
[CHECKPOINT] Saved best model at epoch 3 -> E:\HLC\data\outputs\cnn_lstm_fusion\BoT-IoT_binary\arch_ablation\cnn_lstm_fusion\BoT-IoT_binary\checks\best_ep3_fusion_cnn_only_seed42.pt
[EPOCH 4/20] train_loss=0.000131 val_loss=0.000079 train_acc=0.999971 val_acc=0.999980 lr=0.0010 time=155.00s best_val=0.000084 patience_left=8
[CHECKPOINT] Saved best model at epoch 4 -> E:\HLC\data\outputs\cnn_lstm_fusion\BoT-IoT_binary\arch_ablation\cnn_lstm_fusion\BoT-IoT_binary\checks\best_ep4_fusion_cnn_only_seed42.pt
[EPOCH 5/20] train_loss=0.000107 val_loss=0.000096 train_acc=0.999972 val_acc=0.999985 lr=0.0010 time=155.19s best_val=0.000079 patience_left=8
[EPOCH 6/20] train_loss=0.000121 val_loss=0.000077 train_acc=0.999973 val_acc=0.999981 lr=0.0010 time=155.87s best_val=0.000079 patience_left=8
[CHECKPOINT] Saved best model at epoch 6 -> E:\HLC\data\outputs\cnn_lstm_fusion\BoT-IoT_binary\arch_ablation\cnn_lstm_fusion\BoT-IoT_binary\checks\best_ep6_fusion_cnn_only_seed42.pt
[EPOCH 7/20] train_loss=0.000131 val_loss=0.000062 train_acc=0.999973 val_acc=0.999985 lr=0.0010 time=155.89s best_val=0.000077 patience_left=8
[CHECKPOINT] Saved best model at epoch 7 -> E:\HLC\data\outputs\cnn_lstm_fusion\BoT-IoT_binary\arch_ablation\cnn_lstm_fusion\BoT-IoT_binary\checks\best_ep7_fusion_cnn_only_seed42.pt
[EPOCH 8/20] train_loss=0.000100 val_loss=0.000068 train_acc=0.999973 val_acc=0.999979 lr=0.0010 time=155.20s best_val=0.000062 patience_left=8
[EPOCH 9/20] train_loss=0.000101 val_loss=0.000089 train_acc=0.999974 val_acc=0.999978 lr=0.0010 time=155.23s best_val=0.000062 patience_left=7
[EPOCH 10/20] train_loss=0.000095 val_loss=0.000102 train_acc=0.999974 val_acc=0.999973 lr=0.0010 time=155.96s best_val=0.000062 patience_left=6
[EPOCH 11/20] train_loss=0.000116 val_loss=0.000052 train_acc=0.999973 val_acc=0.999985 lr=0.0010 time=156.74s best_val=0.000062 patience_left=8
[CHECKPOINT] Saved best model at epoch 11 -> E:\HLC\data\outputs\cnn_lstm_fusion\BoT-IoT_binary\arch_ablation\cnn_lstm_fusion\BoT-IoT_binary\checks\best_ep11_fusion_cnn_only_seed42.pt
[EPOCH 12/20] train_loss=0.000134 val_loss=0.000097 train_acc=0.999975 val_acc=0.999960 lr=0.0010 time=155.52s best_val=0.000052 patience_left=8
[EPOCH 13/20] train_loss=0.000093 val_loss=0.000097 train_acc=0.999973 val_acc=0.999951 lr=0.0010 time=155.56s best_val=0.000052 patience_left=7
[EPOCH 14/20] train_loss=0.000108 val_loss=0.000132 train_acc=0.999972 val_acc=0.999981 lr=0.0010 time=156.65s best_val=0.000052 patience_left=6
[EPOCH 15/20] train_loss=0.000131 val_loss=0.000057 train_acc=0.999973 val_acc=0.999987 lr=0.0010 time=155.42s best_val=0.000052 patience_left=5
[EPOCH 16/20] train_loss=0.000110 val_loss=0.000091 train_acc=0.999974 val_acc=0.999985 lr=0.0010 time=155.03s best_val=0.000052 patience_left=4
[EPOCH 17/20] train_loss=0.000091 val_loss=0.000054 train_acc=0.999975 val_acc=0.999985 lr=0.0010 time=156.71s best_val=0.000052 patience_left=3
[EPOCH 18/20] train_loss=0.000108 val_loss=0.000076 train_acc=0.999972 val_acc=0.999977 lr=0.0010 time=157.24s best_val=0.000052 patience_left=2
[EPOCH 19/20] train_loss=0.000105 val_loss=0.000095 train_acc=0.999973 val_acc=0.999978 lr=0.0010 time=157.16s best_val=0.000052 patience_left=1
[EARLY-STOP] No improvement after 8 epochs. Stopping.

[ARCH ABLATION] Evaluating Variant: BiLSTM Branch Only
[TRAIN] Dataset=BoT-IoT_binary | Classes=2 | InputDim=28 | Seed=42
[TRAIN] Model=Fusion (CNN+LSTM) | Params=172,930 | Device=cuda | Batch=256 | LR=0.001
[TRAIN] Epochs=20 | EarlyStop=8 | Optim=AdamW | Loss=CrossEntropy
[EPOCH 1/20] train_loss=0.001269 val_loss=0.000134 train_acc=0.999945 val_acc=0.999951 lr=0.0010 time=166.32s best_val=inf patience_left=8
[CHECKPOINT] Saved best model at epoch 1 -> E:\HLC\data\outputs\cnn_lstm_fusion\BoT-IoT_binary\arch_ablation\cnn_lstm_fusion\BoT-IoT_binary\checks\best_ep1_fusion_lstm_only_seed42.pt
[EPOCH 2/20] train_loss=0.000136 val_loss=0.000136 train_acc=0.999962 val_acc=0.999935 lr=0.0010 time=167.98s best_val=0.000134 patience_left=8
[EPOCH 3/20] train_loss=0.000120 val_loss=0.000105 train_acc=0.999966 val_acc=0.999973 lr=0.0010 time=166.00s best_val=0.000134 patience_left=8
[CHECKPOINT] Saved best model at epoch 3 -> E:\HLC\data\outputs\cnn_lstm_fusion\BoT-IoT_binary\arch_ablation\cnn_lstm_fusion\BoT-IoT_binary\checks\best_ep3_fusion_lstm_only_seed42.pt
[EPOCH 4/20] train_loss=0.000125 val_loss=0.000088 train_acc=0.999970 val_acc=0.999983 lr=0.0010 time=166.59s best_val=0.000105 patience_left=8
[CHECKPOINT] Saved best model at epoch 4 -> E:\HLC\data\outputs\cnn_lstm_fusion\BoT-IoT_binary\arch_ablation\cnn_lstm_fusion\BoT-IoT_binary\checks\best_ep4_fusion_lstm_only_seed42.pt
[EPOCH 5/20] train_loss=0.000122 val_loss=0.000134 train_acc=0.999971 val_acc=0.999963 lr=0.0010 time=168.23s best_val=0.000088 patience_left=8
[EPOCH 6/20] train_loss=0.000126 val_loss=0.000110 train_acc=0.999971 val_acc=0.999981 lr=0.0010 time=166.78s best_val=0.000088 patience_left=7
[EPOCH 7/20] train_loss=0.000127 val_loss=0.000104 train_acc=0.999970 val_acc=0.999944 lr=0.0010 time=164.03s best_val=0.000088 patience_left=6
[EPOCH 8/20] train_loss=0.000117 val_loss=0.000116 train_acc=0.999970 val_acc=0.999957 lr=0.0010 time=172.86s best_val=0.000088 patience_left=5
[EPOCH 9/20] train_loss=0.000127 val_loss=0.000081 train_acc=0.999969 val_acc=0.999981 lr=0.0010 time=173.97s best_val=0.000088 patience_left=8
[CHECKPOINT] Saved best model at epoch 9 -> E:\HLC\data\outputs\cnn_lstm_fusion\BoT-IoT_binary\arch_ablation\cnn_lstm_fusion\BoT-IoT_binary\checks\best_ep9_fusion_lstm_only_seed42.pt
[EPOCH 10/20] train_loss=0.000117 val_loss=0.000087 train_acc=0.999971 val_acc=0.999981 lr=0.0010 time=174.39s best_val=0.000081 patience_left=8
[EPOCH 11/20] train_loss=0.000124 val_loss=0.000059 train_acc=0.999970 val_acc=0.999987 lr=0.0010 time=171.14s best_val=0.000081 patience_left=8
[CHECKPOINT] Saved best model at epoch 11 -> E:\HLC\data\outputs\cnn_lstm_fusion\BoT-IoT_binary\arch_ablation\cnn_lstm_fusion\BoT-IoT_binary\checks\best_ep11_fusion_lstm_only_seed42.pt
[EPOCH 12/20] train_loss=0.000117 val_loss=0.000208 train_acc=0.999972 val_acc=0.999944 lr=0.0010 time=172.47s best_val=0.000059 patience_left=8
[EPOCH 13/20] train_loss=0.000119 val_loss=0.000162 train_acc=0.999972 val_acc=0.999943 lr=0.0010 time=172.92s best_val=0.000059 patience_left=7
[EPOCH 14/20] train_loss=0.000125 val_loss=0.000084 train_acc=0.999970 val_acc=0.999981 lr=0.0010 time=166.09s best_val=0.000059 patience_left=6
[EPOCH 15/20] train_loss=0.000106 val_loss=0.000058 train_acc=0.999974 val_acc=0.999985 lr=0.0010 time=163.66s best_val=0.000059 patience_left=5
[EPOCH 16/20] train_loss=0.000122 val_loss=0.000094 train_acc=0.999971 val_acc=0.999980 lr=0.0010 time=164.42s best_val=0.000059 patience_left=4
[EPOCH 17/20] train_loss=0.000120 val_loss=0.000087 train_acc=0.999970 val_acc=0.999982 lr=0.0010 time=164.97s best_val=0.000059 patience_left=3
[EPOCH 18/20] train_loss=0.000117 val_loss=0.000082 train_acc=0.999971 val_acc=0.999980 lr=0.0010 time=164.44s best_val=0.000059 patience_left=2
[EPOCH 19/20] train_loss=0.000124 val_loss=0.000097 train_acc=0.999968 val_acc=0.999979 lr=0.0010 time=163.37s best_val=0.000059 patience_left=1
[EARLY-STOP] No improvement after 8 epochs. Stopping.

[ARCH ABLATION] Evaluating Variant: Fusion (w/o Attention Gating)
[TRAIN] Dataset=BoT-IoT_binary | Classes=2 | InputDim=28 | Seed=42
[TRAIN] Model=Fusion (CNN+LSTM) | Params=172,930 | Device=cuda | Batch=256 | LR=0.001
[TRAIN] Epochs=20 | EarlyStop=8 | Optim=AdamW | Loss=CrossEntropy
[EPOCH 1/20] train_loss=0.000378 val_loss=0.000232 train_acc=0.999933 val_acc=0.999937 lr=0.0010 time=182.85s best_val=inf patience_left=8
[CHECKPOINT] Saved best model at epoch 1 -> E:\HLC\data\outputs\cnn_lstm_fusion\BoT-IoT_binary\arch_ablation\cnn_lstm_fusion\BoT-IoT_binary\checks\best_ep1_fusion_no_gating_seed42.pt
[EPOCH 2/20] train_loss=0.000174 val_loss=0.000137 train_acc=0.999962 val_acc=0.999965 lr=0.0010 time=180.89s best_val=0.000232 patience_left=8
[CHECKPOINT] Saved best model at epoch 2 -> E:\HLC\data\outputs\cnn_lstm_fusion\BoT-IoT_binary\arch_ablation\cnn_lstm_fusion\BoT-IoT_binary\checks\best_ep2_fusion_no_gating_seed42.pt
[EPOCH 3/20] train_loss=0.000142 val_loss=0.000150 train_acc=0.999964 val_acc=0.999973 lr=0.0010 time=180.96s best_val=0.000137 patience_left=8
[EPOCH 4/20] train_loss=0.000136 val_loss=0.000072 train_acc=0.999970 val_acc=0.999981 lr=0.0010 time=183.83s best_val=0.000137 patience_left=8
[CHECKPOINT] Saved best model at epoch 4 -> E:\HLC\data\outputs\cnn_lstm_fusion\BoT-IoT_binary\arch_ablation\cnn_lstm_fusion\BoT-IoT_binary\checks\best_ep4_fusion_no_gating_seed42.pt
[EPOCH 5/20] train_loss=0.000147 val_loss=0.000474 train_acc=0.999967 val_acc=0.999941 lr=0.0010 time=182.47s best_val=0.000072 patience_left=8
[EPOCH 6/20] train_loss=0.000141 val_loss=0.000084 train_acc=0.999967 val_acc=0.999979 lr=0.0010 time=182.82s best_val=0.000072 patience_left=7
[EPOCH 7/20] train_loss=0.000146 val_loss=0.000059 train_acc=0.999964 val_acc=0.999984 lr=0.0010 time=185.10s best_val=0.000072 patience_left=8
[CHECKPOINT] Saved best model at epoch 7 -> E:\HLC\data\outputs\cnn_lstm_fusion\BoT-IoT_binary\arch_ablation\cnn_lstm_fusion\BoT-IoT_binary\checks\best_ep7_fusion_no_gating_seed42.pt
[EPOCH 8/20] train_loss=0.000136 val_loss=0.000336 train_acc=0.999968 val_acc=0.999891 lr=0.0010 time=193.33s best_val=0.000059 patience_left=8
[EPOCH 9/20] train_loss=0.000133 val_loss=0.000091 train_acc=0.999958 val_acc=0.999983 lr=0.0010 time=193.07s best_val=0.000059 patience_left=7
[EPOCH 10/20] train_loss=0.000129 val_loss=0.000070 train_acc=0.999965 val_acc=0.999983 lr=0.0010 time=194.57s best_val=0.000059 patience_left=6
[EPOCH 11/20] train_loss=0.000137 val_loss=0.000070 train_acc=0.999969 val_acc=0.999980 lr=0.0010 time=188.31s best_val=0.000059 patience_left=5
[EPOCH 12/20] train_loss=0.000134 val_loss=0.000089 train_acc=0.999962 val_acc=0.999969 lr=0.0010 time=182.26s best_val=0.000059 patience_left=4
[EPOCH 13/20] train_loss=0.000118 val_loss=0.000166 train_acc=0.999968 val_acc=0.999919 lr=0.0010 time=181.65s best_val=0.000059 patience_left=3
[EPOCH 14/20] train_loss=0.000132 val_loss=0.000096 train_acc=0.999960 val_acc=0.999977 lr=0.0010 time=182.47s best_val=0.000059 patience_left=2
[EPOCH 15/20] train_loss=0.000139 val_loss=0.000091 train_acc=0.999964 val_acc=0.999984 lr=0.0010 time=185.90s best_val=0.000059 patience_left=1
[EARLY-STOP] No improvement after 8 epochs. Stopping.

[ARCH ABLATION] Evaluating Variant: Full Proposed Framework
[TRAIN] Dataset=BoT-IoT_binary | Classes=2 | InputDim=28 | Seed=42
[TRAIN] Model=Fusion (CNN+LSTM) | Params=172,930 | Device=cuda | Batch=256 | LR=0.001
[TRAIN] Epochs=20 | EarlyStop=8 | Optim=AdamW | Loss=CrossEntropy
[EPOCH 1/20] train_loss=0.000802 val_loss=0.000141 train_acc=0.999945 val_acc=0.999957 lr=0.0010 time=227.67s best_val=inf patience_left=8
[CHECKPOINT] Saved best model at epoch 1 -> E:\HLC\data\outputs\cnn_lstm_fusion\BoT-IoT_binary\arch_ablation\cnn_lstm_fusion\BoT-IoT_binary\checks\best_ep1_fusion_seed42.pt
[EPOCH 2/20] train_loss=0.000145 val_loss=0.000097 train_acc=0.999961 val_acc=0.999967 lr=0.0010 time=235.76s best_val=0.000141 patience_left=8
[CHECKPOINT] Saved best model at epoch 2 -> E:\HLC\data\outputs\cnn_lstm_fusion\BoT-IoT_binary\arch_ablation\cnn_lstm_fusion\BoT-IoT_binary\checks\best_ep2_fusion_seed42.pt
[EPOCH 3/20] train_loss=0.000112 val_loss=0.000087 train_acc=0.999968 val_acc=0.999961 lr=0.0010 time=208.75s best_val=0.000097 patience_left=8
[CHECKPOINT] Saved best model at epoch 3 -> E:\HLC\data\outputs\cnn_lstm_fusion\BoT-IoT_binary\arch_ablation\cnn_lstm_fusion\BoT-IoT_binary\checks\best_ep3_fusion_seed42.pt
[EPOCH 4/20] train_loss=0.000105 val_loss=0.000067 train_acc=0.999969 val_acc=0.999983 lr=0.0010 time=202.74s best_val=0.000087 patience_left=8
[CHECKPOINT] Saved best model at epoch 4 -> E:\HLC\data\outputs\cnn_lstm_fusion\BoT-IoT_binary\arch_ablation\cnn_lstm_fusion\BoT-IoT_binary\checks\best_ep4_fusion_seed42.pt
[EPOCH 5/20] train_loss=0.000112 val_loss=0.000088 train_acc=0.999970 val_acc=0.999983 lr=0.0010 time=197.34s best_val=0.000067 patience_left=8
[EPOCH 6/20] train_loss=0.000104 val_loss=0.000087 train_acc=0.999969 val_acc=0.999974 lr=0.0010 time=197.18s best_val=0.000067 patience_left=7
[EPOCH 7/20] train_loss=0.000112 val_loss=0.000068 train_acc=0.999970 val_acc=0.999977 lr=0.0010 time=197.95s best_val=0.000067 patience_left=6
[EPOCH 8/20] train_loss=0.000100 val_loss=0.000140 train_acc=0.999973 val_acc=0.999960 lr=0.0010 time=198.70s best_val=0.000067 patience_left=5
[EPOCH 9/20] train_loss=0.000107 val_loss=0.000080 train_acc=0.999971 val_acc=0.999981 lr=0.0010 time=198.59s best_val=0.000067 patience_left=4
[EPOCH 10/20] train_loss=0.000099 val_loss=0.000109 train_acc=0.999971 val_acc=0.999980 lr=0.0010 time=197.95s best_val=0.000067 patience_left=3
[EPOCH 11/20] train_loss=0.000118 val_loss=0.000060 train_acc=0.999971 val_acc=0.999982 lr=0.0010 time=198.39s best_val=0.000067 patience_left=8
[CHECKPOINT] Saved best model at epoch 11 -> E:\HLC\data\outputs\cnn_lstm_fusion\BoT-IoT_binary\arch_ablation\cnn_lstm_fusion\BoT-IoT_binary\checks\best_ep11_fusion_seed42.pt
[EPOCH 12/20] train_loss=0.000108 val_loss=0.000115 train_acc=0.999971 val_acc=0.999956 lr=0.0010 time=196.50s best_val=0.000060 patience_left=8
[EPOCH 13/20] train_loss=0.000097 val_loss=0.000105 train_acc=0.999970 val_acc=0.999969 lr=0.0010 time=197.60s best_val=0.000060 patience_left=7
[EPOCH 14/20] train_loss=0.000105 val_loss=0.000112 train_acc=0.999969 val_acc=0.999978 lr=0.0010 time=199.02s best_val=0.000060 patience_left=6
[EPOCH 15/20] train_loss=0.000111 val_loss=0.000072 train_acc=0.999970 val_acc=0.999983 lr=0.0010 time=202.39s best_val=0.000060 patience_left=5
[EPOCH 16/20] train_loss=0.000101 val_loss=0.000111 train_acc=0.999971 val_acc=0.999973 lr=0.0010 time=204.26s best_val=0.000060 patience_left=4
[EPOCH 17/20] train_loss=0.000108 val_loss=0.000162 train_acc=0.999972 val_acc=0.999968 lr=0.0010 time=206.39s best_val=0.000060 patience_left=3
[EPOCH 18/20] train_loss=0.000105 val_loss=0.000081 train_acc=0.999972 val_acc=0.999979 lr=0.0010 time=200.18s best_val=0.000060 patience_left=2
[EPOCH 19/20] train_loss=0.000094 val_loss=0.000073 train_acc=0.999972 val_acc=0.999980 lr=0.0010 time=199.53s best_val=0.000060 patience_left=1
[EARLY-STOP] No improvement after 8 epochs. Stopping.

[ARCH ABLATION COMPLETE] Summary saved to E:\HLC\data\outputs\cnn_lstm_fusion\BoT-IoT_binary\arch_ablation\architectural_ablation_summary.json
[DONE] Architectural ablation results saved to E:\HLC\data\outputs\cnn_lstm_fusion\BoT-IoT_binary\arch_ablation

==================== IDS EXPERIMENT CLI ====================
(1) Load & split dataset (persist)
(2) Load existing split (validate)
(3) Visualize features (EPS)
(4) Train model (save ckpt + curves + history CSV)
(5) Evaluate & plot performance (EPS + CSV/JSON)
(6) XAI (SHAP/LIME/ANOVA)
(7) Feature Ablation (user-selected feature subset)
(8) Architectural Ablation (CNN, BiLSTM, Fusion w/o Gating, Full)
(9) Evaluate (explicit)
(10) Inference (load_model → predict live CSV)
(q) Quit
============================================================

Select option: 8

[8] Architectural Ablation Study (CNN, BiLSTM, Fusion w/o Gating, Full Proposed Model)
Available splits: ['Apose-IoT-23_binary', 'Apose-IoT-23_multiclass', 'BoT-IoT_binary', 'BoT-IoT_multiclass', 'CIC-IoMT-2024_binary', 'CIC-IoMT-2024_multiclass', 'CIC-IoT-2025_binary', 'CIC-IoT-2025_multiclass']
Split key: BoT-IoT_multiclass

[ARCH ABLATION] Evaluating Variant: CNN Branch Only
[TRAIN] Dataset=BoT-IoT_multiclass | Classes=8 | InputDim=28 | Seed=42
[TRAIN] Model=Fusion (CNN+LSTM) | Params=173,320 | Device=cuda | Batch=256 | LR=0.001
[TRAIN] Epochs=20 | EarlyStop=8 | Optim=AdamW | Loss=CrossEntropy
[EPOCH 1/20] train_loss=0.017566 val_loss=0.011471 train_acc=0.992530 val_acc=0.995743 lr=0.0010 time=155.65s best_val=inf patience_left=8
[CHECKPOINT] Saved best model at epoch 1 -> E:\HLC\data\outputs\cnn_lstm_fusion\BoT-IoT_multiclass\arch_ablation\cnn_lstm_fusion\BoT-IoT_multiclass\checks\best_ep1_fusion_cnn_only_seed42.pt
[EPOCH 2/20] train_loss=0.008589 val_loss=0.007050 train_acc=0.996076 val_acc=0.996423 lr=0.0010 time=160.17s best_val=0.011471 patience_left=8
[CHECKPOINT] Saved best model at epoch 2 -> E:\HLC\data\outputs\cnn_lstm_fusion\BoT-IoT_multiclass\arch_ablation\cnn_lstm_fusion\BoT-IoT_multiclass\checks\best_ep2_fusion_cnn_only_seed42.pt
[EPOCH 3/20] train_loss=0.007704 val_loss=0.007002 train_acc=0.996566 val_acc=0.997010 lr=0.0010 time=154.27s best_val=0.007050 patience_left=8
[CHECKPOINT] Saved best model at epoch 3 -> E:\HLC\data\outputs\cnn_lstm_fusion\BoT-IoT_multiclass\arch_ablation\cnn_lstm_fusion\BoT-IoT_multiclass\checks\best_ep3_fusion_cnn_only_seed42.pt
[EPOCH 4/20] train_loss=0.007295 val_loss=0.006804 train_acc=0.996796 val_acc=0.996921 lr=0.0010 time=152.06s best_val=0.007002 patience_left=8
[CHECKPOINT] Saved best model at epoch 4 -> E:\HLC\data\outputs\cnn_lstm_fusion\BoT-IoT_multiclass\arch_ablation\cnn_lstm_fusion\BoT-IoT_multiclass\checks\best_ep4_fusion_cnn_only_seed42.pt
[EPOCH 5/20] train_loss=0.007060 val_loss=0.006381 train_acc=0.996918 val_acc=0.997076 lr=0.0010 time=153.88s best_val=0.006804 patience_left=8
[CHECKPOINT] Saved best model at epoch 5 -> E:\HLC\data\outputs\cnn_lstm_fusion\BoT-IoT_multiclass\arch_ablation\cnn_lstm_fusion\BoT-IoT_multiclass\checks\best_ep5_fusion_cnn_only_seed42.pt
[EPOCH 6/20] train_loss=0.006970 val_loss=0.006306 train_acc=0.997021 val_acc=0.997103 lr=0.0010 time=154.15s best_val=0.006381 patience_left=8
[CHECKPOINT] Saved best model at epoch 6 -> E:\HLC\data\outputs\cnn_lstm_fusion\BoT-IoT_multiclass\arch_ablation\cnn_lstm_fusion\BoT-IoT_multiclass\checks\best_ep6_fusion_cnn_only_seed42.pt
[EPOCH 7/20] train_loss=0.006782 val_loss=0.006704 train_acc=0.997093 val_acc=0.997387 lr=0.0010 time=155.62s best_val=0.006306 patience_left=8
[EPOCH 8/20] train_loss=0.006689 val_loss=0.007460 train_acc=0.997178 val_acc=0.996949 lr=0.0010 time=156.66s best_val=0.006306 patience_left=7
[EPOCH 9/20] train_loss=0.006774 val_loss=0.006866 train_acc=0.997151 val_acc=0.997140 lr=0.0010 time=154.48s best_val=0.006306 patience_left=6
[EPOCH 10/20] train_loss=0.006571 val_loss=0.006485 train_acc=0.997200 val_acc=0.997301 lr=0.0010 time=151.38s best_val=0.006306 patience_left=5
[EPOCH 11/20] train_loss=0.006668 val_loss=0.006793 train_acc=0.997185 val_acc=0.997268 lr=0.0010 time=151.85s best_val=0.006306 patience_left=4
[EPOCH 12/20] train_loss=0.006505 val_loss=0.006127 train_acc=0.997201 val_acc=0.997385 lr=0.0010 time=151.95s best_val=0.006306 patience_left=8
[CHECKPOINT] Saved best model at epoch 12 -> E:\HLC\data\outputs\cnn_lstm_fusion\BoT-IoT_multiclass\arch_ablation\cnn_lstm_fusion\BoT-IoT_multiclass\checks\best_ep12_fusion_cnn_only_seed42.pt
[EPOCH 13/20] train_loss=0.006520 val_loss=0.006307 train_acc=0.997197 val_acc=0.997291 lr=0.0010 time=151.68s best_val=0.006127 patience_left=8
[EPOCH 14/20] train_loss=0.006465 val_loss=0.006163 train_acc=0.997239 val_acc=0.997347 lr=0.0010 time=151.74s best_val=0.006127 patience_left=7
[EPOCH 15/20] train_loss=0.006489 val_loss=0.006484 train_acc=0.997251 val_acc=0.997223 lr=0.0010 time=153.46s best_val=0.006127 patience_left=6
[EPOCH 16/20] train_loss=0.006451 val_loss=0.006639 train_acc=0.997252 val_acc=0.997175 lr=0.0010 time=153.27s best_val=0.006127 patience_left=5
[EPOCH 17/20] train_loss=0.006409 val_loss=0.006114 train_acc=0.997276 val_acc=0.997327 lr=0.0010 time=153.85s best_val=0.006127 patience_left=8
[CHECKPOINT] Saved best model at epoch 17 -> E:\HLC\data\outputs\cnn_lstm_fusion\BoT-IoT_multiclass\arch_ablation\cnn_lstm_fusion\BoT-IoT_multiclass\checks\best_ep17_fusion_cnn_only_seed42.pt
[EPOCH 18/20] train_loss=0.006360 val_loss=0.005959 train_acc=0.997274 val_acc=0.997316 lr=0.0010 time=154.22s best_val=0.006114 patience_left=8
[CHECKPOINT] Saved best model at epoch 18 -> E:\HLC\data\outputs\cnn_lstm_fusion\BoT-IoT_multiclass\arch_ablation\cnn_lstm_fusion\BoT-IoT_multiclass\checks\best_ep18_fusion_cnn_only_seed42.pt
[EPOCH 19/20] train_loss=0.006461 val_loss=0.007133 train_acc=0.997293 val_acc=0.997158 lr=0.0010 time=152.46s best_val=0.005959 patience_left=8
[EPOCH 20/20] train_loss=0.006371 val_loss=0.005859 train_acc=0.997273 val_acc=0.997339 lr=0.0010 time=153.50s best_val=0.005959 patience_left=8
[CHECKPOINT] Saved best model at epoch 20 -> E:\HLC\data\outputs\cnn_lstm_fusion\BoT-IoT_multiclass\arch_ablation\cnn_lstm_fusion\BoT-IoT_multiclass\checks\best_ep20_fusion_cnn_only_seed42.pt

[ARCH ABLATION] Evaluating Variant: BiLSTM Branch Only
[TRAIN] Dataset=BoT-IoT_multiclass | Classes=8 | InputDim=28 | Seed=42
[TRAIN] Model=Fusion (CNN+LSTM) | Params=173,320 | Device=cuda | Batch=256 | LR=0.001
[TRAIN] Epochs=20 | EarlyStop=8 | Optim=AdamW | Loss=CrossEntropy
[EPOCH 1/20] train_loss=0.016227 val_loss=0.007172 train_acc=0.993338 val_acc=0.996803 lr=0.0010 time=159.20s best_val=inf patience_left=8
[CHECKPOINT] Saved best model at epoch 1 -> E:\HLC\data\outputs\cnn_lstm_fusion\BoT-IoT_multiclass\arch_ablation\cnn_lstm_fusion\BoT-IoT_multiclass\checks\best_ep1_fusion_lstm_only_seed42.pt
[EPOCH 2/20] train_loss=0.007158 val_loss=0.007057 train_acc=0.996754 val_acc=0.996773 lr=0.0010 time=161.14s best_val=0.007172 patience_left=8
[CHECKPOINT] Saved best model at epoch 2 -> E:\HLC\data\outputs\cnn_lstm_fusion\BoT-IoT_multiclass\arch_ablation\cnn_lstm_fusion\BoT-IoT_multiclass\checks\best_ep2_fusion_lstm_only_seed42.pt
[EPOCH 3/20] train_loss=0.006650 val_loss=0.005934 train_acc=0.997064 val_acc=0.997454 lr=0.0010 time=162.04s best_val=0.007057 patience_left=8
[CHECKPOINT] Saved best model at epoch 3 -> E:\HLC\data\outputs\cnn_lstm_fusion\BoT-IoT_multiclass\arch_ablation\cnn_lstm_fusion\BoT-IoT_multiclass\checks\best_ep3_fusion_lstm_only_seed42.pt
[EPOCH 4/20] train_loss=0.006384 val_loss=0.005755 train_acc=0.997206 val_acc=0.997407 lr=0.0010 time=160.90s best_val=0.005934 patience_left=8
[CHECKPOINT] Saved best model at epoch 4 -> E:\HLC\data\outputs\cnn_lstm_fusion\BoT-IoT_multiclass\arch_ablation\cnn_lstm_fusion\BoT-IoT_multiclass\checks\best_ep4_fusion_lstm_only_seed42.pt
[EPOCH 5/20] train_loss=0.006195 val_loss=0.006690 train_acc=0.997300 val_acc=0.997287 lr=0.0010 time=159.73s best_val=0.005755 patience_left=8
[EPOCH 6/20] train_loss=0.006035 val_loss=0.005433 train_acc=0.997384 val_acc=0.997567 lr=0.0010 time=160.12s best_val=0.005755 patience_left=8
[CHECKPOINT] Saved best model at epoch 6 -> E:\HLC\data\outputs\cnn_lstm_fusion\BoT-IoT_multiclass\arch_ablation\cnn_lstm_fusion\BoT-IoT_multiclass\checks\best_ep6_fusion_lstm_only_seed42.pt
[EPOCH 7/20] train_loss=0.005953 val_loss=0.005393 train_acc=0.997437 val_acc=0.997714 lr=0.0010 time=161.35s best_val=0.005433 patience_left=8
[CHECKPOINT] Saved best model at epoch 7 -> E:\HLC\data\outputs\cnn_lstm_fusion\BoT-IoT_multiclass\arch_ablation\cnn_lstm_fusion\BoT-IoT_multiclass\checks\best_ep7_fusion_lstm_only_seed42.pt
[EPOCH 8/20] train_loss=0.005895 val_loss=0.005405 train_acc=0.997468 val_acc=0.997579 lr=0.0010 time=158.94s best_val=0.005393 patience_left=8
[EPOCH 9/20] train_loss=0.005842 val_loss=0.005407 train_acc=0.997489 val_acc=0.997626 lr=0.0010 time=158.47s best_val=0.005393 patience_left=7
[EPOCH 10/20] train_loss=0.005812 val_loss=0.006489 train_acc=0.997493 val_acc=0.997531 lr=0.0010 time=160.72s best_val=0.005393 patience_left=6
[EPOCH 11/20] train_loss=0.005775 val_loss=0.005562 train_acc=0.997501 val_acc=0.997563 lr=0.0010 time=160.27s best_val=0.005393 patience_left=5
[EPOCH 12/20] train_loss=0.005748 val_loss=0.005537 train_acc=0.997520 val_acc=0.997549 lr=0.0010 time=159.04s best_val=0.005393 patience_left=4
[EPOCH 13/20] train_loss=0.005749 val_loss=0.005501 train_acc=0.997522 val_acc=0.997622 lr=0.0010 time=159.46s best_val=0.005393 patience_left=3
[EPOCH 14/20] train_loss=0.005729 val_loss=0.005266 train_acc=0.997535 val_acc=0.997687 lr=0.0010 time=159.49s best_val=0.005393 patience_left=8
[CHECKPOINT] Saved best model at epoch 14 -> E:\HLC\data\outputs\cnn_lstm_fusion\BoT-IoT_multiclass\arch_ablation\cnn_lstm_fusion\BoT-IoT_multiclass\checks\best_ep14_fusion_lstm_only_seed42.pt
[EPOCH 15/20] train_loss=0.005723 val_loss=0.005583 train_acc=0.997528 val_acc=0.997551 lr=0.0010 time=161.30s best_val=0.005266 patience_left=8
[EPOCH 16/20] train_loss=0.005693 val_loss=0.005906 train_acc=0.997551 val_acc=0.997563 lr=0.0010 time=160.03s best_val=0.005266 patience_left=7
[EPOCH 17/20] train_loss=0.005681 val_loss=0.005851 train_acc=0.997545 val_acc=0.997531 lr=0.0010 time=160.70s best_val=0.005266 patience_left=6
[EPOCH 18/20] train_loss=0.005650 val_loss=0.005298 train_acc=0.997552 val_acc=0.997649 lr=0.0010 time=161.98s best_val=0.005266 patience_left=5
[EPOCH 19/20] train_loss=0.005685 val_loss=0.005500 train_acc=0.997556 val_acc=0.997463 lr=0.0010 time=160.46s best_val=0.005266 patience_left=4
[EPOCH 20/20] train_loss=0.005640 val_loss=0.005779 train_acc=0.997563 val_acc=0.997423 lr=0.0010 time=160.70s best_val=0.005266 patience_left=3

[ARCH ABLATION] Evaluating Variant: Fusion (w/o Attention Gating)
[TRAIN] Dataset=BoT-IoT_multiclass | Classes=8 | InputDim=28 | Seed=42
[TRAIN] Model=Fusion (CNN+LSTM) | Params=173,320 | Device=cuda | Batch=256 | LR=0.001
[TRAIN] Epochs=20 | EarlyStop=8 | Optim=AdamW | Loss=CrossEntropy
[EPOCH 1/20] train_loss=0.010638 val_loss=0.007105 train_acc=0.995319 val_acc=0.996696 lr=0.0010 time=181.59s best_val=inf patience_left=8
[CHECKPOINT] Saved best model at epoch 1 -> E:\HLC\data\outputs\cnn_lstm_fusion\BoT-IoT_multiclass\arch_ablation\cnn_lstm_fusion\BoT-IoT_multiclass\checks\best_ep1_fusion_no_gating_seed42.pt
[EPOCH 2/20] train_loss=0.007263 val_loss=0.007217 train_acc=0.996751 val_acc=0.996883 lr=0.0010 time=182.03s best_val=0.007105 patience_left=8
[EPOCH 3/20] train_loss=0.006745 val_loss=0.006063 train_acc=0.997068 val_acc=0.997258 lr=0.0010 time=180.69s best_val=0.007105 patience_left=8
[CHECKPOINT] Saved best model at epoch 3 -> E:\HLC\data\outputs\cnn_lstm_fusion\BoT-IoT_multiclass\arch_ablation\cnn_lstm_fusion\BoT-IoT_multiclass\checks\best_ep3_fusion_no_gating_seed42.pt
[EPOCH 4/20] train_loss=0.006494 val_loss=0.006173 train_acc=0.997219 val_acc=0.997335 lr=0.0010 time=181.86s best_val=0.006063 patience_left=8
[EPOCH 5/20] train_loss=0.006345 val_loss=0.006458 train_acc=0.997275 val_acc=0.997085 lr=0.0010 time=181.04s best_val=0.006063 patience_left=7
[EPOCH 6/20] train_loss=0.006308 val_loss=0.005985 train_acc=0.997306 val_acc=0.997409 lr=0.0010 time=184.07s best_val=0.006063 patience_left=8
[CHECKPOINT] Saved best model at epoch 6 -> E:\HLC\data\outputs\cnn_lstm_fusion\BoT-IoT_multiclass\arch_ablation\cnn_lstm_fusion\BoT-IoT_multiclass\checks\best_ep6_fusion_no_gating_seed42.pt
[EPOCH 7/20] train_loss=0.006264 val_loss=0.006655 train_acc=0.997325 val_acc=0.997453 lr=0.0010 time=181.55s best_val=0.005985 patience_left=8
[EPOCH 8/20] train_loss=0.006188 val_loss=0.006148 train_acc=0.997324 val_acc=0.997303 lr=0.0010 time=180.73s best_val=0.005985 patience_left=7
[EPOCH 9/20] train_loss=0.006184 val_loss=0.005642 train_acc=0.997357 val_acc=0.997597 lr=0.0010 time=180.86s best_val=0.005985 patience_left=8
[CHECKPOINT] Saved best model at epoch 9 -> E:\HLC\data\outputs\cnn_lstm_fusion\BoT-IoT_multiclass\arch_ablation\cnn_lstm_fusion\BoT-IoT_multiclass\checks\best_ep9_fusion_no_gating_seed42.pt
[EPOCH 10/20] train_loss=0.006129 val_loss=0.005806 train_acc=0.997375 val_acc=0.997434 lr=0.0010 time=181.83s best_val=0.005642 patience_left=8
[EPOCH 11/20] train_loss=0.006097 val_loss=0.005943 train_acc=0.997378 val_acc=0.997291 lr=0.0010 time=182.83s best_val=0.005642 patience_left=7
[EPOCH 12/20] train_loss=0.006089 val_loss=0.005795 train_acc=0.997363 val_acc=0.997505 lr=0.0010 time=184.62s best_val=0.005642 patience_left=6
[EPOCH 13/20] train_loss=0.006077 val_loss=0.005701 train_acc=0.997378 val_acc=0.997493 lr=0.0010 time=178.29s best_val=0.005642 patience_left=5
[EPOCH 14/20] train_loss=0.006081 val_loss=0.005871 train_acc=0.997397 val_acc=0.997470 lr=0.0010 time=180.26s best_val=0.005642 patience_left=4
[EPOCH 15/20] train_loss=0.006087 val_loss=0.006113 train_acc=0.997382 val_acc=0.997363 lr=0.0010 time=179.24s best_val=0.005642 patience_left=3
[EPOCH 16/20] train_loss=0.006128 val_loss=0.006396 train_acc=0.997369 val_acc=0.997193 lr=0.0010 time=179.16s best_val=0.005642 patience_left=2
[EPOCH 17/20] train_loss=0.006065 val_loss=0.005897 train_acc=0.997378 val_acc=0.997380 lr=0.0010 time=178.30s best_val=0.005642 patience_left=1
[EARLY-STOP] No improvement after 8 epochs. Stopping.

[ARCH ABLATION] Evaluating Variant: Full Proposed Framework
[TRAIN] Dataset=BoT-IoT_multiclass | Classes=8 | InputDim=28 | Seed=42
[TRAIN] Model=Fusion (CNN+LSTM) | Params=173,320 | Device=cuda | Batch=256 | LR=0.001
[TRAIN] Epochs=20 | EarlyStop=8 | Optim=AdamW | Loss=CrossEntropy
[EPOCH 1/20] train_loss=0.014937 val_loss=0.008432 train_acc=0.993508 val_acc=0.996181 lr=0.0010 time=197.01s best_val=inf patience_left=8
[CHECKPOINT] Saved best model at epoch 1 -> E:\HLC\data\outputs\cnn_lstm_fusion\BoT-IoT_multiclass\arch_ablation\cnn_lstm_fusion\BoT-IoT_multiclass\checks\best_ep1_fusion_seed42.pt
[EPOCH 2/20] train_loss=0.007585 val_loss=0.007023 train_acc=0.996520 val_acc=0.996640 lr=0.0010 time=193.59s best_val=0.008432 patience_left=8
[CHECKPOINT] Saved best model at epoch 2 -> E:\HLC\data\outputs\cnn_lstm_fusion\BoT-IoT_multiclass\arch_ablation\cnn_lstm_fusion\BoT-IoT_multiclass\checks\best_ep2_fusion_seed42.pt
[EPOCH 3/20] train_loss=0.007061 val_loss=0.006285 train_acc=0.996862 val_acc=0.997246 lr=0.0010 time=192.45s best_val=0.007023 patience_left=8
[CHECKPOINT] Saved best model at epoch 3 -> E:\HLC\data\outputs\cnn_lstm_fusion\BoT-IoT_multiclass\arch_ablation\cnn_lstm_fusion\BoT-IoT_multiclass\checks\best_ep3_fusion_seed42.pt
[EPOCH 4/20] train_loss=0.006648 val_loss=0.006045 train_acc=0.997089 val_acc=0.997241 lr=0.0010 time=193.76s best_val=0.006285 patience_left=8
[CHECKPOINT] Saved best model at epoch 4 -> E:\HLC\data\outputs\cnn_lstm_fusion\BoT-IoT_multiclass\arch_ablation\cnn_lstm_fusion\BoT-IoT_multiclass\checks\best_ep4_fusion_seed42.pt
[EPOCH 5/20] train_loss=0.006472 val_loss=0.006243 train_acc=0.997173 val_acc=0.997095 lr=0.0010 time=193.85s best_val=0.006045 patience_left=8
[EPOCH 6/20] train_loss=0.006366 val_loss=0.006039 train_acc=0.997216 val_acc=0.997385 lr=0.0010 time=194.60s best_val=0.006045 patience_left=8
[CHECKPOINT] Saved best model at epoch 6 -> E:\HLC\data\outputs\cnn_lstm_fusion\BoT-IoT_multiclass\arch_ablation\cnn_lstm_fusion\BoT-IoT_multiclass\checks\best_ep6_fusion_seed42.pt
[EPOCH 7/20] train_loss=0.006325 val_loss=0.006371 train_acc=0.997263 val_acc=0.997133 lr=0.0010 time=196.77s best_val=0.006039 patience_left=8
[EPOCH 8/20] train_loss=0.006219 val_loss=0.005766 train_acc=0.997283 val_acc=0.997387 lr=0.0010 time=194.60s best_val=0.006039 patience_left=8
[CHECKPOINT] Saved best model at epoch 8 -> E:\HLC\data\outputs\cnn_lstm_fusion\BoT-IoT_multiclass\arch_ablation\cnn_lstm_fusion\BoT-IoT_multiclass\checks\best_ep8_fusion_seed42.pt
[EPOCH 9/20] train_loss=0.006176 val_loss=0.005537 train_acc=0.997315 val_acc=0.997548 lr=0.0010 time=194.80s best_val=0.005766 patience_left=8
[CHECKPOINT] Saved best model at epoch 9 -> E:\HLC\data\outputs\cnn_lstm_fusion\BoT-IoT_multiclass\arch_ablation\cnn_lstm_fusion\BoT-IoT_multiclass\checks\best_ep9_fusion_seed42.pt
[EPOCH 10/20] train_loss=0.006100 val_loss=0.005688 train_acc=0.997340 val_acc=0.997492 lr=0.0010 time=195.09s best_val=0.005537 patience_left=8
[EPOCH 11/20] train_loss=0.006002 val_loss=0.008027 train_acc=0.997392 val_acc=0.996493 lr=0.0010 time=196.84s best_val=0.005537 patience_left=7
[EPOCH 12/20] train_loss=0.005948 val_loss=0.005464 train_acc=0.997425 val_acc=0.997600 lr=0.0010 time=204.73s best_val=0.005537 patience_left=8
[CHECKPOINT] Saved best model at epoch 12 -> E:\HLC\data\outputs\cnn_lstm_fusion\BoT-IoT_multiclass\arch_ablation\cnn_lstm_fusion\BoT-IoT_multiclass\checks\best_ep12_fusion_seed42.pt
[EPOCH 13/20] train_loss=0.005990 val_loss=0.005319 train_acc=0.997421 val_acc=0.997659 lr=0.0010 time=197.50s best_val=0.005464 patience_left=8
[CHECKPOINT] Saved best model at epoch 13 -> E:\HLC\data\outputs\cnn_lstm_fusion\BoT-IoT_multiclass\arch_ablation\cnn_lstm_fusion\BoT-IoT_multiclass\checks\best_ep13_fusion_seed42.pt
[EPOCH 14/20] train_loss=0.005879 val_loss=0.005418 train_acc=0.997459 val_acc=0.997616 lr=0.0010 time=195.32s best_val=0.005319 patience_left=8
[EPOCH 15/20] train_loss=0.005844 val_loss=0.005663 train_acc=0.997478 val_acc=0.997421 lr=0.0010 time=208.99s best_val=0.005319 patience_left=7
[EPOCH 16/20] train_loss=0.005799 val_loss=0.005414 train_acc=0.997502 val_acc=0.997642 lr=0.0010 time=208.89s best_val=0.005319 patience_left=6
[EPOCH 17/20] train_loss=0.005801 val_loss=0.005530 train_acc=0.997492 val_acc=0.997467 lr=0.0010 time=224.98s best_val=0.005319 patience_left=5
[EPOCH 18/20] train_loss=0.005748 val_loss=0.005174 train_acc=0.997510 val_acc=0.997821 lr=0.0010 time=201.42s best_val=0.005319 patience_left=8
[CHECKPOINT] Saved best model at epoch 18 -> E:\HLC\data\outputs\cnn_lstm_fusion\BoT-IoT_multiclass\arch_ablation\cnn_lstm_fusion\BoT-IoT_multiclass\checks\best_ep18_fusion_seed42.pt
[EPOCH 19/20] train_loss=0.005776 val_loss=0.005570 train_acc=0.997518 val_acc=0.997487 lr=0.0010 time=209.24s best_val=0.005174 patience_left=8
[EPOCH 20/20] train_loss=0.005698 val_loss=0.005760 train_acc=0.997540 val_acc=0.997425 lr=0.0010 time=202.23s best_val=0.005174 patience_left=7

[ARCH ABLATION COMPLETE] Summary saved to E:\HLC\data\outputs\cnn_lstm_fusion\BoT-IoT_multiclass\arch_ablation\architectural_ablation_summary.json
[DONE] Architectural ablation results saved to E:\HLC\data\outputs\cnn_lstm_fusion\BoT-IoT_multiclass\arch_ablation

==================== IDS EXPERIMENT CLI ====================
(1) Load & split dataset (persist)
(2) Load existing split (validate)
(3) Visualize features (EPS)
(4) Train model (save ckpt + curves + history CSV)
(5) Evaluate & plot performance (EPS + CSV/JSON)
(6) XAI (SHAP/LIME/ANOVA)
(7) Feature Ablation (user-selected feature subset)
(8) Architectural Ablation (CNN, BiLSTM, Fusion w/o Gating, Full)
(9) Evaluate (explicit)
(10) Inference (load_model → predict live CSV)
(q) Quit
============================================================

Select option: q